id_caserne,no_caserne,adresse,nom_ssi,coord_x,coord_y
"1502","1","1150, boulevard Vézina, Dolbeau-Mistassini G8L3K9",SSI Dolbeau-Mistassini,-72.2371960125144,48.8750569251224
"1504","4","312, rue Édouard-Niquet, Péribonka G0W2G0",SSI Dolbeau-Mistassini,-72.0496908598834,48.7656947187248
"176","6",111 rue Béliveau Saint-Léonard-d'Aston  J0C1M0,SSI Saint-Léonard-d'Aston,-72.3710737834662,46.1056531337176
"153",St-Louis-Blandford,"80, rue Principale,  Saint-Louis-de-Blandford, Qc G0Z1B0",RIM-Incentraide (R4125),-72.0022224157782,46.2492522171141
"313","54",004 Errol Road Grosse-Ile  Îles-de-la-Madeleine Grosse-Île G4T6C5,SSI Les Îles-de-la-Madeleine,-61.4728364223101,47.6159734929752
"1507","4","193, rue Principale, Girardville G0W1R0",RIM-Le GÉANT (R4903),-72.5442171122378,49.0008100148267
"1452","8",8 Rue Brizard L'Île-du-Grand-Calumet J0X1J0,SSI Campbell's Bay et Litchfield,-76.6115337920978,45.7189913623888
"1441","19",1819 Rue Principale Duhamel J0V1G0,SSI Duhamel (Outaouais),-75.0806063738034,46.01907016696
"1582",Shef,"96, rue Raymond-Lemieux, Shefford, QC, J2M 1Y5",SSI Shefford,-72.6320102094516,45.3803379697182
"1517","43","357, 2e Rang, Saint-Charles-de-Bourget G0V1G0",SSI Saint-Charles-de-Bourget,-71.3977086309512,48.5176008629809
"1223","53","214 route 199, Grande-Entrée, QC G4T 7A7",SSI Les Îles-de-la-Madeleine,-61.5133102317044,47.5653933809598
"152","1",1060 boul.Ducharme  La Tuque G9X3C4,SSI La Tuque,-72.7843645663314,47.4215852737795
"1620","16","100, rue Royal, Les Coteaux, J7X 1A6",SSI Coteau-du-Lac,-74.223134382485,45.2692990046492
"1497","31","37, rue du Quai, Petit-Saguenay G0V1N0",Régie du Fjord,-70.0774887924422,48.2160518593048
"1234","43","411 Boulevard Industriel, Val-des-Sources (Qc)",SSI Val-des-Sources,-71.9368988645108,45.7631396238082
"1578","5","14 rue Principale Nord, Montcerf-Lytton J0W 1N0",SSI Montcerf-Lytton,-76.0436186381523,46.5392261013608
"1513","3","444, boulevard de l'Université Est, Saguenay G7H2M2",SSI Saguenay,-71.0568450156525,48.41755969249
"1524","1","1207, boulevard Saint-Félicien, Saint-Félicien G8K3H5",SSI Saint-Félicien,-72.4613959117158,48.6538883926811
"1546","56","690 	Route 199 (Havre-aux-Maisons) Les Îles-de-la-Madeleine G4T5A8",SSI Les Îles-de-la-Madeleine,-61.7871173831277,47.4065709745856
"1370","4",5260 Avenue Van Horne Montréal H3W1J9,SSI Montréal,-73.6416379375888,45.4899899438558
"459","17",100 Rue Françis St-Alexis-des-Monts Saint-Alexis-des-Monts J0K1V0,SSI Saint-Alexis-des-Monts,-73.1468007310092,46.4596840627152
"1536","6","82, rue Élie, Sainte-Hedwidge G0W2R0",SSI Roberval,-72.3638601312013,48.4823408164875
"1529","2","315, rue de l'Église, Saint-François-de-Sales G0W1M0",SSI Roberval,-72.1273682009706,48.3241508010442
"1235","47","44 Daniel-Johnson, Danville (Qc)",SSI Danville,-72.0164978987265,45.7848743342422
"399","55","1, rue des Érables  Saint-Aubert G0R 2R0",SSI Saint-Aubert,-70.2096864767123,47.1775403059103
"1461","3",1177 Route 315 L'Ange-Gardien J8L0L4,SSI L'Ange-Gardien (Région 7),-75.3967772353496,45.6087005782861
"378","10",1067 principale Petite-Rivière-Saint-François Petite-Rivière-Saint-François G0A2L0,SSI Petite-Rivière-Saint-François,-70.5682016944487,47.3019867285937
"500","60","101, rue de la Plage, Saint-Alphonse-Rodriguez J0K1W0",SSI Saint-Alphonse-Rodriguez,-73.6896516909927,46.1860808771566
"135","8",100 rue Paquin Portneuf Portneuf G0A2Y0,Régie portneuvoise (REPPI),-71.8865419903227,46.6959677914043
"367","13",47 chemin de la Traverse Isle-aux-Coudres L'Isle-aux-Coudres G0A3J0,SSI L'Isle-aux-Coudres,-70.3806819459096,47.4179652742314
"391","13",2 rue Roy Sainte-Rose-de-Watford G0R 4G0,SSI Sainte-Rose-de-Watford,-70.4284437111864,46.3205265027769
"87","5",100 rue  Commerciale  Tring-Jonction G0N 1X0,RIM-SSI Tring-Jonction,-70.9942640650808,46.2710498774076
"1567","9",1240 route 158 Saint-Thomas J0K 3L0,SSI Saint-Charles-Borromée,-73.3416899866168,46.0175826779838
"1301","6","781 1ere rue Ouest, Barraute J0Y1A0",SSI Barraute,-77.6377225028883,48.4423646833782
"656","25","6528, rue Morin, Val-Morin, QC J0T2R0",Régie des Monts,-74.1967193964697,46.0087911615851
"523","57","30, route du Lac-Rond Nord, Montcalm, Qc J0T2V0",SSI Mont-Tremblant,-74.5463371400375,45.9420172833537
"631","19","121, montée de Verchères, Saint-Marc-sur-Richelieu J0L2E0",SSI Saint-Marc-sur-Richelieu,-73.1957559040912,45.6772947930974
"511","46",103 Principale Saint-Georges-de-Clarenceville Saint-Georges-de-Clarenceville J0J1B0,SSI Clarenceville/Noyan,-73.2460204583871,45.0634908987984
"131","7","1060, rang St-Pierre Sud Hérouxville GOX 1J0 Hérouxville G0X1J0",Régie Centre-Mékinac (R4914),-72.6142075017508,46.6735071041705
"1576",,4 rue Baylis Ouest,SSI Bonne-Espérance,-57.7066153763492,51.4780446099592
"970","12","21, rue le Carrefour Fermont    G0G 1J0",SSI Fermont,-67.0894651625668,52.8000742809194
"868","15","122, route 132 Est Saint-Michel-de-Bellechasse G0R 3S0",SSI Saint-Michel-de-Bellechasse,-70.9068924817607,46.8734274739308
"577","2","5005, boul. Hébert secteur St-Timothée Salaberry-de-Valleyfield J6S6C2",SSI Salaberry-de-Valleyfield,-74.0520186582466,45.287759167887
"1581",C-02,"525, rue du Parc, Guérin",Régie du Témiscamingue (RISIT),-79.3112102197758,47.6574390117202
"486","44",115 Rg de La Baie Saint-Sébastien (Québec) Saint-Sébastien J0J2C0,SSI Venise-en-Québec,-73.1482556652516,45.1240735452544
"1562","3","13925 Rue Morissette, Saint-Hyacinthe, J2R 1M9",SSI Saint-Hyacinthe,-72.9044970711639,45.641573098459
"1444","22",214 Route 307 Bowman J0X3C0,SSI Val-des-Bois,-75.635387106314,45.8804913126922
"1318",TEM-10,6 Rue Principale Ouest Latulipe-et-Gaboury J0Z2N0,SSI Brigade de l'Est,-79.0335678180232,47.426910525647
"175","4","1120, rue Héon, Saint-Wenceslas, Qc.G0Z 1J0",SSI Saint-Wenceslas,-72.3228364691009,46.1672654319465
"356","5","119,Principale  Saint-Aimé-des-Lacs G0T1S0",SSI Saint-Aimé-des-Lacs,-70.3088021732406,47.6825660242126
"200","8","450, 12e avenue, Deschaillons-sur-Saint-Laurent, Qc. G0S 1G0",SSI MRC Bécancour (AR380),-72.107002278945,46.5518641839059
"517","41","6, rue de l'École  Saint-Urbain-Premier J0S1Y0",SSI Saint-Urbain-Premier,-73.7375805881784,45.2208504367658
"769","1","116, chemin du Lac-Louisa Sud, Wentworth J8H0C5",SSI Wentworth,-74.4049387182472,45.7676080377368
"665","70","115, rue Saint-Jacques, Saint-Jacques J0K2R0",SSI MRC Montcalm (AR630),-73.5718791041117,45.9488590811738
"211","74",78 Rue des Érables Caplan Caplan G0C1H0,SSI Caplan,-65.6782676811108,48.111043587142
"401","37","11, rue Des Saules Cap-Chat Cap-Chat G0J1E0",SSI Cap-Chat,-66.6850799803075,49.0960993751496
"563","18","3, rue des Copains  Sainte-Martine J0S1V0",SSI Sainte-Martine,-73.7978027778528,45.2490820577752
"1039","40","1, 1re avenue ouest Mont-Louis Saint-Maxime-du-Mont-Louis G0E1T0",SSI Saint-Maxime-du-Mont-Louis,-65.7312543962952,49.2291577551781
"19","56","116 rue Du Domaine, Courcelles G0M1C0",SSI de La Haute-Beauce,-70.9829219440713,45.8737634395171
"1285",C-17,53 3e Rue Sud Béarn J0Z1G0,Régie du Témiscamingue (RISIT),-79.328001782933,47.2849479679052
"881","6","3175, rue College, Sherbrooke, J1M 2L2",SSI Sherbrooke,-71.8733509010755,45.3652770536547
"570","1","195, rue Principale  Saint-Louis-de-Gonzague J0S1T0",SSI Saint-Louis-de-Gonzague (16),-74.0068406036744,45.2124725818664
"1343","3",256 Rue Young Montréal H3C2G2,SSI Montréal,-73.5601720032194,45.493454379373
"142","100","4425, rue du Centre, Thetford Mines G6H 2K8",SSI Thetford Mines,-71.3599131944548,46.0392000363032
"1237","2","55, rue Saint-Pierre, Saint-Pierre-de-Broughton, G0N 1T0",SSIR Saint-Jacques-de-Leeds,-71.2064872569371,46.2427709511988
"8",77 - NDB,"43 route de l'église, Notre-Dame-des-Bois J0B2E0",SSI Notre-Dame-des-Bois,-71.0733929856891,45.3903798461643
"299","1","11330, Boulevard Ste-Anne, Beaupré G0A1E0",SSI Beaupré,-70.8871835437808,47.050203652408
"1207","4","10597 chemin Sainte-Marguerite, Trois-Rivières G9B 6N6",SSI Trois-Rivières,-72.6745038978463,46.2885855790317
"727","54","1261, chemin du Lac Supérieur, Lac-Supérieur, Qc J0T1J0",SSI Mont-Tremblant,-74.4751574397714,46.1820317366639
"341","22",114 rue du Parc  Saint-Cyprien G0L2P0,SSI Saint-Cyprien,-69.0231625523708,47.8908794265836
"1205","1",6490 boulevard des Chenaux Trois-Rivières G8Y 5S8,SSI Trois-Rivières,-72.6096083196077,46.3575508356597
"1094","3","350 rue Rochefort, Trois-Rivières G8T 7K1",SSI Trois-Rivières,-72.5298302141242,46.3695743413283
"876","5","1310, rue Oscar-Masson Trois-Rivières  G8T 8X5",SSI Trois-Rivières,-72.5939414626941,46.4223024450823
"84","9","1130, route de l'Église Sainte-Foy G1V4X6",SSI Québec,-71.292073992846,46.7692603891576
"1206","2",7225 boulevard Jean-XXIII Trois-Rivières G9A 5C9,SSI Trois-Rivières,-72.601272026995,46.3227150220893
"1579",TEM-06,"637 QC-391, Saint-Eugène-de-Guigues J0Z3L0",SSI Saint-Eugène-de-Guigues,-79.3527997650647,47.5078832945846
"1580","4","110 Chemin de l'Aéroport, Isle-aux-Grues G0R 1P0",SSI Montmagny,-70.533703362605,47.0728945656746
"294","7","11, avenue Commerciale Saint-Charles-de-Bellechasse G0R 2T0",SSI Saint-Charles-de-Bellechasse,-70.9453580751755,46.774021540615
"569","7","489, chemin St-Louis  Saint-Étienne-de-Beauharnois J0S1S0",SSI Saint-Étienne-de-Beauharnois,-73.9222587084564,45.2419003163089
"581","1","736, boul. du Havre secteur Valleyfield Salaberry-de-Valleyfield J6S1W1",SSI Salaberry-de-Valleyfield,-74.113638549706,45.2641032228519
"958","4","1124, rue Dulcinée Havre-Saint-Pierre, (Québec) Havre-Saint-Pierre G0G1P0",SSI Havre-Saint-Pierre,-63.6011367065355,50.2436610790766
"451",,11 c Principale Sutton Sutton J0E2K0,SSI Sutton,-72.6157421705117,45.1070033053083
"4","1",106 rue de l'Hôtel-de-Ville  Saint-Odilon-de-Cranbourne G0S 3A0,SSI Saint-Odilon-de-Cranbourne,-70.6768020845403,46.357049325292
"677","2","1133, chemin de Val des Lacs, Sainte-Sophie J5J2S8",SSI Sainte-Sophie,-73.9802273932574,45.8267871067093
"1118","14","15, rue de la Fabrique, Saint-René-de-Matane",SSI Matane,-67.3863288417707,48.7080316592657
"1248","4","12, côte de l'Église, Saint-Philippe-de-Néri (Québec) G0L 4A0",SSI Saint-Pascal,-69.8862312497675,47.4667380672671
"1238","300","5726, boulevard Frontenac Est, Thetford Mines, G6H 4H7",SSI Thetford Mines,-71.2167680660687,46.1399455226615
"718","23","2112, chemin des Hauteurs, Sainte-Lucie-des-Laurentides, Québec, J0T2J0",Régie des Monts,-74.1838156574733,46.1321491184325
"1240",St-Rosaire,"14 route de la coupe, Saint-Rosaire, Qc. G0Z 1K0",RIM-Incentraide (R4125),-72.0207759549008,46.1621508726613
"13","70","505 Rue Principale, Saint-Robert-Bellarmin G0M2E0",SSI Saint-Robert-Bellarmin,-70.5848597012611,45.7476720004064
"1239","11","20, montée Charron, Val-des-Lacs, Qc, J0T 2P0",SSI Val-des-Lacs,-74.3467594194213,46.179927578665
"1236",SSIR - 1,"705, rue Principale Saint-Jacques-de-Leeds, G0N 1J0",SSIR Saint-Jacques-de-Leeds,-71.3443689402211,46.2829206174526
"1246","1","435, rue Théophile Saint-Laurent, Nicolet, Qc. J3T 1B4",SSI Nicolet,-72.6075282286588,46.224205678796
"1520","32","3425, rue Ambroise, Labrecque G0W2S0",RIM-Secteur Nord Lac-St-Jean-Est (R4912),-71.5247141139645,48.67497497309
"1525","35","401, rue de l'Hôtel-de-Ville, Saint-Henri-de-Taillon G0W2X0",RIM-Secteur Nord Lac-St-Jean-Est (R4912),-71.8246893228703,48.6626330474357
"1405","2",39 Chemin de la Rivière Chelsea J9B2M6,SSI Chelsea,-75.8723076846427,45.5767342940872
"1307","1",13 3e Avenue Est La Sarre J9Z1H5,SSI Ville de La Sarre,-79.2042627840673,48.8072418550982
"1575",SDB,"2050, rue Ernest-Camiré, Saint-Denis-de-Brompton (Québec)  J0B 2P0",SSI Sherbrooke,-72.0797739818225,45.45823762165
"1250","70",12 rue Sirois Les Escoumins,SSI Forestville,-69.4086131152835,48.3502410200352
"1251","71",314 Route 138 (saute-aux-Moutons) Longue-Rive,SSI Forestville,-69.2588834085816,48.5378270536684
"38","14","24 rue St- Marc, Dudswell J0B1G0",Régie des Rivières (R4132),-71.5905305132203,45.6334068696841
"1253",Pessamit,80 rue Ashini Pessamit,SSI Pessamit,-68.6530437807104,48.9440403105963
"1574","3","24, rue Church, Pontiac, J0X 2V0",SSI Pontiac,-76.2322409888868,45.5194217387262
"638",29-Varennes,"1860, route Marie-Victorin, Varennes Varennes J3X1P7",SSI Varennes,-73.43804776121,45.6732841033245
"1308","12","46, 1re Avenue, Normétal J0Z3A0",SSI Normétal,-79.3558012871703,48.9968206086476
"1242","2","8275 boulevard Bécancour, Bécancour, Qc. G9H 4V1",SSI Bécancour,-72.4321661786709,46.3494767355231
"1534","27","234, rue Saint-Louis, Métabetchouan - Lac-à-la-Croix G8G2C4",RIM-Secteur Sud Lac-St-Jean-Est (R4913),-71.7825204751461,48.4080588096847
"1243","5","11700 chemin Saint-Laurent, Bécancour, Qc. G9H 3G2",SSI Bécancour,-72.403791355163,46.2905198115693
"1252",Kawawachikamach,chemin Naskapi,SSI Kawawachikamach,-66.7616405698028,54.8619301882249
"1244","10","261-B, rang Saint-Antoine, Sainte-Sophie-de-Lévrard, Qc. G0X 3C0",SSI MRC Bécancour (AR380),-72.1202603870498,46.4078344543182
"1499","2","123, rue des Pluviers, Alma G8E2H8",SSI Alma,-71.6982771546533,48.631843411143
"154",Daveluyville,"134, rue Principale, Daveluyville, Qc G0Z1C0",RIM-Des Chutes (R4119),-72.1409812606553,46.2115826407361
"1316","6",12 Rue Duparquet Duparquet J0Z1W0,SSI Ville de La Sarre,-79.2222488159179,48.5049943625451
"1309","9",47 3e Avenue Est Palmarolle J0Z3C0,SSI Palmarolle,-79.1988219357874,48.6632131991585
"579","1","10, rue de la Mairie, Saint-André-d'Argenteuil J0V1X0",SSI Saint-André-d'Argenteuil,-74.3330700593898,45.5596767803684
"1291",TEM-05,14 Rue de la Baie-Miller Laverlochère-Angliers J0Z1A0,SSI Laverlochère-Angliers,-79.240168422797,47.5489647550232
"1305","11",2 Avenue du Chemin-de-Fer Dupuy J0Z1X0,SSI Ville de La Sarre,-79.3574421777609,48.8290080189461
"1306","8",204 Chemin de la Rivière Ouest Gallichan J0Z2B0,SSI Ville de La Sarre,-79.2994460775543,48.6031924706952
"1619","1","506, rue Filion, Saint-Jérôme, J7Z 4N4",SSI Saint-Jérôme,-73.9975874223602,45.7874049382514
"1352","13",3250 Rue Sainte-Catherine Est Montréal H1W2C6,SSI Montréal,-73.540309891551,45.5398678901337
"1294",C-03,18 Rue Principale Nédélec J0Z2Z0,Régie du Témiscamingue (RISIT),-79.4256198040501,47.6901593401311
"1289",C-07,4 Rue Piché Ouest Saint-Bruno-de-Guigues J0Z2G0,Régie du Témiscamingue (RISIT),-79.4391272367313,47.4620669277792
"1344","20",920 Rue Saint-Urbain Montréal H2Z1K4,SSI Montréal,-73.5591487444245,45.5059356891279
"70","31","  188, rue Ste-Geneviève, Saint-Isidore G0S 2S0",SSI Saint-Isidore,-71.0895592633826,46.5859432525862
"578","2","529, Main Road Hudson (Québec)  J0P 1H0 Hudson J0P1H0",SSI Hudson,-74.1465432979635,45.4603857508686
"548","3","110, boul. Perrot L'Île-Perrot (Québec)  J7V 3G1 L'Île-Perrot J7V3G1",SSI L'Île-Perrot,-73.9550042673559,45.3933048897237
"171","1","486, rue de la Montagne, Notre-Dame-de-Montauban G0X 1W0 Notre-Dame-de-Montauban G0X1W0",SSI Notre-Dame-de-Montauban,-72.3082850843527,46.8752127151369
"582","7",7 rue Jules-A.-Desjardins Rigaud J0P1P0,SSI Rigaud,-74.3122073716071,45.4858614616469
"212","25",162 Rue Gabriel Saint-Liboire J0H1R0,SSI Saint-Liboire,-72.7622091840276,45.6484973334538
"1616","2",39 Chemin de la Rivière Chelsea J9B2M6,SSI Chelsea,-75.8731717326008,45.5762658081706
"456",2 - RP,496 rue bernard Roxton Pond J0E1Z0,SSI Roxton Pond,-72.6626463127135,45.4793003915997
"573","20","2627, rue Principale Sainte-Justine-de-Newton (Québec)  J0P 1T0",SSI Sainte-Justine-de-Newton,-74.403861117486,45.3732694231345
"1310","4",1001 Rue Monseigneur-Lévesque Poularies J0Z3E0,SSI Ville de La Sarre,-78.9843124698364,48.6638822884373
"45",Ham Nord,"246, rue principale, Ham-Nord, Qc. G0P 1A0",RIM des 3 Monts (R4123),-71.6436764333448,45.9032323484391
"1210","26","1301 boulevard Don-Quichotte, Notre-Dame-De-L’Île-Perrot, J7V 5V6",SSI Pincourt,-73.9269555497491,45.3766795930507
"1565","0","519, rue Décary, Saint-Gabriel-de-Valcartier",SSI Base de Valcartier,-71.4941234623479,46.8900290434794
"206","50","1025, rue Boulay Acton Vale Acton Vale J0H1A0",SSI Acton Vale,-72.5646475665257,45.6479605709994
"226","50","270, rue Valmont, Repentigny J5Y4G5",SSI Repentigny,-73.4376975526461,45.7656676832824
"233","35",150 rue St-Louis St-Marcel-de-Richelieu Saint-Marcel-de-Richelieu J0H1T0,SSI Saint-Marcel-de-Richelieu,-72.8984379677952,45.8617129817791
"235","70","790, St-Pierre Massueville, Qc, J0G 1K0 Massueville J0G1K0",RIM-Louis-Aimé-Massue (R4115),-72.936401714484,45.9123198722674
"237","32",2611 StPierre Saint-Ours J0G1P0,SSI Saint-Ours,-73.1495868379146,45.8863031866257
"774","22","1530, route 340 Saint-Télesphore (Québec)  J0P 1Y0",SSI Saint-Télesphore,-74.3885213413442,45.2938379935051
"242","20","750, rue des loisirs saint-nazaire-d'acton Saint-Nazaire-d'Acton J0H1V0",SSI Saint-Nazaire-d'Acton,-72.6179801759609,45.7390964643157
"243","45","379, 7e Avenue, Ste-Hélène Sainte-Hélène-de-Bagot J0H1M0",SSI Sainte-Hélène-de-Bagot,-72.7351643702115,45.730059939716
"1241","60","17 route 122 Sainte-Clothilde-de-Horton, Qc. J0A 1H0",SSI Notre-Dame-du-Bon-Conseil,-72.2385497909761,45.993436418471
"773","21","8, rue Sainte-Catherine Saint-Polycarpe (Québec)  J0P 1X0",SSI Saint-Polycarpe,-74.304783059076,45.3020732636198
"1258","3","1490, rue Principale, Saint-Stanislas, G0X 3E0",SSI Saint-Stanislas,-72.3853497110526,46.6138481817473
"1212","23","105, 69e avenue Saint-Zotique J0P 1Z0",SSI Saint-Zotique,-74.2841659739668,45.2316688057416
"1211","18","248 chemin Frontière, Rivière-Beaudette J0P 1R0",SSI Rivière-Beaudette,-74.333236086335,45.2076891907959
"471",15 - SP, 95 Rue Martin Saint-Pie J0H1W0,SSI Saint-Pie,-72.9097234133721,45.5081688951862
"473","85",41 rue du Manoir Saint-David J0G1L0,SSI Saint-David,-72.8563879854009,45.9551083654015
"465",65 - SVM,1365 rue Principale St-Valérien Saint-Valérien-de-Milton J0H2B0,SSI Saint-Valérien-de-Milton,-72.7110607544486,45.5647900536436
"360","43","9, rue Industrielle  Grande-Vallée G0E1K0",SSI Grande-Vallée,-65.1329965333731,49.2218413101336
"359","44","472, Route 132 Cloridorme Cloridorme G0E1G0",SSI Cloridorme,-64.8501434377801,49.1813490685905
"1259","4","1 rue Principale, Lac-Édouard, Qc. G0X 3N0",SSI La Tuque,-72.2802828617508,47.6610104627596
"334","52","588-A, boul. Forillon (Rosebridge) Gaspé G4X6T8",SSI Gaspé,-64.4784022937788,48.867582954198
"361","51","389, avenue Miller  Murdochville G0E1W0",SSI Murdochville,-65.4969677273588,48.9530794712017
"1260","3","2 rue de l'Hôtel-de-Ville, Parent, QC. G0X 3P0",SSI La Tuque,-74.6128878893928,47.9198758099308
"472",70 - SC,"  6 chemin de Béthanie, Sainte-Christine J0H1H0",SSI Sainte-Christine,-72.4273529709514,45.6154116585697
"63","22","  520, rue Vaillancourt Saint-Bernard G0S 2G0",SSI Saint-Bernard,-71.1363659102499,46.4978664506727
"1617","2",39 Chemin de la Rivière Chelsea J9B2M6,SSI Chelsea,-75.8731717326008,45.5762658081706
"687","8","790, rue de la Mairie, Blainville J7C4K4",SSI Blainville,-73.8631650242496,45.6732504725105
"507","10",223 rue Principale St-Damase Saint-Damase J0H1J0,SSI Saint-Damase,-73.0137896211264,45.5230337855942
"508","55",290 rue St-Jean-Baptiste ( route 227)  Sainte-Madeleine J0H1S0,SSI Sainte-Marie-Madeleine,-73.0942747607831,45.5920599459094
"549","3","187, montée de la Baie, Pointe-Calumet J0N1G2",SSI Pointe-Calumet,-73.9693720785135,45.4977251599825
"553","1","287, montée Saint-Vincent, Saint-Placide J0V2B0",SSI Saint-Placide,-74.2054825008923,45.5343114816051
"475","10","41, rue Trahan Pierreville Pierreville J0G1J0",RIM-Pierreville/Saint-François (R4105),-72.810917013289,46.0694210580372
"588","8","315, rue du Parc, Saint-Eustache J7R6P4",SSI Saint-Eustache,-73.921775575102,45.5663264302565
"671","4","3305, boul. de la Grande-Allée, Boisbriand J7H1H5",SSI Boisbriand,-73.8556075244802,45.6266798596761
"1618","2",39 Chemin de la Rivière Chelsea J9B2M6,SSI Chelsea,-75.8731717326008,45.5762658081706
"618","40","1427, Ste Catherine S-Jude Saint-Jude J0H1P0",SSI Saint-Jude,-72.9877833634229,45.7732013364343
"620","68","926, rue Principale Saint-Paul-d'Abbotsford Saint-Paul-d'Abbotsford J0E1A0",SSI Saint-Paul-d'Abbotsford,-72.8854915669113,45.4373196963124
"1408","1",9 Route Principale Ouest La Pêche J0X2W0,SSI La Pêche,-76.0384449739189,45.6402093687568
"628","53","61, chemin de Marieville Rougemont Rougemont J0L1M0",SSI Rougemont,-73.0713195909131,45.4441502688448
"633","52","1111, avenue Saint-Paul Saint-Césaire Saint-Césaire J0L1T0",SSI Saint-Césaire,-73.0038633216337,45.4103477955663
"640","29","29, Monseigneur-Phaneuf Saint-Mathias-sur-Richelieu J3L6A5",SSI Saint-Mathias-sur-Richelieu,-73.2674697190928,45.4754628506135
"648","4","6741, boul. Laurier, Terrebonne J7M1H1",SSI Terrebonne,-73.7242454618909,45.7636978590967
"651","80","1179, rue Notre-Dame, Saint-Sulpice J5W3W1",SSI Saint-Sulpice,-73.3507080132852,45.8286201237259
"670","70","520, Route 341, L'Épiphanie J5X4A6",SSI Repentigny,-73.4878572084369,45.8423384294634
"839","2","575, rue Bellerive, Mont-Laurier J9L1X5",SSI Mont-Laurier,-75.4964501605663,46.5538854184621
"617","60",379 Rg Bas St-Amable St-Barnabé-Sud Saint-Barnabé-Sud J0H1G0,R.I.P.I. du Nord des Maskoutains,-72.918055736078,45.7331180648141
"1311","2",1 7e Avenue Ouest Macamic J0Z2S0,SSI Ville de La Sarre,-79.0025877021026,48.7556439531616
"684","30","338, rue Saint-Paul, Repentigny J5Z4H9",SSI Repentigny,-73.4831180082574,45.7586026794619
"685","1","111, Montée Gagnon, Bois-des-Filion J6Z4T5",SSI Bois-des-Filion,-73.7647463899901,45.6678156107886
"686","1","2929, rue Dupras, Mascouche J7K1T3",SSI Mascouche,-73.603737845,45.7472027761267
"775","4","1145, chemin Principal, Saint-Joseph-du-Lac J0N1M0",SSI Saint-Joseph-du-Lac,-74.0077640904086,45.5350904680253
"625","30","	630 10e Avenue Richelieu J3L4E4",SSI Richelieu,-73.2448796397446,45.4442632483088
"782","18","2107, chemin du Tour du lac, Nominingue J0W1R0",SSI Nominingue,-75.0267010458422,46.3901578457573
"784","7","  4, rue Filion, Kiamika J0W1G0",,-75.3770218585511,46.4179257221166
"796","19","59, rue Principale Est, L'Ascension J0T1W0",SSI L'Ascension,-74.8219125559931,46.5472231116573
"797","15","  1520, chemin du Rapide, Rivière-Rouge J0T1T0",RISI Vallée de la Rouge,-74.8649273163185,46.3999382780226
"829","6","135, rue Saint-Joseph, Lac-des-Écorces J0W1H0",,-75.3580510532346,46.5062960711849
"846","11","242, 6e Avenue, Ferme-Neuve J0W1C0",,-75.4562302069976,46.7016078120042
"851","13","68 rue du pont, Mont-Saint-Michel J0W1P0",SSI Mont-Saint-Michel,-75.3380179085292,46.7785988717982
"925","9","84, rue Notre-Dame, Notre-Dame-du-Laus J0X2M0",SSI Notre-Dame-du-Laus,-75.620875600858,46.0879960194905
"674","1","255, 5e Avenue, Sainte-Anne-des-Plaines J0N1H0",SSI Sainte-Anne-des-Plaines,-73.8042511924555,45.7612302229936
"845","5","12, chemin Tranquille, Chute-St-Philippe J0W1A0",,-75.2457468457898,46.6531426993274
"619",55 - AG,27 rue Principale Ange-Gardien Ange-Gardien J0E1E0,SSI Ange-Gardien,-72.9308513175894,45.3756321134167
"239","52",105 Boulevard Gagné Sorel-Tracy J3P7K1,SSI Sorel-Tracy,-73.1137116103193,46.0466953593874
"606","1",935 Rue Dessaulles Saint-Hyacinthe J2S3C4,SSI Saint-Hyacinthe,-72.9444058647603,45.6281918181033
"572","17","245 Chemin de la Beauce, Beauharnois, QC J6N 2N5",SSI Beauharnois,-73.8617200076295,45.3081640144847
"67","21","  1222, rue du Pont, Saint-Lambert-de-Lauzon G0S 2W0",SSI Saint-Lambert-de-Lauzon,-71.2053977813556,46.5922136386007
"941","17","  59, chemin de l'Aéroport, La Macaza J0T1R0",RISI Vallée de la Rouge,-74.7852452973414,46.3982170359028
"1266","33","101 rue Demers Est, Princeville, G6L 4Z4",SSIRÉ,-71.8779505930015,46.1769996267964
"1262","2","2023, avenue Champlain, shawinigan, Qc. G9N 8A9",SSI Shawinigan,-72.7435121472332,46.5542550334037
"988","80","365, Rue Granier Pointe-Lebel G0H1N0",SSI Péninsule Manicouagan,-68.2506133952877,49.1614081511282
"1061","8","50, chemin du Centenaire, Notre-Dame-de-Pontmain J0W1S0",,-75.6386905725478,46.2834767050787
"1070",05 - SAW,629 St. Augustin Woburn Saint-Augustin-de-Woburn G0Y1R0,SSI Saint-Augustin-de-Woburn,-70.8605633652399,45.3839827591878
"505","50",3025 Boulevard Tracy Sorel-Tracy J3R1C2,SSI Sorel-Tracy,-73.1495170582835,46.0157576715327
"999","74","1, 2e avenue Forestville Forestville G0T1E0",SSI Forestville,-69.0766859627791,48.7383580257292
"1014","68","101, rue Gagné Sacré-Coeur Sacré-Coeur G0T1Y0",SSI Sacré-Coeur,-69.79440718983,48.2300447568486
"991","81","507, route 138 Ragueneau  G0H1S0",SSI Péninsule Manicouagan,-68.4640853689614,49.0740361509658
"1268","2",6 Rue des Rapides Preissac J0Y2E0,SSI Preissac,-78.3654154752217,48.4070853609508
"1269","7",11 Rue de la Caserne Saint-Marc-de-Figuery J0Y1J0,SSI Saint-Marc-de-Figuery,-78.0451477294933,48.4722383189148
"992","82","471, Chemin principal  Pointe-aux-Outardes G0H1H0",SSI Péninsule Manicouagan,-68.4013101587445,49.0799012287369
"995","83","2, rue du parc  Chute-aux-Outardes G0H1C0",SSI Péninsule Manicouagan,-68.3885911605286,49.1237498526066
"1000","84","1300, boul. Blanche  Baie-Comeau G5C2X2",SSI Baie-Comeau,-68.2614230047358,49.1983294650694
"986","88","28, route 138 Baie-Trinité Baie-Trinité G0H1A0",,-67.300651501433,49.4224022259588
"985","93",65 Route 138  Port-Cartier G0H1R0,SSI Port-Cartier,-66.8939334385992,50.0261194649268
"1263","1","4455, avenue Jean Duchesne, Shawinigan-Sud, Qc. G9N 6T5",SSI Shawinigan,-72.7181273881746,46.5025615765317
"1274","5",106 Chemin de Val-du-Repos Val-d'Or J9P0C3,SSI Val-d'Or,-77.737019786331,48.1572227219123
"1275","1","111, 9e rue Rouyn-Noranda",SSI Rouyn-Noranda,-79.0195658850473,48.2474696089039
"1276","2",3862 Rang des Cyprès Rouyn-Noranda J9Y1N7,SSI Rouyn-Noranda,-79.1528355593989,48.1131314499027
"1277","3",30 Avenue Payeur Rouyn-Noranda J0Z1Y0,SSI Rouyn-Noranda,-79.1278168526014,48.241844525572
"1279","5",9632 Boulevard Rideau Rouyn-Noranda J0Z2X0,SSI Rouyn-Noranda,-79.2579446822454,48.044687941421
"1280","8",6053 Rang de Sainte-Agnès Rouyn-Noranda J0Z1K0,SSI Rouyn-Noranda,-78.9382278558893,48.098319841357
"1281","9",170 Rue de McWatters Rouyn-Noranda J9Y0H2,SSI Rouyn-Noranda,-78.9161284875534,48.2129226290654
"1283","11",10777 Route d'Aiguebelle Rouyn-Noranda J0Z2Y0,SSI Rouyn-Noranda,-78.7139857656577,48.3667907849962
"1284","12",8002 Rue du Souvenir Rouyn-Noranda J0Z1P0,SSI Rouyn-Noranda,-78.8672492165181,48.3657026576085
"1282","10",2 Rue Dumont Est Rouyn-Noranda J0Y1C0,SSI Rouyn-Noranda,-78.3804645705963,48.2216404796777
"644",31-RegieSt-Hilaire,"480, boul. Sir-Wilfrid-Laurier, Mont-Saint-Hilaire J3H6H4",RIM-Vallée-du-Richelieu,-73.1816805415108,45.5661629437047
"1264","58","333 chemin Gosford, Inverness, G0S 1K0",SSIRÉ,-71.5230778243831,46.2593993814524
"1278","4",3 Rue d'Arntfield Rouyn-Noranda J0Z1B0,SSI Rouyn-Noranda,-79.2560711835569,48.1985434560025
"1120","65","155 rue Charest, Lyster, G0S1V0",SSIRÉ,-71.6096097415196,46.372607618711
"1288",C-15,17 Rue Clermont Lorrainville J0Z2R0,Régie du Témiscamingue (RISIT),-79.3520905715529,47.3591728042482
"1287",C-16,22 Rue Dubé Ville-Marie J9V1N9,Régie du Témiscamingue (RISIT),-79.4309955682019,47.3286399050665
"1286",C-18,1402 Rue Principale Saint-Édouard-de-Fabre J0Z1Z0,Régie du Témiscamingue (RISIT),-79.3670278070645,47.2032781865701
"1290","9",7 Rue Bordeleau Fugèreville J0Z2A0,SSI Brigade de l'Est,-79.1984431534313,47.3965362579258
"1270",TEM-12,802 Chemin du Village Laforce J0Z2J0,SSI Brigade de l'Est,-78.727691837857,47.536661393486
"1292",TEM-08,11 Rue Saint-Isidore Ouest Laverlochère-Angliers J0Z2P0,SSI Laverlochère-Angliers,-79.3050470736203,47.4228565125962
"1293",TEM-11,1050 Chemin de Grassy Narrow Moffet J0Z2W0,SSI Brigade de l'Est,-78.9424292121268,47.5581203773535
"1388","2",1 Route du Carrefour Val-des-Monts J8N4E9,SSI Val-des-Monts,-75.7339132550669,45.66490304475
"1261","2","8 rue Jeannine, La Croche, Qc. G0X 1R0",SSI La Tuque,-72.7424480400632,47.5852110075124
"1218","51","1 Boulevard du Frère-André, Mont-Saint-Grégoire J0J1A0",RIM-Mont-St-Grégoire/Ste-Brigide,-73.16011794,45.3356466309303
"1219","50","720 rue principale, Sainte-Brigide-d'Iberville J0J1X0",RIM-Mont-St-Grégoire/Ste-Brigide,-73.0610961511639,45.3202157837095
"1304","1",186 Avenue du Lac Preissac J0Y2E0,SSI Preissac,-78.4496816996821,48.2839090295349
"1298","1","200 rue Carrière, Témiscaming J0Z3R0",SSI Témiscaming,-79.060872252946,46.7362939587463
"781","6","206, 8e avenue, Deux-Montagnes J7R3K3",SSI Deux-Montagnes/Ste-Marthe-sur-le-Lac,-73.8933372985572,45.5418563078477
"1135","1","4900, Côte de Terrebonne, Terrebonne J6W6J4",SSI Terrebonne,-73.6540261746371,45.6957124829991
"681","2","3800, rue Pascal-Gagnon, Terrebonne J6X4J2",SSI Terrebonne,-73.6744176958033,45.7298154227303
"1221","5","1105, rue Armand-Bombardier, suite 107, Terrebonne J6Y1R8",SSI Terrebonne,-73.7830494386943,45.6868590654516
"1222","40","1225, boul. de L’Ange-Gardien Nord, L'Assomption J5W 1N7",SSI L'Assomption,-73.4274151183868,45.8488957000665
"1233","2","60 Suzanne Baie Jacques, Ascot Corner",RIM-East Angus (R4902),-71.7691799079874,45.4470291148864
"1196","3","890, Route 309, Saint-Aimé-du Lac-des-Îles J0W1J0",SSI Mont-Laurier,-75.5118379777383,46.4039119167112
"1224","16","3, rue Lavoie, Rivière-Rouge J0T1T0",RISI Vallée de la Rouge,-74.9944239135181,46.5172809594979
"1225","1","1255, Chemin des Hauteurs, Saint-Hippolyte J8A1T4",SSI Saint-Hippolyte,-74.0054987136738,45.8882274687503
"1226","2","673, montée Filion, Saint-Colomban J5K1E6",SSI Saint-Colomban,-74.0880141791794,45.7576124529446
"1227","1","1680, chemin du Village, Saint-Adolphe-d'Howard J0T2B0",,-74.3295936845743,45.9653028177126
"1230","2","380, chemin des Montfortains, Wentworth-Nord J0T1Y0",SSI Wentworth-Nord,-74.3511696102056,45.8699522454607
"1400","8",850 Avenue de Buckingham Gatineau J8L2H9,SSI Gatineau,-75.4126330378099,45.5721377251756
"1232","31","1264, boul. Jacques-Cartier, Mont-Joli G5H2T1",SSI Mont-Joli,-68.1983203598406,48.5919098747476
"1296",TEM-01,664 Rue du Parc Ouest Rémigny J0Z3H0,SSI Rémigny,-79.2120669645824,47.7630505405389
"1411","4",1087 Chemin Cléo-Fournier La Pêche J0X1S0,SSI La Pêche,-76.193546743923,45.7559230036711
"1404","1",7 Chemin de l'Hôtel-de-Ville Chelsea J9B1W3,SSI Chelsea,-75.795939063843,45.5047127424281
"1229","400","2125, chemin Jean-Adam. Saint-Sauveur J0R1R2",SSI Saint-Sauveur,-74.1794052512856,45.8856877918573
"1228","2","1880, chemin Gémont, Saint-Adolphe-d'Howard J0T2B0",,-74.3901221774308,45.9226528250282
"1231","3","6644, route Principale, Wentworth-Nord J0T1Y0",SSI Wentworth-Nord,-74.482864778573,45.7741649355327
"1141","28","23, rue de la Fabrique, Sainte-Angèle-de-Mérici, G0J 2H0",SSI Price,-68.083326355136,48.5266002674834
"1299","3",182 1ere rue Est Amos J9T2G1,SSI Amos,-78.1129636690668,48.5645878334667
"1302","8",324 Route 111 La Corne J0Y1R0,SSI La Corne,-77.9953374085648,48.3547525584768
"1217","9","620, 5  avenue Grande-Piles G0X1H0",RIM-Vallée du Saint-Maurice,-72.7247576280701,46.6873874156882
"1214","8","1210, Route Ducharme St-Rock-de-Mékinac G0X2E0",RIM-Vallée du Saint-Maurice,-72.7676991187555,46.8105279397587
"1215","10","203, Chemin Lejeune Trois-Rives G0X2C0",RIM-Vallée du Saint-Maurice,-72.693507821992,46.9188727886348
"1413","1",1491 Route 148 Pontiac J0X2G0,SSI Pontiac,-75.9043293994978,45.4317531285074
"1303","4","145, chemin du Moulin, Landrienne J0Y1V0",SSI Landrienne,-77.95231364951,48.5485694261085
"1389","3",75 Chemin du Pont Val-des-Monts J8N2J2,SSI Val-des-Monts,-75.7004262297811,45.7861190800608
"1387","1",1570 Route du Carrefour Val-des-Monts J8N7G2,SSI Val-des-Monts,-75.6283704814854,45.6119755412406
"1077","1","  6900, rue Guillaume-Couture, Lévis G6V 9H4",SSI Lévis,-71.1597393419325,46.8102030348233
"86","2",648 Boulevard Renault  Beauceville G5X 1N1,SSI Beauceville,-70.7734928559883,46.2050591238608
"1220",PS 34,"760 rue principale, saint-blaise-sur-richelieu, J0J1W0",SSI Napierville,-73.285307333493,45.2107237501402
"1295",C-04,71 Rue Principale Nord Notre-Dame-du-Nord J0Z3B0,Régie du Témiscamingue (RISIT),-79.4821631899041,47.5983285415996
"1391","3",161 Chemin de la Montagne Chelsea J9B1C2,SSI Chelsea,-75.8860524160109,45.4895986229547
"1346","5",75 Rue Ontario Est Montréal H2X1G9,SSI Montréal,-73.5668472941563,45.5122394056764
"767","5","2960, Boul. des Promenades, Sainte-Marthe-sur-le-Lac J0N1P0",SSI Deux-Montagnes/Ste-Marthe-sur-le-Lac,-73.9292566736954,45.5346833369767
"1273","6",656 Route des Campagnards Val-d'Or J9P0C2,SSI Val-d'Or,-77.6547493509496,48.1860657785462
"1324","8",11371 Rue Notre-Dame Montréal-Est H1B2W5,SSI Montréal,-73.4962548930054,45.6315496481461
"1342","9",8100 Boulevard Saint-Michel Montréal H1Z3E2,SSI Montréal,-73.6101688625055,45.5637484701798
"1213","12","500, rue Forbes, Vaudreuil-Dorion J7V 0R1",SSI Vaudreuil-Dorion,-74.0473865604142,45.399815926276
"1341","10",1445 Rue Saint-Mathieu Montréal H3H2H9,SSI Montréal,-73.5801455406759,45.4945669363594
"1348","16",1041 Rue Rachel Est Montréal H2J2J5,SSI Montréal,-73.5749028745009,45.5258129621959
"1256","34","2980 boulevard Moïse-Vincent, Longueuil J3Z0C4",SSI Longueuil (SSIAL),-73.38849603,45.4837361638041
"1257","41","1505 rue Boudreau, Longueuil J4P2C1",SSI Longueuil (SSIAL),-73.503485555221,45.5123979725244
"1254",12-Bouch.,"503 rue D'Avaugour, Boucherville, J4B0L2",SSI Longueuil (SSIAL),-73.4309579570582,45.5881722057327
"1255",14-St-Bruno,"1595 rue Montarville, Saint-Bruno-de-Montarville J3V3T8",SSI Longueuil (SSIAL),-73.3404293837043,45.5257703047431
"68","5","  225, rue Président Kennedy,  Lévis (Pintendre) G6V 6W8",SSI Lévis,-71.152146179217,46.7793002777085
"1329","19",2000 Avenue De Lorimier Montréal H2K4N9,SSI Montréal,-73.5579683610966,45.5279824530915
"1357","22",5455 Rue Antonio-Dagenais Montréal H1S2X3,SSI Montréal,-73.5859736735696,45.5828637182928
"1354","50",6490 30e Avenue (Montréal) Montréal H1T3G4,SSI Montréal,-73.5754570185467,45.5668631280534
"1074",20 - SD,420 rue Dupont Saint-Dominique Saint-Dominique J0H1L0,SSI Saint-Dominique,-72.8565003492458,45.5662461704272
"1532","21","101, rue Industrielle, Hébertville G8N1N3",RIM-Secteur Sud Lac-St-Jean-Est (R4913),-71.683743386573,48.3844605594656
"1566","25","60, rue Principale Sud, Delson",Régie incendie de l'Alliance des Grandes-Seigneuries,-73.5396452800039,45.3774939881394
"1402","2",40 Rue de Chamonix Est Cantley J8V3B2,SSI Cantley,-75.8417861349231,45.595065305808
"1410","3",7 Chemin de la Caserne La Pêche J0X3K0,SSI La Pêche,-76.2126501337413,45.6871200875127
"1403","3",873 Montée Saint-Amour Cantley J8V3E3,SSI Cantley,-75.717280859304,45.5698038403415
"1417","2",49 Rue de l'Aqueduc Nord Déléage J9E3A1,SSI Déléage,-75.9633181544338,46.386234546418
"1418","3",760 Route Principale Aumond J0W1W0,SSI Aumond,-75.8844984780548,46.4703604336724
"1425","11",942 Chemin du Poisson-Blanc Gracefield J0X1W0,SSI Gracefield,-75.9123153778351,46.0684824521537
"1426","12",378 Route 105 Kazabazua J0X1X0,SSI Kazabazua,-76.0148587659755,45.9484691128898
"1422","7",55 Rue Principale Messines J0X2J0,SSI Messines,-76.022126281684,46.2398674845408
"1386","2",552 Rue Notre-Dame Montebello J0V1L0,SSI Montebello,-74.9393827415987,45.6499905342509
"1397","5",535 Boulevard Gréber Gatineau J8T5R6,SSI Gatineau,-75.7020509678814,45.490373893479
"1392","8",801 Route 148 Lochaber-Partie-Ouest J0X3B0,SSI des Lochaber,-75.2622516126641,45.5941212695426
"1383","14",8216 Boulevard Maurice-Duplessis Montréal H1E2Y5,SSI Montréal,-73.5862228209363,45.6336023514512
"1385","15",1255 Rue de la Sucrerie Montréal H3K3K7,SSI Montréal,-73.5609171345114,45.4844194758814
"1381","17",4240 Rue de Charleroi Montréal H1H1T3,SSI Montréal,-73.6372837471991,45.5934135172618
"1382","18",12012 Boulevard Rolland Montréal H1G3W1,SSI Montréal,-73.621504669398,45.616611009651
"1379","21",6025 Boulevard Lavoisier Montréal H1P2Y9,SSI Montréal,-73.6002747741914,45.5972042835406
"1350","23",523 Place Saint-Henri Montréal H4C2S1,SSI Montréal,-73.5852566191307,45.4778200507963
"1401","1",10 Chemin River Cantley J8V2Z9,SSI Cantley,-75.7840030433624,45.550133736129
"1380","28",7650 Boulevard de Châteauneuf Montréal H1K4H3,SSI Montréal,-73.5587248693001,45.6028391266375
"1406","1",870 Chemin Donaldson L'Ange-Gardien J8L0K8,SSI L'Ange-Gardien (Région 7),-75.454667282493,45.5902234951861
"1378","58",13 Rue du Centre-Commercial Montréal H8Y2N9,SSI Montréal,-73.8062958057876,45.5096526724108
"1374","63",530 Boulevard Bouchard Dorval H9S1B2,SSI Montréal,-73.7354409386409,45.4470563250552
"1375","67",911 Boulevard René-Lévesque Montréal N.D.,SSI Montréal,-73.534248643236,45.4692142293092
"1551","8",555 Curé-Labelle Ste-Rose Laval H7L2C1,SSI Laval,-73.7874591041396,45.5910980866797
"1371","71",5500 Chemin du Bois-Franc Montréal H4S1A9,SSI Montréal,-73.7442003519121,45.4939541528952
"1372","72",2727 Boulevard Poirier Montréal H4R2E6,SSI Montréal,-73.7095763471171,45.5084313613344
"1554","4","672 avenue principale, Saint-Georges",SSI Saint-Georges,-70.7103182504242,46.0439047075742
"1373","73",820 Rue Saint-Germain (Saint-Laurent) Montréal H4L3R7,SSI Montréal,-73.6780429949522,45.512615085338
"1384","74",10 Avenue Roosevelt Mont-Royal H3R1Z4,SSI Montréal,-73.6407797907511,45.5152676091243
"1095","1","39, rue du Parc, Saint-Benoît-Labre G0M1P0",SSI Saint-Benoît-Labre,-70.7871472464474,46.0697292377613
"1377","2",10 Chemin du Tour-de-l'Isle Montréal H3C0K7,SSI Montréal,-73.5347326082148,45.5189905622593
"1552","2","1500 6e avenue, Saint-Georges",SSI Saint-Georges,-70.6784839008122,46.1162705935681
"1553","3","1812 95e rue, Saint-Georges",SSI Saint-Georges,-70.6770914855407,46.1385061571844
"1136","15","312, rue principale, Saint-Modeste",SSI Rivière-du-Loup,-69.4045849788444,47.8304852418532
"1438","12",45 Rue Boucher Ripon J0V1V0,SSI Ripon,-75.1017912026343,45.7857980233317
"1439","14",4 Rue du Bosquet Montpellier J0V1M0,SSI Montpellier,-75.1650274728313,45.854303637008
"1451","7",833 Rue Principale Bryson J0X1H0,SSI Campbell's Bay et Litchfield,-76.6227534946234,45.6779811783557
"1448","4","4, rue Théodore, Thorne J0X2A0",SSI de Thorne,-76.3859197641048,45.7612633123284
"1463","17",311 Rue de l'Hôtel-de-Ville Namur J0V1N0,SSI Namur,-74.9292483865369,45.8945465475639
"1429","15",419 Chemin du Poisson-Blanc Denholm J8N9C8,SSI Denholm,-75.7605330552644,45.8124205998768
"1443","21",595 Route 309 Val-des-Bois J0X3C0,SSI Val-des-Bois,-75.5934206541436,45.9152648657358
"1431","1",2 Rue Thomas Fassett J0V1H0,SSI Fassett,-74.8676558702566,45.644509530451
"1480","1",494 rue de l'Aréna,SSI Akulivik,-78.1898969907248,60.8093280197958
"1476",,651 5e Rue Chibougamau G8P1T8,SSI Chibougamau,-74.3687113281804,49.9121066517904
"1437","10",20 Chemin McAlendin Mayo J8L4J7,SSI Mayo,-75.3442667741416,45.6628332950342
"1331","25",1212 Rue Drummond Montréal H3G1V7,SSI Montréal,-73.5730871757804,45.4978110616778
"1442","20",2053 Chemin du Tour-du-Lac Lac-des-Plages J0T1K0,SSI Lac-des-Plages/St-Émile-de-Suffolk,-74.8874923455159,45.998154299147
"1475",,39 1re Avenue Chapais G0W1H0,SSI Chapais,-74.8595218315312,49.7837342311473
"1432","3",7 Rue Saint-Pierre Notre-Dame-de-la-Paix J0V1P0,SSI Notre-Dame-de-la-Paix,-74.9655367292809,45.8074283391011
"1332","26",2151 Avenue du Mont-Royal Est Montréal H2H1K2,SSI Montréal,-73.571933009299,45.5360280348574
"1477",,500 Place Quévillon Lebel-sur-Quévillon J0Y1X0,SSI Lebel-sur-Quévillon,-76.9760236554619,49.052470386284
"1430","16",7 Chemin Principal Low J0X2C0,SSI Low,-75.9508955094557,45.8113821880166
"1334","27",5353 Avenue Gatineau Montréal H3T1X2,SSI Montréal,-73.6219517390409,45.497391465169
"1465","6","5580, boulevard Dagenais Ouest Laval-Ouest Laval H7R1L9",SSI Laval,-73.8632436079236,45.5500222455162
"1478",,23 Rue Nottaway Matagami J0Y2A0,SSI Matagami,-77.6237790726234,49.7625478700238
"1472","9",1655 Des Laurentides Vimont Laval H7M2P3,SSI Laval,-73.7202520562812,45.5956070640209
"1481",,405 Majuqqaq Street,SSI Aupaluk,-69.6000253757204,59.3021987751737
"1467","2",3000 boulevard du Souvenir Chomedey Laval H7V4B4,SSI Laval,-73.7368268882522,45.5549461178925
"1482",,731 Qarmaq Road,SSI Inukjuak,-78.1082448290932,58.4523027219575
"1469","3",4111 Boulevard de la Concorde Est Laval H7E5A5,SSI Laval,-73.6544878297218,45.6021847077914
"1479",,255 Puppuq Street,SSI Kangirsuk,-70.0155914731058,60.0200349001518
"1353","29",5375 1e Avenue (Montréal) Montréal H1Y2Z8,SSI Montréal,-73.5761710131619,45.5453476006584
"1474",,à définir,SSI Kuujjuaq,-68.4187687946591,58.1004389181143
"1457","16",6 Rue Saint-Joseph L'Isle-aux-Allumettes J0X1M0,SSI Pontiac Ouest,-77.002897430285,45.8513710953022
"1453","10",85 Rue Leslie Campbell's Bay J0X1K0,SSI Campbell's Bay et Litchfield,-76.5987543141927,45.7328527344828
"1459","18",559 Rue Baume Fort-Coulonge J0X1V0,SSI Fort-Coulonge,-76.7386245638412,45.8408587167562
"1366","30",5 Avenue Laurier Ouest Montréal H2T2N2,SSI Montréal,-73.593242989951,45.522964964814
"1340","31",7041 Rue Saint-Dominique Montréal H2S3B7,SSI Montréal,-73.6156945768851,45.5347232920364
"1359","32",16101 Rue Sherbrooke Est Montréal H1A1E2,SSI Montréal,-73.4923671784918,45.6970521860197
"1325","33",6040 Boulevard Monk Montréal H4E3H6,SSI Montréal,-73.5954499348288,45.4578413687544
"1471","7","6200, boulevard des Laurentides, Laval H7H1N5",SSI Laval,-73.75466205849,45.6362045710458
"1367","34",5369 Chemin de la Côte-Saint-Antoine Montréal H4A1P9,SSI Montréal,-73.6142558704388,45.4754521363096
"1468","1",53 boul. Des Laurentides  Pont-Viau Laval H7G2S9,SSI Laval,-73.6798798070374,45.5604664870008
"1470","5",7900 avenue Marcel-Villeneuve Saint-François Laval H7A4C5,SSI Laval,-73.598583354417,45.6716666420651
"1473","4",530 rue Principale Sainte-Dorothée Laval H7X1C8,SSI Laval,-73.8155661119276,45.5303552435854
"1338","35",10827 Rue Lajeunesse Montréal H3L2E7,SSI Montréal,-73.6702900160458,45.5560171509667
"1483",,182 rue principale,SSI Ivujivik,-77.9155415244018,62.4152058653549
"1485",,322 Père Dion Road,SSI Kangiqsujuaq,-71.9523772910124,61.5992851042933
"1492",Radisson,141 Avenue Jolliet Gouvernement régional d'Eeyou Istchee Baie-James J0Y2X0,SSI Baie-James (Radisson),-77.6224576555386,53.7949870021818
"1484",,450(B) Kuururjuaq Road,SSI Kangiqsualujjuaq,-65.9509970813186,58.6964464589064
"1486",,à définir,SSI Kuujjuarapik,-77.7634931161765,55.2796239961218
"1487",,à définir,SSI Puvirnituq,-77.2762107768714,60.0394559722072
"1488",,à définir,SSI Quaqtaq,-69.6289797431085,61.0465758943909
"1489",,à définir,SSI Salluit,-75.6444969800456,62.2011336413713
"1490",,à définir,SSI Tasiujaq,-69.9286603936062,58.6957663430873
"1491",,à définir,SSI Umiujaq,-76.5449688167894,56.5513310517489
"1505","5","686, rue Principale, Saint-Augustin G0W1K0",SSI Dolbeau-Mistassini,-71.9426948499473,48.805005808563
"1503","3","358, rue Principale, Sainte-Jeanne-d'Arc G0W1E0",SSI Dolbeau-Mistassini,-72.0893808007272,48.8617718858028
"1510","1","1442, avenue du Rocher, Normandin G8M3Y1",RIM-Le GÉANT (R4903),-72.5185676146642,48.8422604441672
"1509","2","561, chemin Principal, Saint-Edmond-les-Plaines G0W2M0",RIM-Le GÉANT (R4903),-72.5511081156958,48.9053103650255
"1508","3","96, avenue du Moulin, Saint-Thomas-Didyme G0W1P0",RIM-Le GÉANT (R4903),-72.6604940425019,48.9110380546973
"1494","42","126, rue Brassard, Bégin G0V1B0",SSI Bégin,-71.3600617519353,48.6757160129169
"1496","41","330, rue Gagnon, Saint-Ambroise G7P2P9",SSI Saint-Ambroise,-71.3215813517783,48.5538343410856
"1495","40","140, boulevard Saint-David, Saint-David-de-Falardeau G0V1C0",SSI Saint-David-de-Falardeau,-71.1110417288158,48.6206220772053
"1493","39","3611, boulevard Martel, Saint-Honoré G0V1L0",SSI Saint-Honoré,-71.0863205422797,48.5345915935352
"1516","38","384, route de Tadoussac, Saint-Fulgence G0V1S0",SSI Saint-Fulgence,-70.9382201078408,48.4541450160531
"1498","32","92, rue Saint-Jean-Baptiste, L'Anse-Saint-Jean G0V1J0",Régie du Fjord,-70.2281509542117,48.209934509141
"1511","1","2354, rue Saint-Dominique, Saguenay G7X7W7",SSI Saguenay,-71.2545868005649,48.4134035222617
"1512","2","2222, boulevard Mellon, Saguenay G7S4Y5",SSI Saguenay,-71.183111186804,48.4133898601192
"1514","4","642, boulevard Sainte-Geneviève, Saguenay G7G2E6",SSI Saguenay,-71.0767418010602,48.4443608681041
"1515","5","491, boulevard de la Grande-Baie Sud, Saguenay G7B2C9",SSI Saguenay,-70.8807572959431,48.3311241381807
"1521","3","599, rue Principale, Saint-Prime G8J1T2",SSI Saint-Félicien,-72.3362634030892,48.5929214996466
"1500","2","3176, rue Boutin, Saint-Félicien G8K3E1",SSI Saint-Félicien,-72.4134453605863,48.7283597129367
"1519","4","5000, rue des Peupliers, La Doré G8J1E8",SSI Saint-Félicien,-72.6493294549787,48.7138839154711
"1501","5","530, boulevard Marcotte, Roberval G8H1Z6",SSI Roberval,-72.2241244446459,48.5091327929464
"1533","4","63, boulevard de la Montagne, Chambord G0W1G0",SSI Roberval,-72.064322088758,48.4276681370849
"1531","3","118, rue Principale, Saint-André-du-Lac-Saint-Jean G0W2K0",SSI Roberval,-71.9908623348037,48.3185095859937
"1527","1","186, rue Principale, Lac-Bouchette G0W1V0",SSI Roberval,-72.1821132451994,48.2627166478298
"1506","1","70, rue Notre-Dame Ouest, Alma G8B2K1",SSI Alma,-71.6489006334095,48.5387449332345
"1518","31","199, rue Principale, Saint-Nazaire G0W2V0",RIM-Secteur Nord Lac-St-Jean-Est (R4912),-71.5501132315661,48.5880338563132
"1522","33","100, rue Principale, Lamarche G0W1X0",RIM-Secteur Nord Lac-St-Jean-Est (R4912),-71.4264718741908,48.790902283599
"1523","34","1000, 1re Rue Est, L'Ascension-de-Notre-Seigneur G0W1Y0",RIM-Secteur Nord Lac-St-Jean-Est (R4912),-71.6701832819476,48.6918539970291
"1526","36","101, rue de Honfleur, Sainte-Monique G0W2T0",RIM-Secteur Nord Lac-St-Jean-Est (R4912),-71.8502172305507,48.7424974596856
"1528","37","739, rue Gaudreault, Saint-Ludger-de-Milot G0W2B0",RIM-Secteur Nord Lac-St-Jean-Est (R4912),-71.8200873046492,48.8969796387119
"1538","24","270, rue de Quen, Saint-Gédéon G0W2P0",RIM-Secteur Sud Lac-St-Jean-Est (R4913),-71.7765723278784,48.4927782966587
"1535","25","87, rue Saint-André, Métabetchouan - Lac-à-la-Croix G8G1A1",RIM-Secteur Sud Lac-St-Jean-Est (R4913),-71.8716933388132,48.427963024444
"1530","26","925, rue Hébert, Desbiens G0W1N0",RIM-Secteur Sud Lac-St-Jean-Est (R4913),-71.9503166429411,48.418253756185
"1541","35","105, rue Paquet, Ferland-et-Boilleau G0V1H0",Régie du Fjord,-70.8498539131251,48.1785670977222
"1312","7",22 Rue Principale Est Roquemaure J0Z3K0,SSI Roquemaure,-79.4042114221035,48.6041388255011
"1336","37",795 Rue Jarry Est Montréal H2P1W3,SSI Montréal,-73.6267575593082,45.5463734869709
"78","4","  1, Place Chamberland, Lévis (Saint-Étienne)  G6J 1M5",SSI Lévis,-71.2995739768564,46.652588624383
"1544","2","173, boulevard Saint-Michel, Dolbeau-Mistassini G8L4N9",SSI Dolbeau-Mistassini,-72.203363616937,48.8938890836115
"1543","36","709, rue Gauthier, Larouche G0W1Z0",SSI Larouche,-71.525220920424,48.4491906993498
"1539","33","319, rue Principale, Rivière-Éternité G0V1P0",Régie du Fjord,-70.4321141342973,48.257525065863
"1545","34","455, rue Principale, Saint-Félix-d'Otis G0V1M0",Régie du Fjord,-70.6248333513133,48.2728575517269
"1540","23","400, Avenue Saint-Alphonse, Saint-Bruno G0W2L0",RIM-Secteur Sud Lac-St-Jean-Est (R4913),-71.6566499360774,48.4687014341439
"1315","3",13 Rue Principale Taschereau J0Z3N0,SSI Taschereau,-78.6810236690487,48.661853863052
"1314","10",798 Route du 3e-au-4e-Rang Sainte-Hélène-de-Mancebourg J0Z2T0,SSI Ville de La Sarre,-79.2983154099407,48.7505790044205
"1313","5",200 Rue Monseigneur-Rhéaume Sainte-Germaine-Boulé J0Z1M0,SSI Sainte-Germaine-Boulé,-79.1149528290706,48.5996936699664
"1421","6",1510 Route Transcanadienne Grand-Remous J0W1E0,SSI Grand-Remous,-75.9021859126537,46.6073513302758
"1394","2",204 Boulevard Saint-Raymond Gatineau J9A3H6,SSI Gatineau,-75.767095305395,45.4374969070906
"1460","8",46 Rue du Pont Bouchette J0X1E0,SSI Bouchette,-75.9523097870466,46.2043816512354
"1427","13",6 Chemin Lachapelle Cayamant J0X1Y0,SSI Cayamant,-76.2450600502824,46.1355513887804
"616","18",275 rue Nelson  Saint-Denis-sur-Richelieu J0H1K0,SSI Saint-Denis-sur-Richelieu,-73.1588461066788,45.7850608131393
"1423","9",4 Chemin du Centre Blue Sea J0X1C0,SSI Blue Sea,-76.0596717999775,46.1820010016795
"1428","14",106 Chemin de Lac-Sainte-Marie Lac-Sainte-Marie J0X1Z0,SSI Lac-Sainte-Marie,-75.9455174716344,45.9495241764333
"1433","4",119 Rue Principale Saint-André-Avellin J0V1W0,SSI Saint-André-Avellin,-75.0545455327653,45.7248637124992
"1393","1",425 Boulevard Wilfrid-Lavigne Gatineau J9H6H9,SSI Gatineau,-75.8385447703209,45.3976086259351
"1398","7",475 Avenue du Cheval-Blanc Gatineau J8P6P4,SSI Gatineau,-75.5812347608618,45.4981797713168
"1419","4",55 Chemin Principal Sainte-Thérèse-de-la-Gatineau J0X2X0,SSI Sainte-Thérèse-de-la-Gatineau,-75.8665865077269,46.2959254635624
"1395","3",175 Rue Deveault Gatineau J8Z1S7,SSI Gatineau,-75.7393093352117,45.4621061467831
"1349","38",14201 Rue Sherbrooke Est Montréal H1A1C7,SSI Montréal,-73.5051211334361,45.6722214018242
"1550","33","1510 rue Bellevue, Longueuil, J4V 1K3",SSI Longueuil (SSIAL),-73.4482345516309,45.4841814632976
"1337","39",2915 Rue Monsabré Montréal H1N2L1,SSI Montréal,-73.5433184970307,45.5725217899595
"1347","40",8639 Avenue Pierre-De Coubertin Montréal H1L2E7,SSI Montréal,-73.5226894001616,45.6013402913835
"1368","41",7405 Avenue Champagneur Montréal H3N2K1,SSI Montréal,-73.6263826158217,45.5276302734159
"1462","11",1362 Route 148 Campbell's Bay J0X1K0,SSI Campbell's Bay et Litchfield,-76.5928626030617,45.731084814704
"1390","15",103 Chemin du Parc Lac-Simon J0V1E0,SSI Lac-Simon,-75.0774462657801,45.9017162238487
"1399","6",325 Boulevard Saint-René Est Gatineau J8P2X4,SSI Gatineau,-75.6417963025824,45.493296803691
"1407","2",1954 Route 309 L'Ange-Gardien J8L4B9,SSI L'Ange-Gardien (Région 7),-75.4387502477098,45.6348269127273
"1447","3",200 Rue Centre Shawville J0X2Y0,SSI Shawville,-76.4904745463991,45.6045753911351
"1450","6",10 Chemin Jondee Alleyn-et-Cawood J0X1P0,SSI Kazabazua,-76.1586245112727,45.924642288675
"1454","12",300 Rue Principale Mansfield-et-Pontefract J0X1R0,SSI Mansfield-et-Pontefract,-76.738878326168,45.861372081681
"1455","14",71 Rue de l'Hôtel-de-Ville Waltham J0X3H0,SSI Waltham,-76.9123533607319,45.9100361516862
"1456","15",125 Rue King L'Isle-aux-Allumettes J0X1M0,SSI Pontiac Ouest,-77.0741405987408,45.9106086704816
"1458","17",1513 Chemin de Chapeau-Sheenboro Chichester J0X1M0,SSI Pontiac Ouest,-77.1201742112958,45.9227995014038
"1272","2",551 10e Avenue Senneterre J0Y2M0,SSI Senneterre,-77.240987361618,48.390526459354
"1271","9",740 Route Saint-Paul Nord Rivière-Héva J0Y2H0,SSI Rivière-Héva,-78.2165294462802,48.2378091762715
"1267","8",295 Rue de l'Harricana Malartic J0Y1Z0,SSI Malartic,-78.1171734303733,48.1391108889445
"1414","2",2024 Route 148 Pontiac J0X2G0,SSI Pontiac,-76.001600581964,45.5286371848505
"1445","1",24 Chemin Wharf Bristol J0X1G0,SSI Bristol,-76.4255577225212,45.5234466627012
"1446","2",11 Chemin Eleventh Line Bristol J0X1G0,SSI Bristol,-76.3634472343243,45.6494363031175
"1317",4-V-O,"1199 rue de l'Escale, Val-d'Or J9P4G7",SSI Val-d'Or,-77.8087391784438,48.1046405316353
"1547","2","470 Boulevard des Capucins, Québec, G1J3R8",SSI Québec,-71.2206919106844,46.8259756662707
"1548","17","2681 Boulevard Louis-XIV, Québec G1C 1C7",SSI Québec,-71.1870027353452,46.8995925219345
"1449","5",15 Avenue Palmer Otter Lake J0X2P0,SSI Pontiac Nord,-76.433038718572,45.8522412218953
"1436","7",161 Rue Galipeau Thurso J0X3B0,SSI Thurso,-75.2431768299385,45.5995046144442
"1330","42",4180 Rue De Salaberry Montréal H4J1H1,SSI Montréal,-73.7038473241899,45.5344651001415
"1434","5",277 Rue Papineau Papineauville J0V1R0,SSI Papineauville,-75.0180389673648,45.6169739353629
"1409","2",27 Chemin MacLaren La Pêche J0X3G0,SSI La Pêche,-75.9265245721616,45.6499166639056
"1396","4",315 Rue Saint-Rédempteur Gatineau J8X2T4,SSI Gatineau,-75.72333888167,45.4378286183377
"1440","18",299 Route des Cantons Saint-Émile-de-Suffolk J0V1Y0,SSI Lac-des-Plages/St-Émile-de-Suffolk,-74.9141052233586,45.9251009207445
"1412","1",24 Chemin de la Rivière Notre-Dame-de-la-Salette J0X2L0,SSI Notre-Dame-de-la-Salette,-75.5853768240774,45.7656095489448
"1435","6",283 Rue Desjardins Plaisance J0V1S0,SSI Plaisance,-75.1109321907734,45.6076936360675
"1327","49",10 Rue Chabanel Ouest Montréal H2N1E6,SSI Montréal,-73.6510066736346,45.5440493815648
"1245","6","845 rue Notre-Dame, Notre-Dame-du-Bon-Conseil, QC. J0C 1A0",SSI Notre-Dame-du-Bon-Conseil,-72.3355243844195,46.0066344938262
"468","12",106 St-Jean Baptiste St-Guillaume Saint-Guillaume J0C1L0,SSI Saint-Guillaume,-72.7659881925857,45.8820248465996
"1416","1",200 Rue Principale Sud Maniwaki J9E1Z9,SSI Maniwaki,-75.9820976988433,46.3740423439881
"1424","10",351 Route 105 Gracefield J0X1W0,SSI Gracefield,-76.0603518577594,46.081810551633
"1333","43",1945 Rue Fleury Est Montréal H2B1H8,SSI Montréal,-73.6530090731642,45.5694040746663
"1247","2","2425, rue Principale, Grand-Saint-Esprit, Qc. J0G 1B)",SSI Saint-Léonard-d'Aston,-72.4964797881706,46.1818578895279
"1345","44",12145 Boulevard de la Rivière-des-Prairies Montréal H1C1R4,SSI Montréal,-73.5629340432881,45.6526511432676
"1335","45",5100 Rue Hochelaga Montréal H1V1G3,SSI Montréal,-73.5412615500993,45.5630113008476
"1328","46",4760 Avenue Cumberland Montréal H4B2L4,SSI Montréal,-73.6385238893522,45.4670027027918
"560",5 - St-Canut,"10051, boul. Saint-Canut, Mirabel J7N1K5",SSI Mirabel,-74.0809387751556,45.7206564761578
"1351","47",2111 Rue Saint-Zotique Est Montréal H2G1J6,SSI Montréal,-73.5979836216611,45.5475176061386
"1339","48",3616 Rue Hochelaga Montréal H1W1H9,SSI Montréal,-73.5508293904245,45.5473233393066
"1323","51",550 Boulevard des Anciens-Combattants Sainte-Anne-de-Bellevue H9X3W1,SSI Montréal,-73.9500159041549,45.4177791512733
"1322","52",330 Rue Surrey Baie-D'Urfé H9X2E7,SSI Montréal,-73.9120779086978,45.4195992334553
"1319","53",310 Beaurepaire Drive Beaconsfield H9W3C1,SSI Montréal,-73.8684150768759,45.4287888241951
"1320","54",3048 Boulevard Saint-Charles Kirkland N.D.,SSI Montréal,-73.8559930605772,45.4490928897171
"1364","55",401 Boulevard Saint-Jean Pointe-Claire H9R3J2,SSI Montréal,-73.8163031936858,45.4478148765093
"1358","56",230 Boulevard Chevremont Montréal H9C2L1,SSI Montréal,-73.8764122218112,45.4936778924058
"1326","57",13795 Boulevard de Pierrefonds Montréal H9A1A6,SSI Montréal,-73.8498386320929,45.4937533686951
"1321","59",18661 Boulevard de Pierrefonds Montréal H9K0A9,SSI Montréal,-73.8977468313309,45.4587535033357
"1360","61",10 Rue Sunnydale Montréal H9B1E2,SSI Montréal,-73.8066461642084,45.4940394715823
"1365","62",150 Avenue Avro Dorval H9P2X8,SSI Montréal,-73.7865349667528,45.4741960594832
"1363","64",3175 Rue Remembrance Montréal H8S1X9,SSI Montréal,-73.6910989687502,45.4372857667611
"1361","66",4398 Boulevard LaSalle Montréal H4G2A8,SSI Montréal,-73.5627959751574,45.4599426617201
"1369","75",40 Avenue Saint-Just Montréal H2V1X8,SSI Montréal,-73.6078007202411,45.5177601144604
"1356","76",19 Rue Stanton Westmount H3Y3B1,SSI Montréal,-73.5984275366453,45.4863189887691
"1355","77",114 Avenue Westminster Nord Montréal-Ouest H4X1Z4,SSI Montréal,-73.6480548219269,45.4537179405408
"1376","78",6815 Chemin de la Côte-Saint-Luc Côte-Saint-Luc N.D.,SSI Montréal,-73.6521717096501,45.4679571769935
"1362","65",1300 Avenue Dollard Montréal H8N2P2,SSI Montréal,-73.6265388805591,45.4259473573027
"1137","13","4, rue Pelletier, Saint-Antonin",SSI Saint-Antonin,-69.4742406423415,47.7648470690877
"768","1","12, chemin Black,  Mille-Isles J0R1A0",SSI Mille-Isles,-74.2177657886144,45.8231586660665
"120",Warwick,"179, rue Saint-Louis, Warwick,Qc J0A1M0",SSI Warwick,-71.9883867976787,45.9438715238197
"834","1","1259, boul. Des Ruisseaux, Mont-Laurier J9L3G6",SSI Mont-Laurier,-75.5772819166486,46.559392954182
"215","77","127,Rue Principal Est St-Alphonse Saint-Alphonse G0C2V0",SSI Saint-Alphonse,-65.6228447439539,48.1874110195364
"720","22","129, Croissant des Trois-Lacs, Lantier, Québec, J0T1V0",Régie des Monts,-74.262269966191,46.1574334209844
"18","43","125 Rue du Couvent, Saint-Romain G0Y1L0",SSI Saint-Romain,-71.0914257797438,45.784615999219
"376","17","123, de l'Église, Saint-Arsène G0L2K0",SSI Saint-Arsène,-69.4243202720888,47.9081711719903
"435","22",1230 Principale ( Garage ) St-Étienne-des-Grès Saint-Étienne-des-Grès G0X2P0,RSSIR Maskinongé,-72.7820816613685,46.4386228575106
"43",55 - Stratford,"385 Centrale sud, Stratford G0Y1P0",Régie des Rivières (R4132),-71.2811524178699,45.7806762344026
"276","01",17 rue Noël Armagh G0R1A0,SSI Armagh,-70.5817773364785,46.742890367069
"5","3",1325 avenue du Palais Saint-Joseph-de-Beauce G0S 2V0,SSI Saint-Joseph-de-Beauce,-70.863577133598,46.2951206616182
"357","47","1252, boul. de Cap-des-Rosiers Cap-des-Rosiers Gaspé G4X6H1",SSI Gaspé,-64.2098882547058,48.864308821905
"397","45",320 rue Principale  Saint-Cyrille-de-Lessard G0R 2W0,SSI Saint-Cyrille-de-Lessard,-70.2690711459099,47.0326137243324
"309","63","11, rue St-Laurent ouest Rimouski Rimouski G5L8B5",SSI Rimouski,-68.5210456878906,48.446544814796
"1083","2",132-A Rue de la Fabrique  Saint-Luc-de-Bellechasse G0R 1L0,SSI Lac-Etchemin/Saint-Luc,-70.4862512920704,46.5060168503685
"444",Granby,725 rue léon-hamel Granby Granby J2J1P7,SSI Granby,-72.7536011834899,45.4081034970721
"166","23","1145 Av. Bergeron, Saint-Agapit, QC G0S 1Z0",SSI Saint-Agapit,-71.431668409178,46.5611213472146
"89","53",4278 route 112 East Broughton G0N1G0,SSI East Broughton,-71.083859342987,46.2174087275117
"502","70","70, 65e Avenue, Saint-Côme J0K2B0",SSI Saint-Côme,-73.7765105058168,46.2692715162072
"968",St-Adrien,"5620 Route 257, Saint-Adrien, Qc. J0A 1C0",RIM des 3 Monts (R4123),-71.7209061297954,45.8201985510608
"605","26",1303 Fréchette  Chambly J3L2Y9,SSI Chambly,-73.2882792281688,45.4450689984547
"74","1","1432, rue Principale, Saint-Côme--Linière G0M1J0",SSI Saint-Côme-Linière,-70.5179421303273,46.0568600368661
"637","42","139 rang Saint-André, Saint-Bernard-de-Lacolle",SSI Saint-Bernard-de-Lacolle,-73.4342791891925,45.0734997338136
"411","71",576 Ch Principal St-Elzéar Saint-Elzéar G0C2W0,SSI Saint-Elzéar,-65.3936534868924,48.1605911435633
"232","55","141, rue Saint-Maurice Ouest, Saint-Michel-des-Saints J0K3B0",SSI Saint-Michel-des-Saints,-73.9186828481752,46.6780623849472
"331","46","14, de l'entrepôt Rivière-au-renard Gaspé G4X5L4",SSI Gaspé,-64.3758921005683,48.992020962039
"565",1 - St-Janvier,"14026, boul. Curé-Labelle, Mirabel J7J1L4",SSI Mirabel,-73.9332732238774,45.7077266220167
"871","78",282 Boulevard Nilus-Leclerc L'Islet G0R 2C0,SSI L'Islet,-70.3517118836409,47.1036487017711
"79","1","12275, Boulevard Lacroix, Saint-Georges",SSI Saint-Georges,-70.667218621644,46.1208723747787
"423","30","131, route des Beaux-Lieux Saint-Eusèbe Saint-Eusèbe G0L2Y0",SSI Saint-Eusèbe,-68.9114798071789,47.5427571321855
"126","200","146, rue Caouette Ouest, Thetford Mines G6G 7M7",SSI Thetford Mines,-71.3057969453704,46.0928245941595
"116","2","140, rue Baillargeon  Saint-Adelphe G0X2G0",Régie Centre-Mékinac (R4914),-72.4318530966475,46.7342798284343
"575","23","147, Saint-Pierre  Saint-Constant Saint-Constant J5A2G9",Régie incendie de l'Alliance des Grandes-Seigneuries,-73.5711323999325,45.3715331043407
"64","1","140, rue Saint-Jean Québec G1R 1N7",SSI Québec,-71.2262880991466,46.8076173712098
"477","05",1341 Principale  Sainte-Ursule J0K3M0,SSI Sainte-Ursule,-73.0234844536693,46.27965139306
"82","15","1441, avenue Maguire Sillery Québec G1T2W9",SSI Québec,-71.2515103251826,46.7808234353333
"155","43","1045 avenue Saint-Édouard,  Plessisville ,G6L2K3",SSIRÉ,-71.7663753222695,46.2139368629736
"909","56","139, rue Maurice, Saint-Rémi d'Amherst, Qc J0T2L0",SSI Mont-Tremblant,-74.767634514224,46.0084170646747
"282",,6826 ch Royal  Saint-Laurent-de-l'Île-d'Orléans G0A3Z0,SSI Saint-Laurent-de-l'Île-d'Orléans,-70.9983424177646,46.8642228643152
"327","58",149 Sainte-Cécile  Le Bic G0L1B0,SSI Rimouski,-68.7120039724831,48.3723373083425
"354","2","13,Principale (secteur Ste-Agnès)  La Malbaie G5A2A5",SSI La Malbaie,-70.2697954019556,47.6636301614421
"1047","8","1471, rang St-Pierre St-Zéphirin-de-Courval Saint-Zéphirin-de-Courval J0G1V0",RIM-Lac Saint-Pierre (R4121),-72.6149260041583,46.051934702184
"550","2","140, rue des Cèdres, Oka J0N1E0",SSI Oka,-74.0872693968821,45.4627927659389
"603","3","1570,route 202,Franklin  Franklin J0S1E0",SSI Franklin,-73.9352257611416,45.0276821863745
"667","20","21, rue Principale, Saint-Esprit J0K2L0",SSI MRC Montcalm (AR630),-73.6664865530324,45.8978575466096
"771","2","16 Prince, Huntingdon  Huntingdon J0S1H0",SSI Huntingdon,-74.1748238221454,45.0865030923043
"362","41","104, rue Principale Madeleine Centre Sainte-Madeleine-de-la-Rivière-Madeleine G0E1P0",SSI Ste-Mad.-de-la-Rivière-Madeleine,-65.353566295269,49.2481895186664
"594","29",15 rue bourdeau  Saint-Rémi J0L2L0,SSI Saint-Rémi,-73.6255922988397,45.2589202016467
"216","7","163, Route 218  Saint-Pierre-les-Becquets G0X2Z0",SSI MRC Bécancour (AR380),-72.1963231663321,46.4977132138499
"124",Victoriaville,175 boul. Bois-Francs sud Victoriaville Qc G6P4S5,SSI Victoriaville,-71.9469548043995,46.0562768156713
"470","01",154 Blvd Ouest Maskinongé Maskinongé J0K1N0,SSI Maskinongé,-73.0162310487872,46.2225027781787
"160","12","16, rue St-Eugène  Saint-Alban G0A3B0",SSI Saint-Alban,-72.077954325509,46.7205294920253
"488","23",1700 Curé Poirier Est Arrondissement Vieux Longueuil Longueuil J4J5L6,SSI Longueuil (SSIAL),-73.4607281375776,45.5444327982245
"219","6",167 route 204 Sainte-Justine G0R 1Y0,RISEDE,-70.3584920978031,46.4024909194923
"184","32",183 rue St-Joseph Dosquet G0S 1H0,SSI Dosquet,-71.5264706040779,46.4656579103153
"298","7","16, rue des Lupins Saint-Ferréol-les-Neiges  G0A3R0",SSI Saint-Ferréol-les-Neiges,-70.8617522139406,47.1169123479691
"355","6","98, rue Notre-Dame  Notre-Dame-des-Monts G0T1L0",SSI Notre-Dame-des-Monts,-70.3795117830561,47.6662744493883
"85","10","1808, Avenue Jules-Verne Québec G2G 2R2",SSI Québec,-71.3611943446565,46.774926171894
"289","18","1531, rue Principale Saint-Philémon G0R 4A0",RIBS,-70.4486718144588,46.678646888325
"404","45",15 Bélanger Lac-des-Aigles G0K 1V0,SSI Lac-des-Aigles,-68.6798217031008,47.9898275830646
"510",,"170, Notre-Dame Saint-Armand J0J1N0",SSI Saint-Armand/Pike River,-73.0751607095883,45.0449179619021
"460","62","160 chemin Georges-Bonnallie, Eastman J0E1P0",SSI Eastman,-72.3050589346511,45.3131663461923
"979","96","153, rue du Père-Divet Sept-Îles G4R5M8",SSI Sept-Îles,-66.3743947894618,50.2144519856049
"374","49","183, rue Principale Ouest, Saint-Éloi G0L2V0",SSI Rivière-du-Loup,-69.2285539518805,48.0369845598094
"245","50","174 rue St-Germain,  St-Hugues Saint-Hugues J0H1N0",R.I.P.I. du Nord des Maskoutains,-72.8582932001884,45.7914806290446
"271","42","184, rue Saint-Laurent, Lejeune G0L1S0",SSI Lejeune,-68.5749305784102,47.7689626338489
"421","39","20, Chemin Canada Saint-Juste-du-Lac, G0L3R0",SSI Saint-Juste-du-Lac,-68.752028380141,47.6521525952615
"281","2",12 rue des pins CAUSAPSCAL Causapscal G0J1J0,SSI MRC La Matapédia (AR070),-67.2203121687131,48.357187725669
"919","53","2002, rue des Lilas, La Conception, Qc J0T1M0",SSI Mont-Tremblant,-74.6946631117129,46.1518277243117
"1051",Tingwick,"12 rue de l'Hôtel-de-Ville, Tingwick, QC  J0A1L0",SSI Tingwick,-71.9419950044625,45.8791370784297
"255","83",34 rue de l'église Matapédia G0J1V0,SSI Avignon-Ouest,-66.9548077704769,47.9752328320719
"218","2",194 rue Adamsville Adamsville Bromont J2L2Y9,SSI Bromont,-72.7855397209164,45.2814962606532
"185","5","200, rue Principale Ste-Anne-de-la-Pérade Sainte-Anne-de-la-Pérade G0X2J0",,-72.2115016618071,46.5687760128793
"252","9","308 10e rang est, Durham-Sud, J0H 2C0",SSI Durham-Sud,-72.337486098299,45.6670522633295
"34","4","80, Gariepy, La Patrie J0B1Y0",Régie incendie Chartierville - Hampden - La Patrie,-71.2511727347325,45.4037229317924
"661","35","1900, Montée de la Réserve, Notre-Dame-de-la-Merci J0T2A0",SSI Notre-Dame-de-la-Merci,-74.0611277815885,46.2251312547342
"518","19","1, Hôtel de Ville  Léry Léry J6N1E8",SSI Léry,-73.8062213775905,45.3447918022759
"487","22",1920 Brébeuf Arrondissement Vieux Longueuil Longueuil J4J3P5,SSI Longueuil (SSIAL),-73.4829411688877,45.5263824993231
"342","19","66, rue Taché Ouest, Saint-Hubert-de-Rivière-du-Loup G0L3L0",SSI de St-Hubert-de-Rivière-du-Loup,-69.1541097095025,47.8100439799474
"113","4","18, rue Adam Coaticook, Québec J1A1K3",RIM-Coaticook (R4104),-71.8052676988439,45.1346643486743
"96","11",183 Route 138 Saint-Augustin-de-Desmaures G3A0G2,SSI Québec,-71.4320772299965,46.7506176990846
"105","8","1865, rue Notre-Dame  Saint-Maurice G0X2X0",SSI Saint-Maurice,-72.5404776393294,46.474183682101
"6","12","2056, Avenue Industrielle Québec G3K1L7",SSI Québec,-71.402786442725,46.8591291152382
"130","4",194 route 138  Cap-Santé G0A1L0,Régie portneuvoise (REPPI),-71.7704368954164,46.6702449806507
"428","7","195, rue Bilodeau Saint-Fabien-de-Panet G0R 2J0",SSI Saint-Fabien-de-Panet,-70.146850198733,46.6560374174624
"83","54","200, rue Turcotte, Sainte-Clotilde-de-Beauce, G0N 1C0",SSI Sainte-Clotilde-de-Beauce,-71.0306426882716,46.1234109606703
"277","17","2015, rue Principale Saint-Nérée-de-Bellechasse G0R 3V0",SSI Saint-Nérée-de-Bellechasse,-70.7254403773174,46.7283769971338
"290","3",4340 rue principale Notre-Dame-Auxiliatrice-de-Buckland G0R 1G0,RIBS,-70.5438893016075,46.6199401556892
"402","61","43 rue industrielle,  Saint-Narcisse-de-Rimouski G0K1S0",SSI MRC Rimouski-Neigette (AR100),-68.4363743746601,48.2904456615206
"464",80 - RF,"189, rue Notre-Dame Roxton Falls Roxton Falls J0H1E0",RIM-Roxton Falls (R4906),-72.5253940383083,45.5712727469119
"417","65",20 rue de la Gare  Saint-Anaclet-de-Lessard G0K1H0,SSI MRC Rimouski-Neigette (AR100),-68.4234022958177,48.4781195637139
"481","45",930 Saint-Jean Baptiste Henryville (Québec) Henryville J0J1E0,SSI Henryville,-73.1875702819087,45.1366419223733
"688","2","2056, chemin des Hauteurs, Saint-Hippolyte J8A2L5",SSI Saint-Hippolyte,-74.0165995288569,45.9194283549568
"35","1",217 Bilodeau East Angus  East Angus J0B1R0,RIM-East Angus (R4902),-71.6607080459608,45.485969770456
"37","1",21 Osborne Scotstown Scotstown J0B3B0,SSI Scotstown,-71.2756663647757,45.5244462245771
"983","7","1208 rte 255, ST-Félix-de-Kingsey  Saint-Félix-de-Kingsey G0B2T0",SSI Saint-Félix-de-Kingsey,-72.1893294408384,45.7948006937326
"612",,200 rue Miner Cowansville Cowansville J2K3J!,SSI Cowansville,-72.7580263399965,45.1973188794254
"1127","20","45, rue Beausoleil, Saint-Gabriel-de-Brandon J0K2N0",SSI MRC de D'Autray (AR520),-73.3827893661332,46.293498664579
"462",51S,23 chemin Millington Austin J0B1B0,SSI Austin,-72.2799278134626,45.1866783922455
"1123","90","50, rue Turnbull, Lavaltrie J5T0A4",SSI MRC de D'Autray (AR520),-73.2852008024258,45.8783473202614
"50",4-2,2115 chemin Saint-Edmond Stoneham-et-Tewkesbury G0A 4P0,SSI Stoneham-et-Tewkesbury,-71.3074004059552,47.0644263446641
"1122","80","200, rue Louis-Joseph-Doucet, Lanoraie J0K1E0",SSI MRC de D'Autray (AR520),-73.2290958710132,45.9625217331123
"1124","60","1880, rue Bonin, Saint-Barthélemy J0K1X0",SSI MRC de D'Autray (AR520),-73.1176225857266,46.1906025587787
"1125","50","1891, rue Principale, Saint-Cuthbert J0K2C0",SSI MRC de D'Autray (AR520),-73.2191424441548,46.1487328327256
"392",15 - 2,"106, rue Principale  Saint-Adalbert G0R 2M0",SSI Saint-Adalbert,-69.9004450159161,46.8619105092327
"513","31",2205 Saint-Georges Arrondissement LeMoyne Longueuil J4R1V7,SSI Longueuil (SSIAL),-73.4907553536827,45.5018179693957
"385","30","28, rue William-Evan-Price, Price, G0J 1Z0",SSI Price,-68.1282847755558,48.6020841101735
"1126","30","33, rue des Loisirs, Saint-Norbert J0K3C0",SSI MRC de D'Autray (AR520),-73.3139760217152,46.1711588185547
"1129","19","192, rue Saint-Joseph, Sainte-Félicité",SSI Matane,-67.3338716759376,48.89858354632
"1133","22",108 route des Fonds,SSI Les Méchins,-66.9804092494334,48.997899148051
"1128","10","162, rue Desjardins, Mandeville J0K1L0",SSI MRC de D'Autray (AR520),-73.3546233108469,46.3576202947627
"601","1","21, rue Tri-Jean, Grenville J0V1J0",SSI Grenville,-74.6001131318128,45.6291944238393
"425","9","257, rue Principale Saint-Just-de-Bretenières G0R 3H0",SSI Saint-Just-de-Bretenières,-70.0886186825286,46.5710325358486
"53","3",2217 boulevard Valcartier  Saint-Gabriel-de-Valcartier G0A 4S0,SSI Saint-Gabriel-de-Valcartier,-71.4650238468995,46.933098210766
"375","20","210, rue Saint-Jean-Baptiste L'Isle-Verte G0L1K0",SSI Rivière-du-Loup,-69.3396933393753,48.0122393305941
"1130","10","617, route 289 Saint-Alexandre-de-Kamouraska G0L 2G0",SSI KamEst,-69.6196102702404,47.6781385736769
"412","70","2, Rue Notre Dame, New Carlisle (Québec) G0C1Z0",SSI New Carlisle,-65.3257625092621,48.0107356839972
"1131","9","198, route 132, Saint-André G0L 2H0",SSI KamEst,-69.7343103108055,47.6694892711412
"1115","8","335, 5e rang ouest, Saint-Joseph-de-Kamouraska G0L 3P0",SSI KamEst,-69.6458551645989,47.6071470681551
"660","3","21, rue Larivière, Saint-Liguori J0K 2X0",SSI Saint-Charles-Borromée,-73.570838384948,46.005691679669
"1132","3","149, chemin du Haut-de-la-Rivière, Rivière-Ouelle  G0L 2C0",RIM-Kamouraska Ouest (R4909),-69.9872744996132,47.4410543688014
"117","6","1986, Place du Centre St-Séverin G0X 2B0",Régie Centre-Mékinac (R4914),-72.5025800798191,46.6671532136457
"296","2","12, rue St-Étienne Beaumont Beaumont G0R1C0",SSI Beaumont,-71.012683817205,46.8278267954663
"1116","72","146 rue Grenier, Laurierville, G0S 1P0",SSIRÉ,-71.6570295655718,46.2962922894117
"571","11","221 rue Centrale, St-Stanislas-de-Kostka J0S1W0",SSI Saint-Stanislas-de-Kostka,-74.1281809108052,45.1769104462334
"413","72",211 Grand Pré Bonaventure Bonaventure G0C1E0,SSI Bonaventure,-65.4798336918502,48.0502926252945
"678","1","2200, rue de l'Hôtel-de-Ville, Sainte-Sophie J5J1K5",SSI Sainte-Sophie,-73.8970501149837,45.819204575333
"363","11","220, St-Jérôme Matane Matane G4W3A2",SSI Matane,-67.5309078605329,48.8427557013043
"1191","3","365, rue Marquis, Saint-Célestin, Qc. J0C 1G0",SSI Saint-Célestin,-72.4358784178331,46.2157197222403
"1147","40","2280, rue Principale, Sainte-Élisabeth J0K2J0",SSI MRC de D'Autray (AR520),-73.3507249130469,46.0957271852181
"1180","76",360 Route 138 (St-Marc) Colombier,SSI Forestville,-69.0043098757163,48.8132541391533
"1139","18","113 route 132, Baie-des-Sables",SSI Price,-67.8930700389592,48.7203889961812
"1183","72",505 Route 138 (St-Paul-du-Nord) Longue-Rive,SSI Forestville,-69.2382103497614,48.5643628538505
"1190",,À définir,SSI Obedjiwan,-74.939549101217,48.6555528134927
"110","1","360, rue Terrill J1E 3S7, Sherbrooke",SSI Sherbrooke,-71.8838126523349,45.4142051867938
"1177","69","427, rue de la Mer  Les Bergeronnes",SSI Forestville,-69.5445008881905,48.2428313488656
"109","5","265, rue Léger J1L 1M2, Sherbrooke",SSI Sherbrooke,-71.970618611113,45.3964204797469
"1201","2","2005, boulevard su Plateau-St-Joseph, Sherbrooke, J1L3E2",SSI Sherbrooke,-71.9619281644706,45.4269182615921
"1149","4","14, rue Louis-Charles-Panet, Sainte-Mélanie J0K 3A0",SSI Saint-Charles-Borromée,-73.5132415553899,46.1342409565162
"1143","27","194, avenue du Mont-Comi, Saint-Donat G0K 1L0",SSI Mont-Joli,-68.2441805972763,48.4956885491879
"1140","25","69, rue de l'Église, Les Hauteurs G0K 1C0",SSI Les Hauteurs,-68.1112412636741,48.377223438144
"1193","7","529, rue de l'église, Sainte-Hélène-de-Kamouraska G0L 3J0",SSI Saint-Pascal,-69.7327431916637,47.5899727094879
"1194","13","821 rue Principale, Saint-Ferdinand, G0N 1N0",SSIRÉ,-71.5697746856241,46.1058647150483
"1145","6","80, chemin Delangis, Saint-Paul J0K 3E0",SSI Saint-Charles-Borromée,-73.4490331514798,45.9828387940048
"1188","85","339 rue 265, Villeroy, Qc.     G0S 3K0",SSIRÉ,-71.8682480726854,46.3825913140216
"1146","7","138, 12e rue, Crabtree J0K 1B0",SSI Saint-Charles-Borromée,-73.476941536283,45.966740705418
"1175","73",170 rue Principale Portneuf-sur-Mer,SSI Forestville,-69.101513005881,48.6178734288687
"1181","75",111 rue Sirois Colombier,SSI Forestville,-68.8520634434189,48.8640264439752
"1153","3","3355, chemin Saint-Charles, Terrebonne J6V 1A2",SSI Terrebonne,-73.5541095632522,45.7020407163404
"1138","3",22 Chemin Forestiers L'ïle-d'Anticosti,SSI L'Île-d'Anticosti,-64.3484518079338,49.8185049963581
"1154",,"1054, boulevard Docteur Camille-Marcoux définir",SSI Blanc-Sablon,-57.2049909807283,51.4143687521798
"770","9","2282 Ridge Road,Godmanchester Huntingdon,Qc.JOS1HO Godmanchester J0S1H0",SSI Godmanchester,-74.1908893451122,45.090675612711
"652","25","2271, chemin Entrelacs, Entrelacs J0T2E0",SSI Entrelacs,-74.0022330379567,46.1063999100484
"886","5","2345, rue de la Rivière-du-Berger Québec G1P 3N6",SSI Québec,-71.2943204898001,46.8104445405147
"11","06",1688-1  Rte. 263 Sainte-Cécile de Whitton G0Y1J0,SSI Sainte-Cécile-de-Whitton,-70.9417083980236,45.667846874638
"12","11",6256 Notre-Dame Nantes Nantes G0Y1G0,SSI Nantes,-71.0214379550609,45.6311871419073
"268","1",7 rue Morin  Berthier-sur-Mer G0R 1E0,SSI Berthier-sur-Mer,-70.7274893702868,46.926800940418
"24","1",100 Principale Est Cookshire Cookshire-Eaton J0B1M0,SSI Cookshire-Eaton,-71.6278342893372,45.412647736337
"23","3",155 Des Iris Johnville Cookshire-Eaton J0B1M0,SSI Cookshire-Eaton,-71.7567720845042,45.3300071631389
"326","59","181, route Centrale  Saint-Valérien G0L4E0",SSI MRC Rimouski-Neigette (AR100),-68.6569596790796,48.3385939100688
"324","3",34 boulay Sayabec G0J3K0,SSI MRC La Matapédia (AR070),-67.6883368037346,48.5589586953414
"330","48","148, boul. Gaspé  Gaspé G4X1A9",SSI Gaspé,-64.4865934539719,48.8410112910407
"383","69","231, Rue St-Pie X, Paspébiac (Québec) G0C2K0",SSI Paspébiac,-65.2497815987735,48.0367881163942
"108","4","1605, ch. Galvin, J1G 3J1, Sherbrooke",SSI Sherbrooke,-71.8521753550026,45.4061573239866
"321","64","112, Hôtel de Ville Grande-Rivière Grande-Rivière G0C1V0",SSI Grande-Rivière,-64.4958629529135,48.4000552009347
"478","04",1281 Gérin  Saint-Justin J0K2V0,SSI Saint-Justin,-73.0898010320007,46.2494400147386
"262","14","208, route Principale Est Sainte-Euphémie-sur-Rivière-du-Sud G0R 2Z0",SSI Sainte-Euphémie-sur-Rivière-du-Sud,-70.4356027174873,46.776940985254
"297",,4547 ch royal  Saint-Jean-de-l'Île-d'Orléans G0A3W0,SSI Saint-Jean-de-l'Île-d'Orléans,-70.8873568927502,46.9253733561812
"291","19","104, rue du Foyer Saint-Raphaël G0R 4C0",SSI Saint-Raphaël,-70.749188211548,46.7955819239706
"623","1","99 rue cyr, beford J0J1A0",SSI Bedford,-72.9875252108179,45.1266641666039
"15","80","713 rue Principale, Lac Drolet",SSI Lac-Drolet,-70.8509563203425,45.7196299670097
"1202","3","1005, rue Claire-Jolicoeur, Sherbrooke, J1H 5Z7",SSI Sherbrooke,-71.9158952037781,45.3907425362144
"20","51",230 rue du Collège Lambton Lambton G0M1H0,SSI Lambton,-71.0923289495463,45.837904838294
"1203","7","5920, Boulevard Bourque, Sherbrooke, J1N 1H3",SSI Sherbrooke,-72.0114426720894,45.356876795239
"655","200","100 Rue des Cantonniers, Sainte-Adèle, QC J8B 1V8",SSI Sainte-Adèle,-74.1376764104789,45.9569407153817
"396","40","22, Village Est  Saint-Damase-de-L'Islet G0R 2X0",SSI Saint-Damase-de-L'Islet,-70.1275384496343,47.1960932210068
"1075","55","222, Principale  Esprit-Saint G0K1A0",SSI MRC Rimouski-Neigette (AR100),-68.5500734765048,48.076828027504
"731","51","80, route 323, Mont-Tremblant, Qc J8E3A9",SSI Mont-Tremblant,-74.6069753717551,46.1130061360513
"515","43",190 16e Ave Ouest Venise-en-Québec Venise-en-Québec J0J2K0,SSI Venise-en-Québec,-73.1522623818816,45.0844491558398
"564","8",1875 rue Bédard  St-Lazare J7T 2G4,SSI Saint-Lazare,-74.1394333782149,45.4070100768623
"104","1",230 Père Rhéaume Neuville G0A2R0,SSI Neuville,-71.5889080797166,46.6974096285684
"1054","8",24 de la municipalité LAC-AU-SAUMON Lac-au-Saumon G0J1M0,SSI MRC La Matapédia (AR070),-67.3429766634461,48.4193872582141
"996",garage pour citerne,"27, des Érables, Franquelin  Franquelin G0H1E0",SSI Baie-Comeau,-67.8927228285047,49.2936722347677
"137","9",257 Chemin du Roy Deschambault Deschambault-Grondines G0A1S0,Régie portneuvoise (REPPI),-71.9315557973145,46.6480895710122
"520",1 - Est,"2811, route 327, Harrington J8G2T1",SSI Harrington,-74.5481896403217,45.8263457265477
"317","2","27, rue Saint-Louis Saint-Pacôme G0L 3X0",RIM-Kamouraska Ouest (R4909),-69.9458580202672,47.4094745856522
"604",Rockburn,"2430,Rt 202, Rockburn  Hinchinbrooke J0S1E0",SSI Hinchinbrooke,-74.026269559292,45.0225677694318
"458","4","313 A chemin Yamaska, Saint-Germain-de-Grantham, J0C 1K0",SSI Saint-Germain-de-Grantham,-72.5695749383102,45.8399464129871
"144","10","275, rue Gauthier  Saint-Marc-des-Carrières G0A4B0",SSI Saint-Marc-des-Carrières,-72.0493030009667,46.6801029473448
"29","1",27 ST-Jean-Baptiste   Chartierville J0B1K0,Régie incendie Chartierville - Hampden - La Patrie,-71.204559898211,45.2981984523603
"10","81",288 Chemin Grenier Audet Audet G0Y1A0,SSI Audet,-70.7325346786241,45.658932616916
"586","34",260 st nicolas  Napierville J0J1L0,SSI Napierville,-73.4052129634585,45.1955276219119
"645","17",27 Pomme d'Or  Saint-Antoine-sur-Richelieu J0L1R0,SSI Saint-Antoine-sur-Richelieu,-73.1667891997025,45.7884510766626
"544","28",2700 Edouard VII  Saint-Philippe J0L2K0,SSI Saint-Philippe/Saint-Mathieu,-73.4756219076051,45.3545974484299
"1069","78",57 rue des Mésanges  Maria G0C1Y0,SSI Avignon-Est,-65.9926570450157,48.1746611315222
"381","10","261, Principale Saint-Pamphile G0R 3X0",SSI Saint-Pamphile,-69.7849677717391,46.9643324313791
"254","81",244 boul. Perron Escuminac G0C1N0,SSI Avignon-Est,-66.4765771855395,48.1238763236272
"31","1","77 rue de la Coop, Saint-Isidore-de-Clifton",SSI Saint-Isidore-de-Clifton &Saint-Malo,-71.5104718798535,45.2653174079889
"676","50","870, 12e Avenue, Saint-Lin--Laurentides J5M2W2",SSI Saint-Lin-Laurentides,-73.7538252637822,45.8507688711743
"672","30","2580 rue Eugène-Marsan, Sainte-Julienne J0K2T0",SSI MRC Montcalm (AR630),-73.7095034011223,45.9631054953419
"147","3","250, St-Gabriel  Sainte-Thècle G0X3G0",Régie Centre-Mékinac (R4914),-72.5051765115844,46.8137802897225
"17","38","412 rue Principale, Saint-Sébastien G0Y 1M",SSI Saint-Sébastien (05),-70.9694947906856,45.7817538532945
"66","7","255, rue Clémenceau Beauport G1C 6A4",SSI Québec,-71.1826784978952,46.8785855474296
"46",Notre-Dame-Ham,"13, rue Principale Notre-Dame-de-Ham, Qc G0P1C0",RIM des 3 Monts (R4123),-71.7345774926661,45.9082476834821
"76","16","2528, Boulevard Lapierre Saint-Émile G3E 1M3",SSI Québec,-71.3424459817766,46.8828263118316
"275","09","250, chemin Métivier Saint-Damien-de-Buckland G0R 2Y0",RIBS,-70.6494371271704,46.6272762646466
"209",,"27, mont Écho Lac Brome Lac-Brome J0E1V0",SSI Lac-Brome,-72.5110731745616,45.2152275672604
"3","4",287 rue Marchand  Saint-Victor G0M 2B0,SSI Saint-Victor,-70.904253409008,46.1467933519187
"869","03","501, boulevard Duchesne, Yamachiche, Qc. G0X 3L0",SSI Yamachiche,-72.8250655823594,46.2821216453178
"480","11",2481 Camirand Sainte-Angèle-de-Prémont J0K1R0,SSI Sainte-Angèle-de-Prémont,-73.0571655145181,46.3646698839032
"352","18","280, rue Bernier Saint-Épiphane G0L2X0",SSI Saint-Épiphane,-69.3290884410151,47.89629441268
"650","1","2850, boul. du Curé-Labelle, Prévost J0R1T0",SSI Prévost,-74.0697222428852,45.8576279111746
"308","1",21 rue des ateliers  AMQUI Amqui G5J3H5,SSI MRC La Matapédia (AR070),-67.4431430731278,48.468896911665
"1079","11","28 Québec 271 N, Saint-Éphrem-de-Beauce, QC G0M 1R0",SSI Saint-Éphrem-de-Beauce,-70.954672150515,46.058857068848
"199",50 - St-Claude,"295, Route de l'Église Saint-Claude (Qc) J0B 2N0",SSI Saint-Claude,-71.9764033916884,45.6592782805404
"589",1 - sect Brownsburg,"302, rue de l'Hôtel-de-Ville, Brownsburg-Chatham J8G3B3",SSI Brownsburg-Chatham,-74.408587781714,45.6763340169043
"344","4","2,rue Maisonneuve  Clermont G4A1G6",SSI Clermont,-70.2253186046317,47.6950877850453
"501","40","409, rue Saint-Michel, Sainte-Émélie-de-l'Énergie J0K2K0",SSI Sainte-Émélie-de-l'Énergie,-73.643350166775,46.3236821400972
"98","4","28, Rue St-Charles Sainte-Geneviève-de-Batiscan Sainte-Geneviève-de-Batiscan G0X2R0",SSI Sainte-Geneviève-de-Batiscan,-72.3386018636152,46.5326606730229
"202","9","515, route 265, Fortierville, Qc. G0S 1J0",SSI MRC Bécancour (AR380),-72.0196339069595,46.4891930062301
"447","1",310 Cockburn Drummondville Drummondville J2C4L7,SSI Drummondville,-72.4926286135457,45.8830225271407
"777",Athelstan,"2884, River Rd,Athelstan  Hinchinbrooke J0S1H0",SSI Hinchinbrooke,-74.17684637183,45.0371025745059
"319","66","542, route 132 Newport Chandler G0C2A0",SSI Chandler,-64.7429129914254,48.2755834549987
"959","40","32, rue du Dr Wilfrid-Locat, Saint-Roch-de-l'Achigan J0K3H0",SSI MRC Montcalm (AR630),-73.5918541701579,45.858445796699
"204","6","85, rue Principale Notre-Dame-du-Rosaire G0R 2H0",SSI Notre-Dame-du-Rosaire,-70.3887964302785,46.8229983386763
"1081",Nutashkuan,"29, rue Matshiteu Nutashkuan",SSI Nutashquan,-61.8048690234462,50.1293623728083
"888","10","294, route 216  Saint-Paul-de-Montminy G0R 3Y0",SSI Saint-Paul-de-Montminy,-70.3573934171127,46.7280877272277
"278","12","307, route 279 Saint-Lazare-de-Bellechasse G0R 3J0",SSI Saint-Lazare-de-Bellechasse,-70.8024669059324,46.6505904996659
"145","11",300 Chemin des Ancètres Grondines Deschambault-Grondines G0A1W0,Régie portneuvoise (REPPI),-72.0314477852829,46.592398956355
"312","58",290 chemin Gros-Cap Cap-aux-Meules C.P 1460 Cap-aux-Meules Îles-de-la-Madeleine GOB 1BO Les Îles-de-la-Madeleine G4T1L1,SSI Les Îles-de-la-Madeleine,-61.8740113626876,47.3736735095847
"1072",Potton,"2 rue Val Perkins, Potton J0E1X0",SSI Potton,-72.3920256505156,45.0494026644235
"288","3",74 rue Principale  Sainte-Sabine G0R 4H0,RISEDE,-70.3495169191899,46.4904816218553
"213","11","2658, 40e Rue, Saint-Prosper G0M 1Y0",SSI Saint-Prosper,-70.4727738178715,46.2114659901338
"430","4","3123 chemin Capelton North Hatley, J0B 2C0",Régie incendie Memphrémagog Est,-71.9714708501713,45.2796911861514
"366","51","289, rue Notre-Dame Est Trois-Pistoles G0L4K0",SSI Trois-Pistoles,-69.1672480602552,48.1293284264405
"587","32",298 St-Patrice  Saint-Patrice-de-Sherrington J0L2N0,SSI Saint-Patrice-de-Sherrington,-73.5294979714782,45.160562129353
"765","37",3047 routhier  Sainte-Clotilde-de-Châteauguay J0L1W0,SSI Sainte-Clotilde,-73.6787201499991,45.1585640442864
"679","80","3599, rue Church, Rawdon J0K1S0",SSI Rawdon,-73.7042236502462,46.0419706685057
"441","2",3755 Principale  Saint-Cyrille-de-Wendover J1Z1C6,SSI Saint-Cyrille-de-Wendover,-72.4304257490207,45.928349495546
"320","65",35 Commerciale Ouest Chandler Chandler G0C1K0,SSI Chandler,-64.6783639816875,48.3486777669849
"772","4","335 Jules-Léger,St-Anicet,JOS1MO  Saint-Anicet J0S1M0",SSI Saint-Anicet,-74.3604907207425,45.1392428479742
"498","30","320, rue Sainte-Louise, Saint-Jean-de-Matha J0K2S0",SSI Saint-Jean-de-Matha,-73.5302941739933,46.233132091172
"373","29","249, chemin de la Station, Métis-sur-mer G0J1S0",SSI Métis-sur-Mer,-67.994949299969,48.6665558133378
"266","5","316,  rue des Entrepreneurs Montmagny G5V 4T2",SSI Montmagny,-70.5793893941235,46.9697792366782
"1058","43",3300 Lapinière Arrondissement Brossard Brossard J4Z3L8,SSI Longueuil (SSIAL),-73.4532917770621,45.4626559496324
"639","32",3333 Bédard  Saint-Jean-Baptiste J0L2B0,SSI Saint-Jean-Baptiste,-73.1197499161773,45.5174647562203
"279","4","316, rue St-Jean  Honfleur G0R1N0",SSI Honfleur,-70.880037810232,46.6562639072152
"292","10","36, de la Fabrique Est Saint-Gervais G0R 3C0",SSI Saint-Gervais,-70.8861622473107,46.7150134104474
"150","5","103 Grande ligne, Saint-Raymond G3L1A1",SSI Saint-Raymond,-71.8181587000191,46.900646807609
"607",,"3747, Principal Dunham, Dunham J0E1M0",SSI Dunham,-72.8004615336031,45.1329332176516
"194",31 - Windsor,"319 St-Georges Windsor, (Qc) J1S1K5",RIM-Windsor (R4122),-71.9922678979255,45.5769844684396
"168","14","332, rue Principale  Saint-Thuribe G0A4H0",SSI Saint-Thuribe,-72.167020148687,46.704874495976
"682",60 - St-Calixte,"5555, route 335, Saint-Calixte J0K1Z0",SSI MRC Montcalm (AR630),-73.8455677392635,45.9423128622509
"431",Wat,"400 rue Bernard, Waterloo  J0E2N0",SSI Waterloo,-72.5373057507456,45.3425964529237
"394","20","35, des Loisirs St-Marcel G0R 3R0",SSI Saint-Marcel,-70.0637957622447,46.897115083971
"52","4",201 chemin de la Grande-Ligne Stoneham-et-Tewkesbury G0A 4P0,SSI Stoneham-et-Tewkesbury,-71.3742543288124,46.9811299576658
"51",4-1,3150 route Tewkesbury  Stoneham-et-Tewkesbury G0A 4P0,SSI Stoneham-et-Tewkesbury,-71.427989755056,47.0468421380683
"118","2","353, rue Notre-Dame Saint-Narcisse Saint-Narcisse G0X2Y0",SSI Saint-Narcisse,-72.4732872659842,46.5633987976192
"28","55",28 rue Bédard Adstock G0N1S0,SSI Adstock,-71.0744602762599,46.0506960281372
"476","06",31 de la Fabrique St-Léon-le-Grand Saint-Léon-le-Grand J0K2W0,SSI Saint-Léon-le-Grand,-72.9357257437221,46.3131720613366
"873","15",2494 Route du Fleuve Les Éboulements G0A2M0,SSI Les Éboulements,-70.3105059854175,47.4820618575902
"516","1","3488, route Principale, Wentworth-Nord J0T1Y0",SSI Wentworth-Nord,-74.4576758721818,45.848059953481
"325","6",39 st-françois ST-NOEL Saint-Noël G0J3A0,SSI MRC La Matapédia (AR070),-67.8372932026684,48.5851746459868
"461","61",395 rue Principale  Eastman J0E1P0,SSI Eastman,-72.3159246011265,45.3015049502431
"32","7","3, Chemin Cookshire Compton (Québec) J0B1L0",SSI Compton,-71.8248277057686,45.2418076827072
"368","11",40 rue Racine Baie-Saint-Paul Baie-Saint-Paul G3Z2R2,SSI Baie-Saint-Paul,-70.5113099662675,47.4422382520607
"195","4","4065, Port Royal St-Grégoire Bécancour G9H1Z2",SSI Bécancour,-72.5115601557685,46.2729027521924
"316","6","405, rue Taché Saint-Pascal (Québec) G0L3Y0",SSI Saint-Pascal,-69.8076498291146,47.5282800157766
"519",2 - Ouest,"420, chemin de Harrington, Harrington J8G2S5",SSI Harrington,-74.6630445820833,45.7909952578313
"310","5","38, Notre-Dame Mont-Carmel Mont-Carmel G0L1W0",RIM-Kamouraska Ouest (R4909),-69.8600700472314,47.4394913434688
"134","6","20, rue Georges  Saint-Basile G0A3G0",SSI Saint-Basile,-71.8262178342991,46.7559936308155
"512",25-RegieSTB,39 Savaria  Saint-Basile-le-Grand J3N1P7,RIM-Vallée-du-Richelieu,-73.283296029521,45.5267364243771
"186","6","395, Rue Principale Batiscan Batiscan G0X1A0",SSI Batiscan,-72.2568338447433,46.4883375321224
"409","65","379, route de L'Église  Saint-Roch-des-Aulnaies G0R 4E0",SSI La Pocatière,-70.1724689509899,47.308047506408
"592","31",405d mtée Lussier  Saint-Édouard J0L1Y0,SSI Saint-Patrice-de-Sherrington,-73.5119181654977,45.2398115382052
"885",3 - St-Hermas,"4250, chemin Charles-Léonard, Mirabel J7N2Y8",SSI Mirabel,-74.1936609395186,45.6050889904447
"562","44",3800 Matte Arrondissement Brossard Brossard J4Y2Z2,SSI Longueuil (SSIAL),-73.4617843929379,45.4287137378306
"115","1",4251 route de Fossambault Sainte-Catherine-de-la-Jacques-Cartier G3N 0V7,SSI Ste-Catherine-de-la-Jacques-Cartier,-71.6040965178547,46.8348347199907
"304","6",5 rue Auclair  Sainte-Brigitte-de-Laval G0A 3K0,SSI Sainte-Brigitte-de-Laval,-71.194959385009,47.003627494581
"9","30","3850 rue Komery, Lac-Mégantic G6B 0H7",SSI Lac-Mégantic,-70.880478971251,45.5749755672179
"593","30",374 rue blais  Saint-Michel J0L2J0,SSI Saint-Michel,-73.5691937211669,45.234490746256
"449","13",390 St-Édouard  Charette G0X1E0,RSSIR Maskinongé,-72.9208548543819,46.4447284393822
"307","59",389 chemin Bassin Havre-Aubert  Îles-de-la-Madeleine Les Îles-de-la-Madeleine G4T0B8,SSI Les Îles-de-la-Madeleine,-61.9196604328116,47.2287082712548
"158","44",386 route du Moulin Saint-Sylvestre G0S 3C0,SSI Saint-Sylvestre,-71.2278063881138,46.364920735858
"285","8","3, rue Leclerc Saint-Tite-des-Caps G0A4J0",SSI Saint-Tite-des-Caps,-70.7703804593672,47.1415412780587
"119","9","918 rang Saint-Flavien, Notre-Dame-du-Mont-Carmel",SSI Notre-Dame-du-Mont-Carmel,-72.6753089346313,46.4710597073288
"615",16-St_Julie,"395, rue Bernadette Sainte-Julie Sainte-Julie J3E1W6",SSI Sainte-Julie,-73.3321433890108,45.5924108577659
"379","12","306 Chem. Cartier, Saint-Hilarion, QC G0A 3V0",SSI Saint-Hilarion,-70.4021673935339,47.5784932806432
"283",,2474 Ch. Royal Sainte-Famille G0A3P0,SSI Sainte-Famille,-70.9624332956373,46.9729454645225
"350","48","25-A, rue St-Pierre Saint-Clément G0L2N0",SSI Saint-Clément,-69.0964735784146,47.9242908119494
"358","45","41, de l'Église (St-Maurice) Gaspé G4X4B3",SSI Gaspé,-64.4759231505869,49.0516593352606
"1088","62","3, rue du Collège Sainte-Blandine Rimouski G5N5G8",SSI Rimouski,-68.4596832060342,48.3609220933837
"257","85",457 Ch. Central St-François D`Assise Saint-François-d'Assise G0J2N0,SSI Avignon-Ouest,-67.1656740711105,47.9831206244389
"463",52N,483 chemin Nord Austin J0B1B0,SSI Austin,-72.251720761114,45.2733920169385
"764","8","367 Route 132, Sainte-Barbe J0S1P0",SSI Sainte-Barbe,-74.1897123346977,45.1668249949807
"71","5","489, principale, Saint-Théophile G0M2A0",SSI Saint-Martin/Saint-René & Saint-Théophile,-70.495495098727,45.9332342751036
"265","80",466 rue Francoeur Nouvelle Nouvelle G0C2E0,SSI Avignon-Est,-66.3131528678449,48.1384129642354
"382","67","477, route 132 Port-Daniel-Gascons  Port-Daniel--Gascons G0C2N0",SSI Port-Daniel--Gascons,-64.9741251304179,48.1744996097818
"169","15","340, rue St-Paul  Saint-Ubalde G0A4L0",SSI Saint-Ubalde,-72.2603044010695,46.751196248153
"25","2","14 rue de la Station, Cookshire-Eaton",SSI Cookshire-Eaton,-71.5687446251231,45.336753934641
"433","3",15 rue Marcel-Dorais (Secteur St-Nicéphore) Drummondville J2A2G2,SSI Drummondville,-72.4195289796647,45.8288226287525
"474","9","4, rue Principale Baie-du-Febvre Baie-du-Febvre J0G1A0",RIM-Lac Saint-Pierre (R4121),-72.7179349930887,46.1395654387379
"1046","8","4252, Place Orsainville Charlesbourg G1G 1R9",SSI Québec,-71.2843019606005,46.881160501432
"1101","12","499, route Principale  Sainte-Apolline-de-Patton G0R 2P0",SSI Sainte-Apolline-de-Patton,-70.1970867001951,46.806280382629
"647","15","493, avenue de l'Amitié, Chertsey J0K3K0",SSI Chertsey,-73.890527430467,46.075186856404
"1053","30",427 rue Principale Sud Sainte-Perpétue G0R 3Z0,SSI Sainte-Perpétue,-69.9210361477266,47.0536441969488
"1084","3","6, Chemin Saint-Paul (Secteur St-Fidèle) La Malbaie G5A2G6",SSI La Malbaie,-69.9953197289437,47.7355711178911
"249",1 (STD - Ville),425 Dufferin Stanstead J0B3E2,Régie incendie Memphrémagog Est,-72.0969993213386,45.0106517669105
"1016","67","408, rue du bateau-passeur, Tadoussac G0T2A0",SSI Tadoussac,-69.7146624691591,48.1491595724747
"180","43",467 rue du Manoir Saint-Patrice-de-Beaurivage G0S 1B0,SSI Saint-Patrice-de-Beaurivage,-71.2393625722656,46.4103828827272
"293","5","453, rue Piedmont  La Durantaye G0R 1W0",SSI La Durantaye,-70.8615600211912,46.8299133202087
"778","15","283, route 338 Coteau du Lac Coteau-du-Lac J0P1B0",SSI Coteau-du-Lac,-74.1718834756466,45.3021741034598
"779","19",4 rue du Moulin  St-Clet J0P1S0,SSI Saint-Clet,-74.2199868457468,45.3513021968225
"482","47",453 rue Saint-Denis Saint-Alexandre (Québec) Saint-Alexandre J0J1S0,SSI Saint-Alexandre,-73.1167494038682,45.2396525801575
"333","49",4 avenue St-Patrick (Douglastown) Gaspé G4X2Y2,SSI Gaspé,-64.3854277330029,48.7632827986364
"484","1",525 Saint-Jacques Saint-Jean-sur-Richelieu Saint-Jean-sur-Richelieu J3B7N7,SSI Saint-Jean-sur-Richelieu,-73.2716826068868,45.3063161578301
"81","1","501, rue Principale, Saint-Honoré-de-Shenley G0M1V0",SSI Saint-Honoré-de-Shenley,-70.823926063347,45.9606930653977
"123","4","540, rue Notre-Dame  Saint-Tite G0X3H0",Régie Centre-Mékinac (R4914),-72.5646382334431,46.7269554965418
"140","4",509-205 ieme avenue Shawinigan secteur st-georges Shawinigan G9T3H3,SSI Shawinigan,-72.6583918112903,46.6261275559451
"69","6","504, route Bégin Saint-Anselme G0R 2N0",SSI Saint-Anselme,-70.98722503741,46.6387493286574
"453",11 - Valcourt (V),"541, ave du Parc C.P. 340 Valcourt (Qc) J0E 2L0",RIM-Valcourt (R4904),-72.3138248166817,45.4926875465685
"42","3",525 2e avenue Weedon Weedon J0B3J0,Régie des Rivières (R4132),-71.4613223176608,45.7071676329881
"284",,515 Rte des Prêtres Saint-Pierre-de-l'Île-d'Orléans G0A4E0,SSI Saint-Pierre-de-l'Île-d'Orléans,-71.0627526191822,46.8831503082387
"723","24","4, rue Albert-Bergeron, Sainte-Agathe-des-Monts, Qc J8C1M9",Régie des Monts,-74.2832903081703,46.0479386363514
"174","12","370, chemin de la rivière, Lemieux, Qc. G0X 1S0",SSI MRC Bécancour (AR380),-72.1362557878664,46.2905246197977
"389",15 - 1,"51, rue Principale  Saint-Adalbert G0R 2M0",SSI Saint-Adalbert,-69.8967837432756,46.8649297195421
"893","12",500 rue du Lac Saint-Benjamin G0M 1N0,SSI Saint-Benjamin,-70.5995380369534,46.2792943887414
"182","42",500 rang Saint-Joseph Saint-Narcisse-de-Beaurivage G0S 1W0,SSI Saint-Narcisse-de-Beaurivage,-71.2346899966071,46.4859122834636
"491",1 - SCB,"525, rue de la Visitation, Saint-Charles-Borromée J6E 4P2",SSI Saint-Charles-Borromée,-73.4624843553666,46.0477747013087
"47","42","550, avenue Jacques Cartier Disraeli G0N 1E0",SSI Disraeli (V),-71.3578539788752,45.902957524729
"883","52","358, route 132, Saint-Simon G0L4C0",SSI Saint-Simon-de Rimouski,-69.0418222243086,48.2048435040977
"574","9",547 rue Principale   Sainte-Marthe J0P1W0,SSI Sainte-Marthe,-74.2960431520901,45.4054758233725
"558","13","4401, rue Séguin  Vaudreuil-Dorion Vaudreuil-Dorion J7V 0K2",SSI Vaudreuil-Dorion,-74.2029976684381,45.4547987588682
"173","11","55, Ste-Sophie  Manseau G0X1V0",SSI MRC Bécancour (AR380),-72.0078349197238,46.3754786367503
"214","70","580, rue Montcalm, Berthierville J0K1A0",SSI MRC de D'Autray (AR520),-73.1755733094964,46.0837105107917
"1087","82",5 rue de la Carrière Pointe-à-la-Croix G0C1L0,SSI Avignon-Ouest,-66.6984574952767,48.0301147627887
"322","7",76 route 132 est Val-Brillant G0J3K0,SSI MRC La Matapédia (AR070),-67.5407611895679,48.52972484918
"246",Kingsey Falls,"57 boul. Kingsey, Kingsey Falls  J0A1B0",SSI Kingsey Falls,-72.0612995088235,45.8553494899875
"231","65","5929, rue Principale, Saint-Zénon J0K3N0",SSI Saint-Zénon,-73.8144411125486,46.5578380390196
"27","1",563 main street Bury  Bury J0B1J0,SSI Bury,-71.5013373989829,45.4734463273931
"584",3 - Pine Hill,"5, rue Gagné, Brownsburg-Chatham J8G2N5",SSI Brownsburg-Chatham,-74.4847375504076,45.7410367348653
"26","1","884, Route 257, Sud, Hampden J0B1Y0",Régie incendie Chartierville - Hampden - La Patrie,-71.2586356729303,45.4611928033716
"388","14",319. rue Témiscouata Rivière-du-Loup G5R3Y7,SSI Rivière-du-Loup,-69.5093490017919,47.8225027846002
"546","20","20, boulevard D'Anjou, Chateauguay  Châteauguay J6K1B7",SSI Châteauguay,-73.7420747360176,45.3611562193322
"555","27","600, boulevard Taschereau La Prairie La Prairie J5R1V1",,-73.4940499292901,45.4117189709701
"33","5","600, Principale sud Waterville J0B3H0",SSI Waterville,-71.8914248316253,45.275112663352
"258","64","620, Boul. Sainte-anne Pointe-au-Père Rimouski G5M1J6",SSI Rimouski,-68.4766389518609,48.5013924862873
"94","11",6050 rue Lafleur  Sainte-Croix G0S 2H0,SSI Sainte-Croix,-71.7331695578373,46.6247221747068
"879",11-Bouch.,600 Chemin du Lac Arrondissement Boucherville Boucherville J4B6X3,SSI Longueuil (SSIAL),-73.4446457863246,45.6068623940187
"643",11-Vercheres,"450, rue Duvernay, Verchères Verchères J0L2R0",SSI Verchères,-73.3554528871634,45.7695529534114
"305","3","600, avenue des Oblats Québec G1N 1V9",SSI Québec,-71.2413645390677,46.8081753555636
"1056","16","55, rue Principale  Saint-Nazaire-de-Dorchester G0R 3T0",SSI Saint-Léon-de-Standon,-70.6624782540984,46.5522373888781
"454","16",561 chemin Déziel  Saint-Mathieu-du-Parc G0X1N0,RSSIR Maskinongé,-72.922185774735,46.5735207819642
"7","13","59, route de l'Église  Saint-Léon-de-Standon G0R 4L0",SSI Saint-Léon-de-Standon,-70.6203617407494,46.4767033127669
"54","14","610, 7e Rue  Saint-Malachie G0R 3N0",SSI Saint-Malachie,-70.765410041033,46.5318722611828
"403","60","5, Centrale sud La Trinité-des-Monts La Trinité-des-Monts G0K1B0",SSI MRC Rimouski-Neigette (AR100),-68.4720705976353,48.1267610407297
"101",Chesterville,616 rue de l'Accueil Chesterville,SSI Chesterville,-71.8143138936102,45.9660963378738
"1080","36",567 route 202 hemmingford  Hemmingford J0L1H3,SSI Hemmingford,-73.5642802226582,45.0452491581686
"521","700","567, chemin du Village, Morin-Heights J0R1H0",SSI Morin-Heights,-74.2345470155529,45.9066075515067
"146","3",690- 8ieme rue shawinigan secteur grand-mere Shawinigan G9T6K1,SSI Shawinigan,-72.6952339959228,46.6132259328773
"585","22","721, Rang Saint-Régis  Saint-Isidore Saint-Isidore J0L2A0",SSI Châteauguay,-73.6817183345364,45.2977449645035
"583",2 - sect St-Philippe,"6, rue Aubin, Brownsburg-Chatham J8G2G3",SSI Brownsburg-Chatham,-74.4291799350078,45.6258042445484
"332",50 (aéroport),"6, de l'Aéroport  Gaspé G4X2K2",SSI Gaspé,-64.478178792619,48.7780504684511
"442","08",70 Rue Duguay  Saint-Barnabé G0X2K0,SSI Saint-Barnabé,-72.8781856879569,46.3940960958331
"128","3","127, rue Dupont, Pont-Rouge Pont-Rouge G3H3K8",SSI Pont-Rouge,-71.6923024297756,46.7568896621494
"306","4","70, rue des Pins Ouest Québec G1L 1S7",SSI Québec,-71.2433826124563,46.8380026772764
"112","11","6, rue de la Sucrerie canton Orford J1X6L3",,-72.1973061340991,45.3883072032842
"114","2",655 Notre-Dame  Donnacona G3M1J6,SSI Donnacona,-71.7221684644131,46.6743953869925
"386","44","6, rue Saint-Marc, Biencourt G0K1T0",SSI Biencourt,-68.6095037274685,47.9373208994649
"496","50","232, rue Gaspard Nord, Joliette J6E 2T8",SSI Joliette,-73.4482643571259,46.0244862869365
"1067","7",397 Rue Principale  Saint-Cyprien G0R 1B0,RISEDE,-70.2625740579979,46.3534364338441
"346","62","65, Route 132 Ouest Percé Percé G0C2L0",SSI Percé,-64.2149416524814,48.5291208698397
"438","2",66 Lévesque  Magog J1X5T6,SSI Magog,-72.1811564516025,45.2767321519874
"92","5",75 chemin Tour-du-Lac  Lac-Beauport G3B 0A1,SSI Lac-Beauport,-71.2856395073853,46.9463101141481
"506","2",700 Balthazard Saint-Jean-sur-Richelieu Saint-Jean-sur-Richelieu J2X4V6,SSI Saint-Jean-sur-Richelieu,-73.2340681709407,45.3070158756463
"196","22",68 rue de l'Église Saint-Apollinaire G0S 2E0,SSI Saint-Apollinaire,-71.5073536192279,46.6130351998661
"230","10","6860, chemin Montauban, Saint-Damien J0K2E0",SSI Saint-Damien,-73.4795939349217,46.3348267627693
"448","14",70 Fiset  Saint-Boniface G0X2L0,RSSIR Maskinongé,-72.8303789303435,46.5044474924202
"164","33",729 rue des Loisirs Saint-Janvier-de-Joly G0S 1M0,SSI Saint-Janvier-de-Joly,-71.6630152155066,46.4853574819772
"353","1","65,boulevard Kane  La Malbaie G5A1J7",SSI La Malbaie,-70.1542799995522,47.64780715603
"552","6","701, boul. Cardinal-Léger Pincourt (Québec) Pincourt J7V6W9",SSI Pincourt,-73.9847038166496,45.3621954988947
"624","54","681, rue Saint-Joseph Marieville Marieville J3M1H1",SSI Marieville,-73.1644358634915,45.4312589403361
"636","38",6 Landry Lacolle (Québec) Lacolle J0J1J0,SSI Lacolle,-73.3722508552072,45.0829020656054
"547","10","90, 7e Avenue Terrasse-Vaudreuil  J7V 3M9",SSI Terrasse-Vaudreuil,-73.9863131757127,45.3904503692878
"328","56","67, 1 ere rue, St-Fabien G0L 2Z0 Saint-Fabien G0L2Z0",SSI MRC Rimouski-Neigette (AR100),-68.8714603094344,48.292406041759
"432","8",799 Rte Boivert  L'Avenir J0C1B0,SSI Drummondville,-72.3035503616258,45.7646943519314
"1105","4",167 rue Main Dudswell J0B1G0,Régie des Rivières (R4132),-71.5710103076434,45.5805328877121
"443","1","66 rue Sherbrooke, Magog J1X1Y4",SSI Magog,-72.146914543947,45.2654800303206
"662","90","759, rue Desrochers, Saint-Donat J0T2C0",SSI Saint-Donat,-74.2110352704162,46.315116219343
"162","5",757 des Bouleaux Sainte-Eulalie Sainte-Eulalie G0Z1E0,RIM-Bulstrode (R4911),-72.2537492752585,46.1145062701951
"301","3","8006, avenue Royale, Château-Richer G0A1N0",SSI Château-Richer,-71.0174053564993,46.9696330240118
"40","17","775, St-Jean Wotton (QC) J0A1N0",SSI Wotton,-71.8085862087056,45.7384504701559
"393","25","7, de l'Église Sud  Sainte-Félicité G0R 4P0",SSI Sainte-Félicité,-69.9468924065856,46.9644556480459
"190","6","7720, boul. Parc Industriel Bécancour G9H 3N6",SSI Bécancour,-72.2804302569343,46.3045863358644
"457","5",745 Chemin du Sanctuaire  Saint-Majorique-de-Grantham J2B8A8,SSI Drummondville,-72.5804318741387,45.9336429148696
"398","60","79, route de la Station Sainte-Louise G0R 3K0",SSI Sainte-Louise,-70.1283943842448,47.2823089670475
"286","5",576 rue Principal Saint-Camille-de-Lellis G0R 4H0,RISEDE,-70.2153006533003,46.491924954098
"73","9",7 rue des Saules  Sainte-Aurélie G0M 1M0,SSI Sainte-Aurélie,-70.3630186616007,46.1752372144807
"72","10","793, 15e avenue  Saint-Zacharie G0M 2C0",SSI Saint-Zacharie,-70.3593600808069,46.1207657899643
"217",60 - Richmond,"800, rue Hayes Richmond (Qc)  J0B 2H0",SSI Région Richmond (R4905),-72.1260038199991,45.6631992741289
"122","2",77 rue Gosford  Shannon G0A 4N0,SSI Shannon,-71.5321380808648,46.8991414778253
"95","13",19 rue Commerciale Lotbinière G0S 1S0,SSI Lotbinière/Leclercville,-71.9282645074749,46.615395198648
"2","13",770 des Rocailles Québec G2J 1E5,SSI Québec,-71.2782385538584,46.8350342493562
"59","11","77, route Campagna Saint-Henri G0R 3E0",SSI Saint-Henri,-71.0685510582935,46.6971098124528
"629",,"808, principale Notre-Dame-de-Stanbridge J0J1M0",SSI Notre-Dame-de-Stanbridge,-73.0422908568525,45.1748500751709
"621",,"7, Maple Stanbridge-East Stanbridge East J0J2H0",SSI Stanbridge East,-72.9158145247145,45.1226959280633
"351","21","80, rue Principale ouest Saint-Paul-de-la-Croix G0L3Z0",SSI Saint-Paul-de-la-Croix,-69.20622936846,47.9438062884655
"187","7","819, rue Notre-Dame Champlain Champlain G0X1C0",SSI Champlain,-72.3546820385446,46.4373290300745
"210","30","784, rue Lanoie Upton J0H2E0",SSI Upton,-72.6933750525471,45.6494441155889
"653","800","773, chemin de Sainte-Anne-des-Lacs, Sainte-Anne-des-Lacs J0R1B0",SSI Sainte-Anne-des-Lacs,-74.1273808242897,45.8606298400159
"170","16",834 rue Principale  Rivière-à-Pierre G0A3A0,SSI Rivière-à-Pierre,-72.1758380956745,46.9973060867974
"499","50","851, rue de l'Église, Sainte-Béatrix J0K1Y0",SSI Sainte-Béatrix,-73.6208822319146,46.1936525833138
"559",4 - St-Benoît,"9275, rue Sainte-Madeleine, Mirabel J7N2P4",SSI Mirabel,-74.0954145881019,45.5714073288536
"646",10 - ContreC,"4060 rue des Ormes, Contrecoeur J0L1C0",SSI Contrecoeur,-73.2311613468733,45.8526481178049
"580","1","90, rue Barron, Lachute J8H4N2",SSI Lachute,-74.3375084127229,45.6557765326053
"469","02",91 Ste-Élzabeth Louiseville J5V1M3,SSI Louiseville,-72.9420371394713,46.2547271973285
"554",6 - St-Augustin,"8465, rue Saint-Jacques, Mirabel J7N2A3",SSI Mirabel,-73.9830948434112,45.6335184329692
"434","10",864 Principale Wickam Wickham J0C1S0,SSI Drummondville,-72.498297041785,45.7593500252845
"172","5","462, rue St-Alphonse,  Lac-aux-Sables Lac-aux-Sables G0X1M0",SSI Lac-aux-Sables,-72.4174845599196,46.8591330944584
"556","11",85 de lotbinière  Vaudreuil-Dorion Vaudreuil-Dorion J7V2T6,SSI Vaudreuil-Dorion,-74.012672245028,45.3796954851705
"891","75","108 Rue Industrielle New Richmond, QC G0C 2B0",SSI New Richmond,-65.8440329821272,48.1541973854529
"1071","26","90, boulevard Montcalm Nord Candiac Candiac J5R3L8",Régie incendie de l'Alliance des Grandes-Seigneuries,-73.5187841739348,45.3942989763285
"241",2 (Fitchbay),"394 chemin Remick, Fitchbay, Canton Stanstead",Régie incendie Memphrémagog Est,-72.1781260938795,45.1180212999312
"1082","1",8 Saint-Léon Saint-Chrysostome Saint-Chrysostome J0S1R0,SSI Saint-Chrysostome,-73.7609625441275,45.1067552288794
"127","43","88, avenue St-Patrick, Saint-Joseph-de-Coleraine G0N 1B0",SSI Saint-Joseph-de-Coleraine,-71.3731438079087,45.9643099296668
"406","37","784, 7e rue Ouest, Dégelis G5T2G3",SSI Dégelis,-68.6456420660622,47.5454322941911
"545","21","837, rue Saint-Joseph  Mercier J6R1J6",SSI Mercier,-73.7433240697687,45.3124357751719
"48","6","8005, rue Saulois Québec G2B 3K4",SSI Québec,-71.3492084885635,46.8279617113221
"263","2","135, chemin Vincelotte Cap-Saint-Ignace G0R 1H0",SSI Montmagny,-70.441920431573,47.0307274292284
"39","1","130, DesRivières St-Camille (Qc) J0A1G0",SSI Saint-Camille,-71.7081577223874,45.6856687867338
"635",,"875, Principale ouest Farnham Farnham J2N2X9",SSI Farnham,-73.0040527359927,45.288006283502
"1107",1 - Brom,"1340 Shefford, Bromont J2L 1J6",SSI Bromont,-72.6779782320412,45.3088600110353
"455","15","2430 avenue principale, St-Élie-de-Caxton  Saint-Élie-de-Caxton G0X2N0",SSI Saint-Élie-de-Caxton,-72.9596241780847,46.4911564154397
"422","36","2492, Commerciale Sud, Notre-Dame-du-Lac G0L1X0",SSI Témiscouata-sur-le-Lac,-68.7870147085881,47.6110856232852
"926","41","8567, boul. du Curé-Labelle, Labelle, Qc J0T1H0",SSI Labelle,-74.7481148023434,46.2820967921807
"680","2","997, rue de l'Église, Saint-Jérôme J5L1L8",SSI Mille-Isles,-74.0814563158809,45.784693899263
"303","5","105 chemin des Mas,  Boischatel G0A1H0",SSI Boischatel/L'Ange-Gardien,-71.136815060382,46.9006386340807
"446",12 - Bonsecours,198 chemin de l'Église Bonsecours (Qc) J0E 1H0,RIM-Valcourt (R4904),-72.3041054492171,45.4068290937776
"887","3",99 boul. St-Luc St-Jean-sur-Richelieu J2W1E1,SSI Saint-Jean-sur-Richelieu,-73.2753105901368,45.3410440581116
"377","16"," 1018, rue du Patrimoine, Cacouna G0L1G0",SSI Cacouna,-69.4944680035088,47.9260839801683
"419","41"," 559 rue des Pionniers, Auclair G0L1A0",SSI Auclair,-68.647650104075,47.7268729263799
"261","34","149 rue Raymond, Saint-Louis-du-Ha! Ha!",SSI Saint-Louis-du-Ha! Ha!,-68.9807001097057,47.6663450151009
"894","14",942 rue Saint-Jean-Baptiste Leclercville G0S 2K0,SSI Lotbinière/Leclercville,-71.9966729651469,46.5674599874203
"602","1","9, chemin Cambria, Gore J0V1K0",SSI Gore,-74.2535611880598,45.7517872275291
"568","5","9 Gale, Ormstown  Ormstown J0S1K0",SSI Ormstown,-73.9972411972687,45.1267241742717
"36",7 - Lingwick,9 ch. Fontainebleau lingwick J0B2Z0,Régie des Rivières (R4132),-71.356235109036,45.6114595519125
"1092","7","310, chemin du Bas-de-Sainte-Thérèse, Blainville J7B1T5",SSI Blainville,-73.8043066763331,45.6518522592336
"418","29","9, rue de l'Église Saint-Marc-du-lac-Long, G0L1T0",SSI Saint-Marc-du-Lac-Long,-68.8963850035475,47.3880616005187
"201","21",3965 Chemin de Tilly Saint-Antoine-de-Tilly G0S 2C0,SSI Saint-Antoine-de-Tilly,-71.5787057434462,46.6634916372844
"345","63","989, Rang 2, Cap d'Espoir Percé Percé G0C1G0",SSI Percé,-64.3360648548866,48.4762272725397
"260","35","15 rue Pelletier, Cabano G0L1E0",SSI Témiscouata-sur-le-Lac,-68.8782736504335,47.6816730227704
"264","79",7 rue Comeau  Carleton Carleton-sur-Mer G0C1J0,SSI Avignon-Est,-66.1140382924183,48.1021275086034
"1059","2","967, 24e Avenue, Secteur St-Antoine, Saint-Jérôme J7Z3H7",SSI Saint-Jérôme,-73.9775841254172,45.7627717382569
"543","33","93 principale, Saint-Jacques-le-Mineur J0J1Z0",SSI Saint-Jacques-le-Mineur,-73.4182358133625,45.2760858447299
"561",2 - St-Scholastique,"9815, rue Saint-Vincent, Mirabel J7N2Y5",SSI Mirabel,-74.0956164338869,45.6494217375851
"632",15-St-Amab,"550 rue Providence, Saint-Amable Saint-Amable J0L1N0",SSI Saint-Amable,-73.3070904838625,45.6443085769475
"642","39","959, rue Principale Saint-Paul-de-l'Île-aux-Noix (Québec) Saint-Paul-de-l'Île-aux-Noix J0J1G0",SSI Saint-Paul-de-l'Île-aux-Noix,-73.2772190180544,45.1303106718827
"300","4","9879, boulevard Ste-Anne, Sainte-Anne-de-Beaupré  G0A3C0",SSI Sainte-Anne-de-Beaupré,-70.9204972789998,47.0262450185415
"302","2","6415 avenue Royale,  L'Ange-Gardien G0A2K0",SSI Boischatel/L'Ange-Gardien,-71.0899649615104,46.9177456355799
"609",21-RegieBeloeil,"700, Boul. Yvon-L'Heureux Nord  Beloeil J3G2C9",RIM-Vallée-du-Richelieu,-73.218459206584,45.5754323422718
"657","300","9, chemin Masson, Sainte-Marguerite-du-Lac-Masson J0T1L0",SSI Sainte-Marguerite-Estérel,-74.0536926304564,46.029802795022
"193",32 - SFXB,"94, rue Principale Saint-François-Xavier-de-Brompton, (Qc)  JOB2V0",RIM-Windsor (R4122),-72.0457081918543,45.5405744628637
"436","3","958 rue Main, Ayers Cliff J0B1C0",Régie incendie Memphrémagog Est,-72.0433370766591,45.1696919356193
"1076","52","1250, chemin du Village, Mont-Tremblant, Qc J8E1G7",SSI Mont-Tremblant,-74.6136053074354,46.1807082906232
"1028","55","110, Place de la Mairie, Mont-Blanc, Qc J0T1J2",SSI Mont-Tremblant,-74.4801072380891,46.11391012735
"599","1","1754, route 148, Grenville-sur-la-Rouge J0V1B0",SSI Grenville-sur-la-Rouge,-74.6132841471539,45.6467895080509
"370","39",16 rue Pionier Marsoui Marsoui G0E1V0,SSI Marsoui,-66.0673937921035,49.2128384714745
"452",13 - Racine,Route 222 Racine (Qc) J0E 1Y0,RIM-Valcourt (R4904),-72.2008030150067,45.4828887830538
"205","10",Rue Notre-Dame  Saint-Édouard-de-Maskinongé J0K2H0,SSI Saint-Édouard-de-Maskinongé,-73.1434194771217,46.3309528428874
"973","1","  402,  9e Boulevard Desrochers La Pocatière G0R 1Z0",SSI La Pocatière,-70.0332783344613,47.3704824345338
"208","533",  Manawan J0K1M0,SSI Manawan,-74.3885770665632,47.222344959042
"600",3 - Pte-au-Chêne,"2708 , route 148, Grenville-sur-la-Rouge J0V1B0",SSI Grenville-sur-la-Rouge,-74.7483321974177,45.6450103103775
"634","50",85 rue Girard Sainte-Angèle-de-Monnoir Sainte-Angèle-de-Monnoir J0L1P0,SSI Marieville,-73.1111535136017,45.3907337777513
"424","28","28 des Pins Est, Rivière-Bleue G0L2B0",SSI Rivière-Bleue,-69.0430019357353,47.4361336284527
"343","8",368 rue Bergeron  Saint-Siméon G0T1X0,SSI Saint-Siméon (03),-69.8793974260349,47.8441445970479
"21","10","185 route 108, Saint-Évariste-de-Forsyth",SSI de La Haute-Beauce,-70.9355533520154,45.9450979566717
"57","8",141 rue de l'Église Sainte-Claire G0R 2V0,SSI Sainte-Claire,-70.861772821976,46.6045124101801
"380","14","1, rue du Moulin Saint-Urbain Saint-Urbain G0A4K0",SSI Saint-Urbain,-70.5372405109015,47.5594802992621
"295","20",517 route 132 Saint-Vallier G0R 4J0,SSI Saint-Vallier,-70.8106107979907,46.8984419290516
"407","31","13 rue de la Caserne, Packington G0L1Z0",SSI Packington,-68.787090728181,47.4915389635266
"1027","14",505 rue Fleming Schefferville  G0G2T0,SSI Schefferville,-66.8211034362292,54.800519743226
"509",, 3 route 237 Frelighsburg J0J1C0,SSI Frelighsburg,-72.8383020438407,45.0554261775698
"274","26","1313 rue Principale, Pohénégamook G0L1J0",SSI Pohénégamook,-69.2409391304378,47.457338390321
"207","8",110 rue de la caserne  Saint-Louis-de-Gonzague G0R 2L0,SSI Saint-Louis-de-Gonzague,-70.3270162291297,46.2662298963642
"167","31",137 rue de la Station Laurier-Station G0S 1N0,SSI Laurier-Station,-71.6289309884429,46.5402595621877
"183","24",151 rue Martineau Saint-Gilles G0S 2P0,SSI Saint-Gilles,-71.3680390231182,46.5124847801117
"77","6"," 3155, rue Saint-Augustin, Lévis (Breakeyville) G6Z 8G2",SSI Lévis,-71.2406968741021,46.6908988074449
"88","2","  2060, 3e Rue, Lévis (Saint-Romuald) G6W 5M6",SSI Lévis,-71.2300201930956,46.748100365619
"250",5 (Beebee),2 chemin North Derby Stanstead J0B3E4,Régie incendie Memphrémagog Est,-72.1548623112632,45.0108430768325
"971","3","451 rue Jérôme-Demers, Lévis (Saint-Nicolas) G7A 5B3",SSI Lévis,-71.3070654539649,46.7259175865669
"56","44","  108 rue de l'Église, Frampton G0R1M0",SSI Frampton,-70.8074530483864,46.4624115336694
"930","58","85, chemin des Fondateurs, La Minerve, Qc J0T1S0",SSI Mont-Tremblant,-74.9361831979216,46.2529457510119
"884","4","672, boul. Saint-François, Lac-des-Écorces J0W1H0",,-75.3480180226877,46.5563913735301
"16","1","133 Bd Canam S, Saint-Gédéon-de-Beauce, QC G0M 1T0",SSI Saint-Gédéon-de-Beauce,-70.6351703366821,45.8537712903944
"256","84",121 Rustico Sud Saint-Alexis-de-Matapédia G0J2E0,SSI Avignon-Ouest,-67.0461679940776,47.9690728174924
"177","7","2197, rang Saint-Joseph, Sainte-Perpétue, Qc.J0C 1R0",SSI Sainte-Perpétue (Nicolet-Yamaska),-72.4704094399267,46.0845458751163
"400","38","161, 7ième rue ouest Sainte-Anne-des-Monts Sainte-Anne-des-Monts G4V2L4",SSI Sainte-Anne-des-Monts,-66.4905882386868,49.1207028737185
"238","40","859 rue principale, Saint-Roch-de-Richelieu J0L2M0",SSI Saint-Roch-de-Richelieu,-73.1662828126506,45.895688108138
"188","3","12255, boul. Bécancour Ste-Angèle-de-Laval Bécancour G9H2K3",SSI Bécancour,-72.5026879369532,46.3382252795003
"467","13",720 Rue Plante  Saint-Bonaventure J0C1C0,SSI Saint-Bonaventure,-72.6805521254224,45.9658661405007
"44","41",7 rue St-François  Beaulac-Garthby G0Y 1B0,Régie des Rivières (R4132),-71.3783861608728,45.8367293907281
"287","4", 13 Rue Mercier Saint-Magloire G0R 3M0,RISEDE,-70.2865119601659,46.5754860404788
"427","16",133 rue Principale  Sainte-Lucie-de-Beauregard G0R 3L0,SSI Sainte-Lucie-de-Beauregard,-70.0246310516122,46.7374032248617
"597","5","11, rue Saint-Pierre  Les Cèdres J7T1W1",SSI Les Cèdres,-74.0536092152796,45.3052049845246
"479","12",1751 Rue Matteau  Saint-Paulin J0K3G0,RSSIR Maskinongé,-73.013214602632,46.4194826381485
"61","32","  86, rue Langevin Sainte-Hénédine G0S 2R0",SSI Sainte-Hénédine,-70.9858628334606,46.5603785529001
"1090","32","67 rue Saint-Pierre Est, Sainte-Luce G0K1P0",SSI Sainte-Luce,-68.3437978400967,48.5304752614681
"1085","7","90,Chemin des Bains  Saint-Irénée G0T1V0",SSI Saint-Irénée,-70.2076475165486,47.5660073496368
"181","41",2550 Rue Saint-Pierre Sainte-Agathe-de-Lotbinière G0S 2A0,SSI Sainte-Agathe-de-Lotbinière,-71.4077140197206,46.3821912282061
"387","26","271, rue principale, Saint-Gabriel-de-Rimouski G0K1M0",SSI Saint-Gabriel-de-Rimouski,-68.1645087753896,48.4291287597211
"957","03",1502 route de l'aéroport Longue-Pointe-de-Mingan Longue-Pointe-de-Mingan G0G1V0,SSI Longue-Pointe-de-Mingan,-64.1432818132093,50.2695359797543
"1093","12","2592, rue Principale Saint-Édouard-de-Lotbinière G0S 1Y0",SSI Saint-Édouard-de-Lotbinière,-71.8375466096999,46.5691371030745
"165","34"," 1159 2e rang, Val-Alain G0S 3H0",SSI Val-Alain,-71.7525277025489,46.4119924465721
"338","53","37, du Collège Saint-Mathieu-de-Rioux G0L3T0",SSI Saint-Mathieu-de-Rioux,-68.9850421756074,48.1858392467824
"269","33","119 Principale, Saint-Honoré-de-Témiscouata G0L3K0",SSI Saint-Honoré/Saint-Pierre-de-Lamy,-69.1321613149389,47.7084108713728
"611","20","18, St-Jean-Baptiste  Saint-Charles-sur-Richelieu J0H2G0",SSI Saint-Charles-sur-Richelieu,-73.1854907228364,45.6909345734751
"596","4","935, chemin Saint-Féréol  Les Cèdres J7V 3G1",SSI Les Cèdres,-74.0901718125121,45.3462102340596
"259","43","4 rue St-Michel, Saint-Michel-du-Squatec G0L4H0",SSI Saint-Michel-du-Squatec,-68.7217694366264,47.8800113533688
"267","8","25, chemin St-François Est Saint-François-de-la-Rivière-du-Sud G0R 3A0",SSI Saint-François-de-la-Rivière-du-Sud,-70.6952314444698,46.8998272717546
"913","41","666, rue des Érables, Saint-Elzéar G0S 2J0",SSI Saint-Elzéar,-71.0651340333836,46.4061052829359
"60","34","  261-B, rue de la Meunerie, Sainte-Marguerite G0S 2X0",SSI Sainte-Marguerite,-70.9373705070357,46.5128467594145
"93","11"," 270, avenue Marguerite-Bourgeoys, Sainte-Marie G6E 3Z3",SSI Sainte-Marie,-71.0215413631116,46.4382631244202
"90","43","236, route des Érables, Saints-Anges G0S 3E0",SSI Saint-Anges,-70.8863738997072,46.4105448385357
"62","33","  2700, route Carrier, Scott G0S 3G0",SSI Scott,-71.0853145219485,46.5095777978261
"1","42"," 489, Chemin de l'Écore Nord, Vallée-Jonction G0S 3J0",SSI Vallée-Jonction,-70.9312421908789,46.3731367331187
"14","41","411 route 204, Saint-Ludger G0M1W0",SSI Saint-Ludger,-70.6868611174961,45.7422421486896
"270","38","218 Chemin Principal, Saint-Pierre-de-Lamy G0L4B0",SSI Saint-Honoré/Saint-Pierre-de-Lamy,-69.0332221830148,47.7838389268631
"466","11",1065 Rang de l'église  Saint-Eugène J0C1J0,SSI Saint-Eugène,-72.7016243094783,45.8065042994514
"189","1","3360, boul. Bécancour Gentilly Bécancour G9H 3W",SSI Bécancour,-72.2802864340079,46.4001919253963
"161","13","135, rue Baribeau  Saint-Casimir G0A3L0",SSI Saint-Casimir,-72.1394815179503,46.6575611186583
"493","20","5331, chemin de Saint-Jean, Saint-Félix-de-Valois J0K2M0",SSI Saint-Félix-de-Valois,-73.4375667797608,46.1674106504326
"610","2","6775, rue Prévert ( St-Thomas d'Aquin) Saint-Hyacinthe Saint-Hyacinthe J2R 1A",SSI Saint-Hyacinthe,-72.9968601281727,45.6498800393101
"567","0","31 rue Lambton,Howick  Howick J0S1G0",SSI Howick,-73.8472105903105,45.1846056112252
"395","35",896 rue Principale  Tourville G0R 4M0,SSI Tourville,-69.9863082461096,47.0961799779516
"910","76","75, route GALLAGHER, Cascapédia--Saint-Jules (Québec) G0C1T0",SSI Cascapédia-Saint-Jules,-65.9237655275086,48.2539421973424
"75","6","131, 1ere avenue, Saint-Martin G0M1B0",SSI Saint-Martin/Saint-René & Saint-Théophile,-70.6561111948804,45.9588505172305
"410","70","389, de l'Église  Saint-Jean-Port-Joli G0R 3G0",SSI Saint-Jean-Port-Joli,-70.2627584179681,47.2096269663983
"1108",40 - Stoke,"365, rue Principale Stoke (Qc) J0B3G0",SSI Stoke,-71.8077114167595,45.5275170084415
"414","73","300 Rue Alexis Poirier, Saint-Siméon (Québec) G0C3A0",SSI Saint-Siméon (11),-65.5920792655649,48.0757045384811
"244","4",153 rue St-Édouard St-Simon Saint-Simon J0H1P0,SSI Saint-Hyacinthe,-72.8691298841995,45.7329681057109
"347","61","1032, Route 132 Est, Barachois Percé Percé G0C1A0",SSI Percé,-64.2850288788638,48.6177681888407
"1089","1",306 rue Industriel  Lac-Etchemin G0R1S0,SSI Lac-Etchemin/Saint-Luc,-70.5214213322323,46.4068162674578
"649","1","200, boul. Ducharme, Sainte-Thérèse J7E4R6",SSI Sainte-Thérèse,-73.8429153417456,45.6465171461275
"852","14","1, rue Saint-François-Xavier, Sainte-Anne-du-Lac J0W1V0",SSI Sainte-Anne-du-Lac,-75.3241170949253,46.8772398851669
"566","1","330, montée de l'Église, Saint-Colomban J5K1A1",SSI Saint-Colomban,-74.1362681962131,45.7385739454762
"349","50","36, Principale Sud Saint-Jean-de-Dieu G0L3M0",SSI Saint-Jean-de-Dieu,-69.0465940988785,48.0002252674706
