kind,class_source,field_source,destination_name,suggested_name,unresolved_tokens,suggestion_confidence,status,approved_name,notes,xpath_hint
shared-field,,mID,id,id,,high,,,,/classes/fields/field[@source='mID']
shared-field,,mIDSSI,idSSI,idSsi,SSI,review-needed,,,,/classes/fields/field[@source='mIDSSI']
shared-field,,mIDDBConso,idDBConso,idDbConso,DB,review-needed,,,,/classes/fields/field[@source='mIDDBConso']
shared-field,,mNom,nom,nom,nom,review-needed,,,,/classes/fields/field[@source='mNom']
shared-field,,mDescription,description,description,,high,,,,/classes/fields/field[@source='mDescription']
shared-field,,mNote,note,note,note,review-needed,,,,/classes/fields/field[@source='mNote']
shared-field,,mDateCreation,dateCreation,dateCreation,date,review-needed,,,,/classes/fields/field[@source='mDateCreation']
shared-field,,mActif,actif,actif,,high,,,,/classes/fields/field[@source='mActif']
shared-field,,mInactif,inactif,inactif,,high,,,,/classes/fields/field[@source='mInactif']
shared-field,,mAdresse,adresse,adresse,,high,,,,/classes/fields/field[@source='mAdresse']
shared-field,,mDetail,detail,detail,,high,,,,/classes/fields/field[@source='mDetail']
shared-field,,mPrefixe,prefixe,prefixe,,high,,,,/classes/fields/field[@source='mPrefixe']
shared-field,,mIDCaserne,idCaserne,idCaserne,,high,,,,/classes/fields/field[@source='mIDCaserne']
shared-field,,mVectPhotoFich,listePieceJointe,listePieceJointe,,high,,,,/classes/fields/field[@source='mVectPhotoFich']
shared-field,,mDateActivite,dateActivite,dateActivite,date,review-needed,,,,/classes/fields/field[@source='mDateActivite']
shared-field,,mDateCompletee,dateCompletee,dateCompletee,date,review-needed,,,,/classes/fields/field[@source='mDateCompletee']
shared-field,,mDateIdent,dateIdent,dateIdent,date,review-needed,,,,/classes/fields/field[@source='mDateIdent']
shared-field,,mDateDebut,dateDebut,dateDebut,date,review-needed,,,,/classes/fields/field[@source='mDateDebut']
shared-field,,mDateFin,dateFin,dateFin,date,review-needed,,,,/classes/fields/field[@source='mDateFin']
shared-field,,mMatricule,matricule,matricule,,high,,,,/classes/fields/field[@source='mMatricule']
shared-field,,mCourriel,courriel,courriel,,high,,,,/classes/fields/field[@source='mCourriel']
shared-field,,mIDTypeActivite,idTypeActivite,idTypeActivite,Type,review-needed,,,,/classes/fields/field[@source='mIDTypeActivite']
shared-field,,mIDDossPrev,idDossierAdresse,idDossierAdresse,,high,,,,/classes/fields/field[@source='mIDDossPrev']
class-field,com.db4o.StaticClass,fields,fields,fields,,high,,,,/classes/class[@source='com.db4o.StaticClass']/field[@source='fields']
class-field,com.db4o.StaticClass,name,name,name,name,review-needed,,,,/classes/class[@source='com.db4o.StaticClass']/field[@source='name']
class-field,com.db4o.StaticField,name,name,name,name,review-needed,,,,/classes/class[@source='com.db4o.StaticField']/field[@source='name']
class-field,com.db4o.StaticField,value,value,value,,high,,,,/classes/class[@source='com.db4o.StaticField']/field[@source='value']
class-field,com.db4o.config.Entry,key,key,key,key,review-needed,,,,/classes/class[@source='com.db4o.config.Entry']/field[@source='key']
class-field,com.db4o.config.Entry,value,value,value,,high,,,,/classes/class[@source='com.db4o.config.Entry']/field[@source='value']
class-field,com.db4o.ext.Db4oDatabase,i_signature,i_signature,iSignature,i,review-needed,,,,/classes/class[@source='com.db4o.ext.Db4oDatabase']/field[@source='i_signature']
class-field,com.db4o.ext.Db4oDatabase,i_uuid,i_uuid,iUuid,i|uuid,review-needed,,,,/classes/class[@source='com.db4o.ext.Db4oDatabase']/field[@source='i_uuid']
class-field,gen.requete.DynamicStaticDate,mDynamicDate,dynamicDate,dynamicDate,Date,review-needed,,,,/classes/class[@source='gen.requete.DynamicStaticDate']/field[@source='mDynamicDate']
class-field,gen.requete.DynamicStaticDate,mStatic,static,static,,high,,,,/classes/class[@source='gen.requete.DynamicStaticDate']/field[@source='mStatic']
class-field,gen.requete.DynamicStaticDate,mStaticDate,staticDate,staticDate,Date,review-needed,,,,/classes/class[@source='gen.requete.DynamicStaticDate']/field[@source='mStaticDate']
class-field,gen.util.HVector,mReadOnly,readOnly,readOnly,read|Only,review-needed,,,,/classes/class[@source='gen.util.HVector']/field[@source='mReadOnly']
class-field,gen.util.ObjetToString,mHashCodeSurToString,hashCodeSurToString,hashCodeSurToString,hash|Code|Sur|To,review-needed,,,,/classes/class[@source='gen.util.ObjetToString']/field[@source='mHashCodeSurToString']
class-field,gen.util.ObjetToString,mObjet,objet,objet,,high,,,,/classes/class[@source='gen.util.ObjetToString']/field[@source='mObjet']
class-field,gen.util.ObjetToString,mObjetsFormatsAlternatifs,objetsFormatsAlternatifs,objetsFormatsAlternatifs,,high,,,,/classes/class[@source='gen.util.ObjetToString']/field[@source='mObjetsFormatsAlternatifs']
class-field,gen.util.ObjetToString,mToString,toString,toString,to,review-needed,,,,/classes/class[@source='gen.util.ObjetToString']/field[@source='mToString']
class-field,gest.DSI2003.DSI2003,mCode,code,code,code,review-needed,,,,/classes/class[@source='gest.DSI2003.DSI2003']/field[@source='mCode']
class-field,gest.DSI2003.DSI2003,mGroupe,groupe,groupe,,high,,,,/classes/class[@source='gest.DSI2003.DSI2003']/field[@source='mGroupe']
class-field,gest.DSI2003.DSI2003,mNom,nom,nom,nom,review-needed,,,,/classes/class[@source='gest.DSI2003.DSI2003']/field[@source='mNom']
class-field,gest.DSI2003.DSI2003Perso,mIDSousCodeMSP,idSousCodeMSP,idSousCodeMsp,Sous|Code|MSP,review-needed,,,,/classes/class[@source='gest.DSI2003.DSI2003Perso']/field[@source='mIDSousCodeMSP']
class-field,gest.activite.Acte,mVectIDTypeActivite,listeIDTypeActivite,listeIdTypeActivite,Type,review-needed,,,,/classes/class[@source='gest.activite.Acte']/field[@source='mVectIDTypeActivite']
class-field,gest.activite.ActionCondition,mAction,action,action,,high,,,,/classes/class[@source='gest.activite.ActionCondition']/field[@source='mAction']
class-field,gest.activite.ActionCondition,mCondition,condition,condition,,high,,,,/classes/class[@source='gest.activite.ActionCondition']/field[@source='mCondition']
class-field,gest.activite.ActionCondition,mMontantBase,montantBase,montantBase,Base,review-needed,,,,/classes/class[@source='gest.activite.ActionCondition']/field[@source='mMontantBase']
class-field,gest.activite.ActionCondition,mNivPreseance,niveauPreseance,niveauPreseance,,high,,,,/classes/class[@source='gest.activite.ActionCondition']/field[@source='mNivPreseance']
class-field,gest.activite.ActionCondition,mPreseanceApresTermine,preseanceApresTermine,preseanceApresTermine,,high,,,,/classes/class[@source='gest.activite.ActionCondition']/field[@source='mPreseanceApresTermine']
class-field,gest.activite.ActionCondition,mPreseanceAvantDebute,preseanceAvantDebute,preseanceAvantDebute,,high,,,,/classes/class[@source='gest.activite.ActionCondition']/field[@source='mPreseanceAvantDebute']
class-field,gest.activite.ActionCondition,mTauxHoraireMult,tauxHoraireMultiplicateur,tauxHoraireMultiplicateur,taux,review-needed,,,,/classes/class[@source='gest.activite.ActionCondition']/field[@source='mTauxHoraireMult']
class-field,gest.activite.ActionCondition,mTempsApresDuree,tempsApresDuree,tempsApresDuree,,high,,,,/classes/class[@source='gest.activite.ActionCondition']/field[@source='mTempsApresDuree']
class-field,gest.activite.ActionCondition,mTempsPayeBase,tempsPayeBase,tempsPayeBase,Paye|Base,review-needed,,,,/classes/class[@source='gest.activite.ActionCondition']/field[@source='mTempsPayeBase']
class-field,gest.activite.ActionCondition,mTempsPayeBloc,tempsPayeBloc,tempsPayeBloc,Paye|Bloc,review-needed,,,,/classes/class[@source='gest.activite.ActionCondition']/field[@source='mTempsPayeBloc']
class-field,gest.activite.ActionCondition,mTempsPayeBlocArrondir,tempsPayeBlocArrondir,tempsPayeBlocArrondir,Paye|Bloc,review-needed,,,,/classes/class[@source='gest.activite.ActionCondition']/field[@source='mTempsPayeBlocArrondir']
class-field,gest.activite.ActionCondition,mTempsPayeMax,tempsPayeMax,tempsPayeMaximum,Paye,review-needed,,,,/classes/class[@source='gest.activite.ActionCondition']/field[@source='mTempsPayeMax']
class-field,gest.activite.ActionCondition,mTempsPayeMin,tempsPayeMin,tempsPayeMinimum,Paye,review-needed,,,,/classes/class[@source='gest.activite.ActionCondition']/field[@source='mTempsPayeMin']
class-field,gest.activite.ActionCondition,mTempsPreseanceApresTermine,tempsPreseanceApresTermine,tempsPreseanceApresTermine,,high,,,,/classes/class[@source='gest.activite.ActionCondition']/field[@source='mTempsPreseanceApresTermine']
class-field,gest.activite.ActionCondition,mTempsPreseanceAvantDebute,tempsPreseanceAvantDebute,tempsPreseanceAvantDebute,,high,,,,/classes/class[@source='gest.activite.ActionCondition']/field[@source='mTempsPreseanceAvantDebute']
class-field,gest.activite.ActionCondition,mVectCommenceIntervalleDate,listeCommenceIntervalleDate,listeCommenceIntervalleDate,Date,review-needed,,,,/classes/class[@source='gest.activite.ActionCondition']/field[@source='mVectCommenceIntervalleDate']
class-field,gest.activite.ActionCondition,mVectCommencePlageHoraire,listeCommencePlageHoraire,listeCommencePlageHoraire,,high,,,,/classes/class[@source='gest.activite.ActionCondition']/field[@source='mVectCommencePlageHoraire']
class-field,gest.activite.ActionCondition,mVectIDTypeActivite,listeIDTypeActivite,listeIdTypeActivite,Type,review-needed,,,,/classes/class[@source='gest.activite.ActionCondition']/field[@source='mVectIDTypeActivite']
class-field,gest.activite.ActionCondition,mVectIDTypeActivitePreseance,listeIDTypeActivitePreseance,listeIdTypeActivitePreseance,Type,review-needed,,,,/classes/class[@source='gest.activite.ActionCondition']/field[@source='mVectIDTypeActivitePreseance']
class-field,gest.activite.ActionCondition,mIDGrade,idGrade,idGrade,,high,,,,/classes/class[@source='gest.activite.ActionCondition']/field[@source='mIDGrade']
class-field,gest.activite.ActionCondition,mIDGroupeAction,idGroupeAction,idGroupeAction,,high,,,,/classes/class[@source='gest.activite.ActionCondition']/field[@source='mIDGroupeAction']
class-field,gest.activite.ActionCondition,mIDTypeActiviteActTaux,idTypeActiviteActTaux,idTypeActiviteActTaux,Type|Act|Taux,review-needed,,,,/classes/class[@source='gest.activite.ActionCondition']/field[@source='mIDTypeActiviteActTaux']
class-field,gest.activite.HistoActivite,mIDActivite,idActivite,idActivite,,high,,,,/classes/class[@source='gest.activite.HistoActivite']/field[@source='mIDActivite']
class-field,gest.activite.HistoActivite,mIDEquipe,idEquipe,idEquipe,,high,,,,/classes/class[@source='gest.activite.HistoActivite']/field[@source='mIDEquipe']
class-field,gest.activite.InfoEmploye,mDatePartielDebut,datePartielleDebut,datePartielleDebut,date,review-needed,,,,/classes/class[@source='gest.activite.InfoEmploye']/field[@source='mDatePartielDebut']
class-field,gest.activite.InfoEmploye,mDatePartielFin,datePartielleFin,datePartielleFin,date,review-needed,,,,/classes/class[@source='gest.activite.InfoEmploye']/field[@source='mDatePartielFin']
class-field,gest.activite.InfoEmploye,mDureeAjout,dureeAjout,dureeAjout,,high,,,,/classes/class[@source='gest.activite.InfoEmploye']/field[@source='mDureeAjout']
class-field,gest.activite.InfoEmploye,mLibere,libere,libere,,high,,,,/classes/class[@source='gest.activite.InfoEmploye']/field[@source='mLibere']
class-field,gest.activite.InfoEmploye,mMontantSupp,montantSupplementaire,montantSupplementaire,,high,,,,/classes/class[@source='gest.activite.InfoEmploye']/field[@source='mMontantSupp']
class-field,gest.activite.InfoEmploye,mPresence,presence,presence,,high,,,,/classes/class[@source='gest.activite.InfoEmploye']/field[@source='mPresence']
class-field,gest.activite.InfoEmploye,mProtegerEdition,protegerEdition,protegerEdition,,high,,,,/classes/class[@source='gest.activite.InfoEmploye']/field[@source='mProtegerEdition']
class-field,gest.activite.InfoEmploye,mQuiPayerSiRemplace,quiPayerSiRemplace,quiPayerSiRemplace,qui|Si,review-needed,,,,/classes/class[@source='gest.activite.InfoEmploye']/field[@source='mQuiPayerSiRemplace']
class-field,gest.activite.InfoEmploye,mVectIDActe,listeIDActe,listeIdActe,Acte,review-needed,,,,/classes/class[@source='gest.activite.InfoEmploye']/field[@source='mVectIDActe']
class-field,gest.activite.InfoEmploye,mIDEmploye,idEmploye,idEmploye,,high,,,,/classes/class[@source='gest.activite.InfoEmploye']/field[@source='mIDEmploye']
class-field,gest.activite.InfoEmploye,mIDEmployeRemplace,idEmployeRemplace,idEmployeRemplace,,high,,,,/classes/class[@source='gest.activite.InfoEmploye']/field[@source='mIDEmployeRemplace']
class-field,gest.activite.InfoEmploye,mIDTypeActiviteRempl,idTypeActiviteRemplacant,idTypeActiviteRemplacant,Type,review-needed,,,,/classes/class[@source='gest.activite.InfoEmploye']/field[@source='mIDTypeActiviteRempl']
class-field,gest.activite.InfoHistoEmploye,mVectInfoEmploye,listeInfoEmploye,listeInformationEmploye,,high,,,,/classes/class[@source='gest.activite.InfoHistoEmploye']/field[@source='mVectInfoEmploye']
class-field,gest.activite.InfoHistoEmploye,mIDHistoActivite,idHistoActivite,idHistoActivite,,high,,,,/classes/class[@source='gest.activite.InfoHistoEmploye']/field[@source='mIDHistoActivite']
class-field,gest.activite.TabState,mCurrentTabState,etatOngletActuel,etatOngletActuel,etat,review-needed,,,,/classes/class[@source='gest.activite.TabState']/field[@source='mCurrentTabState']
class-field,gest.activite.TypeActivQuart,mEquipe,equipe,equipe,,high,,,,/classes/class[@source='gest.activite.TypeActivQuart']/field[@source='mEquipe']
class-field,gest.activite.TypeActivQuart,mForme,forme,forme,,high,,,,/classes/class[@source='gest.activite.TypeActivQuart']/field[@source='mForme']
class-field,gest.activite.TypeActivQuart,mUtiliserCouleurEquipe,utiliserCouleurEquipe,utiliserCouleurEquipe,,high,,,,/classes/class[@source='gest.activite.TypeActivQuart']/field[@source='mUtiliserCouleurEquipe']
class-field,gest.activite.TypeActivite,mAutreCodeGain,autreCodeGain,autreCodeGain,Code|Gain,review-needed,,,,/classes/class[@source='gest.activite.TypeActivite']/field[@source='mAutreCodeGain']
class-field,gest.activite.TypeActivite,mCodeActivite,codeActivite,codeActivite,code,review-needed,,,,/classes/class[@source='gest.activite.TypeActivite']/field[@source='mCodeActivite']
class-field,gest.activite.TypeActivite,mCouleurActiv,couleurActivite,couleurActivite,,high,,,,/classes/class[@source='gest.activite.TypeActivite']/field[@source='mCouleurActiv']
class-field,gest.activite.TypeActivite,mIndiqueAbsence,indiqueAbsence,indiqueAbsence,,high,,,,/classes/class[@source='gest.activite.TypeActivite']/field[@source='mIndiqueAbsence']
class-field,gest.activite.TypeActivite,mIndiquePresenceCaserne,indiquePresenceCaserne,indiquePresenceCaserne,,high,,,,/classes/class[@source='gest.activite.TypeActivite']/field[@source='mIndiquePresenceCaserne']
class-field,gest.activite.TypeActivite,mNivPreseance,niveauPreseance,niveauPreseance,,high,,,,/classes/class[@source='gest.activite.TypeActivite']/field[@source='mNivPreseance']
class-field,gest.activite.TypeActivite,mPermetSelActivite,permetSelectionDansActivites,permetSelectionDansActivites,Dans,review-needed,,,,/classes/class[@source='gest.activite.TypeActivite']/field[@source='mPermetSelActivite']
class-field,gest.activite.TypeActivite,mTypeAbsencePermis,typeAbsencePermis,typeAbsencePermis,type,review-needed,,,,/classes/class[@source='gest.activite.TypeActivite']/field[@source='mTypeAbsencePermis']
class-field,gest.activite.TypeActivite,mUtiliserAutreCodeGain,utiliserAutreCodeGain,utiliserAutreCodeGain,Code|Gain,review-needed,,,,/classes/class[@source='gest.activite.TypeActivite']/field[@source='mUtiliserAutreCodeGain']
class-field,gest.activite.TypeActivite,mVectActionCondition,listeActionCondition,listeActionCondition,,high,,,,/classes/class[@source='gest.activite.TypeActivite']/field[@source='mVectActionCondition']
class-field,gest.borne.AnomBorne,mCorrigerAvantHiver,corrigerAvantHiver,corrigerAvantHiver,,high,,,,/classes/class[@source='gest.borne.AnomBorne']/field[@source='mCorrigerAvantHiver']
class-field,gest.borne.AnomBorne,mCourrielCorrige,courrielCorrige,courrielCorrige,,high,,,,/classes/class[@source='gest.borne.AnomBorne']/field[@source='mCourrielCorrige']
class-field,gest.borne.AnomBorne,mEnvoyerCourriel,envoyerCourriel,envoyerCourriel,,high,,,,/classes/class[@source='gest.borne.AnomBorne']/field[@source='mEnvoyerCourriel']
class-field,gest.borne.AnomBorne,mExplicatif,explicatif,explicatif,,high,,,,/classes/class[@source='gest.borne.AnomBorne']/field[@source='mExplicatif']
class-field,gest.borne.AnomBorne,mHorsService,horsService,horsService,hors,review-needed,,,,/classes/class[@source='gest.borne.AnomBorne']/field[@source='mHorsService']
class-field,gest.borne.AnomBorne,mIDNivPriorite,idNiveauPriorite,idNiveauPriorite,,high,,,,/classes/class[@source='gest.borne.AnomBorne']/field[@source='mIDNivPriorite']
class-field,gest.borne.Borne,mAccessibleHiver,accessibleHiver,accessibleHiver,,high,,,,/classes/class[@source='gest.borne.Borne']/field[@source='mAccessibleHiver']
class-field,gest.borne.Borne,mDateFinGarantie,dateFinGarantie,dateFinGarantie,date,review-needed,,,,/classes/class[@source='gest.borne.Borne']/field[@source='mDateFinGarantie']
class-field,gest.borne.Borne,mDateInstallation,dateInstallation,dateInstallation,date,review-needed,,,,/classes/class[@source='gest.borne.Borne']/field[@source='mDateInstallation']
class-field,gest.borne.Borne,mEtat,etat,etat,etat,review-needed,,,,/classes/class[@source='gest.borne.Borne']/field[@source='mEtat']
class-field,gest.borne.Borne,mGPSConnu,gpsConnu,gpsConnu,gps,review-needed,,,,/classes/class[@source='gest.borne.Borne']/field[@source='mGPSConnu']
class-field,gest.borne.Borne,mGeoPosition,geoPosition,geoPosition,geo,review-needed,,,,/classes/class[@source='gest.borne.Borne']/field[@source='mGeoPosition']
class-field,gest.borne.Borne,mIndiquerDateEchue,indiquerDateEchue,indiquerDateEchue,Date,review-needed,,,,/classes/class[@source='gest.borne.Borne']/field[@source='mIndiquerDateEchue']
class-field,gest.borne.Borne,mLieu,lieu,lieu,lieu,review-needed,,,,/classes/class[@source='gest.borne.Borne']/field[@source='mLieu']
class-field,gest.borne.Borne,mLongLat,longLat,longLat,long|Lat,review-needed,,,,/classes/class[@source='gest.borne.Borne']/field[@source='mLongLat']
class-field,gest.borne.Borne,mNumerotation,numerotation,numerotation,,high,,,,/classes/class[@source='gest.borne.Borne']/field[@source='mNumerotation']
class-field,gest.borne.Borne,mPanneauIdent,panneauIdentification,panneauIdentification,,high,,,,/classes/class[@source='gest.borne.Borne']/field[@source='mPanneauIdent']
class-field,gest.borne.Borne,mPrecEmpl,precisionEmplacement,precisionEmplacement,,high,,,,/classes/class[@source='gest.borne.Borne']/field[@source='mPrecEmpl']
class-field,gest.borne.Borne,mTypeProprietaire,typeProprietaire,typeProprietaire,type,review-needed,,,,/classes/class[@source='gest.borne.Borne']/field[@source='mTypeProprietaire']
class-field,gest.borne.Borne,mPropAdresse,proprietaireAdresse,proprietaireAdresse,,high,,,,/classes/class[@source='gest.borne.Borne']/field[@source='mPropAdresse']
class-field,gest.borne.Borne,mPropNom,proprietaireNom,proprietaireNom,Nom,review-needed,,,,/classes/class[@source='gest.borne.Borne']/field[@source='mPropNom']
class-field,gest.borne.Borne,mProximiteDossPrev,proximiteDossierAdresse,proximiteDossierAdresse,,high,,,,/classes/class[@source='gest.borne.Borne']/field[@source='mProximiteDossPrev']
class-field,gest.borne.Borne,mVectBornePer,listeBornePeriodique,listeBornePeriodique,,high,,,,/classes/class[@source='gest.borne.Borne']/field[@source='mVectBornePer']
class-field,gest.borne.Borne,mVectBornePiece,listeBornePiece,listeBornePiece,,high,,,,/classes/class[@source='gest.borne.Borne']/field[@source='mVectBornePiece']
class-field,gest.borne.Borne,mIDGraph,idGraph,idGraph,,high,,,,/classes/class[@source='gest.borne.Borne']/field[@source='mIDGraph']
class-field,gest.borne.BorneIncendie,mAffecteNappe,affecteNappe,affecteNappe,,high,,,,/classes/class[@source='gest.borne.BorneIncendie']/field[@source='mAffecteNappe']
class-field,gest.borne.BorneIncendie,mDateCalcDebit,dateCalculDebit,dateCalculDebit,date,review-needed,,,,/classes/class[@source='gest.borne.BorneIncendie']/field[@source='mDateCalcDebit']
class-field,gest.borne.BorneIncendie,mDebit,debit,debit,,high,,,,/classes/class[@source='gest.borne.BorneIncendie']/field[@source='mDebit']
class-field,gest.borne.BorneIncendie,mDiamConduite,diametreConduite,diametreConduite,,high,,,,/classes/class[@source='gest.borne.BorneIncendie']/field[@source='mDiamConduite']
class-field,gest.borne.BorneIncendie,mDiamValve,diametreValve,diametreValve,,high,,,,/classes/class[@source='gest.borne.BorneIncendie']/field[@source='mDiamValve']
class-field,gest.borne.BorneIncendie,mDistanceBorne,distanceBorne,distanceBorne,,high,,,,/classes/class[@source='gest.borne.BorneIncendie']/field[@source='mDistanceBorne']
class-field,gest.borne.BorneIncendie,mIDBorneTemoin,idBorneTemoin,idBorneTemoin,,high,,,,/classes/class[@source='gest.borne.BorneIncendie']/field[@source='mIDBorneTemoin']
class-field,gest.borne.BorneIncendie,mIDModeleBorne,idModeleBorne,idModeleBorne,,high,,,,/classes/class[@source='gest.borne.BorneIncendie']/field[@source='mIDModeleBorne']
class-field,gest.borne.BorneIncendie,mIDTypeValve,idTypeValve,idTypeValve,Type,review-needed,,,,/classes/class[@source='gest.borne.BorneIncendie']/field[@source='mIDTypeValve']
class-field,gest.borne.BorneIncendie,mIDUsageBorne,idUsageBorne,idUsageBorne,,high,,,,/classes/class[@source='gest.borne.BorneIncendie']/field[@source='mIDUsageBorne']
class-field,gest.borne.BorneIncendie,mNonDrainable,nonDrainable,nonDrainable,non,review-needed,,,,/classes/class[@source='gest.borne.BorneIncendie']/field[@source='mNonDrainable']
class-field,gest.borne.BorneIncendie,mNoteValve,noteValve,noteValve,note,review-needed,,,,/classes/class[@source='gest.borne.BorneIncendie']/field[@source='mNoteValve']
class-field,gest.borne.BorneIncendie,mPressDynamique,pressionDynamique,pressionDynamique,,high,,,,/classes/class[@source='gest.borne.BorneIncendie']/field[@source='mPressDynamique']
class-field,gest.borne.BorneIncendie,mPressResiduelle,pressionResiduelle,pressionResiduelle,,high,,,,/classes/class[@source='gest.borne.BorneIncendie']/field[@source='mPressResiduelle']
class-field,gest.borne.BorneIncendie,mPressStatique,pressionStatique,pressionStatique,,high,,,,/classes/class[@source='gest.borne.BorneIncendie']/field[@source='mPressStatique']
class-field,gest.borne.BorneIncendie,mProfondValve,profondeurValve,profondeurValve,,high,,,,/classes/class[@source='gest.borne.BorneIncendie']/field[@source='mProfondValve']
class-field,gest.borne.BorneIncendie,mVectAdaptateur,listeAdaptateur,listeAdaptateur,,high,,,,/classes/class[@source='gest.borne.BorneIncendie']/field[@source='mVectAdaptateur']
class-field,gest.borne.BorneSeche,mBouchDiam,bouchonDiametre,bouchonDiametre,,high,,,,/classes/class[@source='gest.borne.BorneSeche']/field[@source='mBouchDiam']
class-field,gest.borne.BorneSeche,mCapaciteReservoir,capaciteReservoir,capaciteReservoir,,high,,,,/classes/class[@source='gest.borne.BorneSeche']/field[@source='mCapaciteReservoir']
class-field,gest.borne.BorneSeche,mIDRaccord,idRaccord,idRaccord,,high,,,,/classes/class[@source='gest.borne.BorneSeche']/field[@source='mIDRaccord']
class-field,gest.borne.BorneSeche,mRisqueAssechement,risqueAssechement,risqueAssechement,,high,,,,/classes/class[@source='gest.borne.BorneSeche']/field[@source='mRisqueAssechement']
class-field,gest.borne.BorneSeche,mRisqueGel,risqueGel,risqueGel,Gel,review-needed,,,,/classes/class[@source='gest.borne.BorneSeche']/field[@source='mRisqueGel']
class-field,gest.borne.BorneSeche,mTuyauDiam,tuyauDiametre,tuyauDiametre,,high,,,,/classes/class[@source='gest.borne.BorneSeche']/field[@source='mTuyauDiam']
class-field,gest.borne.BorneSeche,mTuyauHautAspir,tuyauHauteurAspiration,tuyauHauteurAspiration,,high,,,,/classes/class[@source='gest.borne.BorneSeche']/field[@source='mTuyauHautAspir']
class-field,gest.borne.BorneSeche,mTuyauLong,tuyauLongueur,tuyauLongueur,,high,,,,/classes/class[@source='gest.borne.BorneSeche']/field[@source='mTuyauLong']
class-field,gest.borne.BorneSeche,mTuyauTypeCoude,tuyauTypeCoude,tuyauTypeCoude,Type,review-needed,,,,/classes/class[@source='gest.borne.BorneSeche']/field[@source='mTuyauTypeCoude']
class-field,gest.borne.BornePer,mPeriodicite,periodicite,periodicite,,high,,,,/classes/class[@source='gest.borne.BornePer']/field[@source='mPeriodicite']
class-field,gest.borne.BornePer,mIDTypeMaintBorne,idTypeMaintBorne,idTypeMaintBorne,Type,review-needed,,,,/classes/class[@source='gest.borne.BornePer']/field[@source='mIDTypeMaintBorne']
class-field,gest.borne.BornePiece,mNom,nom,nom,nom,review-needed,,,,/classes/class[@source='gest.borne.BornePiece']/field[@source='mNom']
class-field,gest.borne.Bouchon,mDiam,diametre,diametre,,high,,,,/classes/class[@source='gest.borne.Bouchon']/field[@source='mDiam']
class-field,gest.borne.Bouchon,mIDRaccord,idRaccord,idRaccord,,high,,,,/classes/class[@source='gest.borne.Bouchon']/field[@source='mIDRaccord']
class-field,gest.borne.CalcDebit,mIDBorneTemoin,idBorneTemoin,idBorneTemoin,,high,,,,/classes/class[@source='gest.borne.CalcDebit']/field[@source='mIDBorneTemoin']
class-field,gest.borne.CalcDebit,mPressStat,pressionStatique,pressionStatique,,high,,,,/classes/class[@source='gest.borne.CalcDebit']/field[@source='mPressStat']
class-field,gest.borne.CalcDebit,mPressRes1Ouv,pressionResiduelle1Ouv,pressionResiduelle1Ouv,Ouv,review-needed,,,,/classes/class[@source='gest.borne.CalcDebit']/field[@source='mPressRes1Ouv']
class-field,gest.borne.CalcDebit,mPressRes2Ouv,pressionResiduelle2Ouv,pressionResiduelle2Ouv,Ouv,review-needed,,,,/classes/class[@source='gest.borne.CalcDebit']/field[@source='mPressRes2Ouv']
class-field,gest.borne.CalcDebit,mPressDyn,pressionDynamique,pressionDynamique,,high,,,,/classes/class[@source='gest.borne.CalcDebit']/field[@source='mPressDyn']
class-field,gest.borne.CalcDebit,mPressDyn2Ouv,pressionDynamique2Ouv,pressionDynamique2Ouv,Ouv,review-needed,,,,/classes/class[@source='gest.borne.CalcDebit']/field[@source='mPressDyn2Ouv']
class-field,gest.borne.CalcDebit,mDebit,debit,debit,,high,,,,/classes/class[@source='gest.borne.CalcDebit']/field[@source='mDebit']
class-field,gest.borne.CalcDebit,mIDBouchon,idBouchon,idBouchon,,high,,,,/classes/class[@source='gest.borne.CalcDebit']/field[@source='mIDBouchon']
class-field,gest.borne.ModeleBorne,mCoeffFrottement,coeffFrottement,coeffFrottement,,high,,,,/classes/class[@source='gest.borne.ModeleBorne']/field[@source='mCoeffFrottement']
class-field,gest.borne.ModeleBorne,mDrain,drain,drain,,high,,,,/classes/class[@source='gest.borne.ModeleBorne']/field[@source='mDrain']
class-field,gest.borne.ModeleBorne,mInstallation,installation,installation,,high,,,,/classes/class[@source='gest.borne.ModeleBorne']/field[@source='mInstallation']
class-field,gest.borne.ModeleBorne,mMarque,marque,marque,,high,,,,/classes/class[@source='gest.borne.ModeleBorne']/field[@source='mMarque']
class-field,gest.borne.ModeleBorne,mModele,modele,modele,,high,,,,/classes/class[@source='gest.borne.ModeleBorne']/field[@source='mModele']
class-field,gest.borne.ModeleBorne,mType,type,type,type,review-needed,,,,/classes/class[@source='gest.borne.ModeleBorne']/field[@source='mType']
class-field,gest.borne.ModeleBorne,mVectBornePer,listeBornePer,listeBornePer,Per,review-needed,,,,/classes/class[@source='gest.borne.ModeleBorne']/field[@source='mVectBornePer']
class-field,gest.borne.ModeleBorne,mVectBornePiece,listeBornePiece,listeBornePiece,,high,,,,/classes/class[@source='gest.borne.ModeleBorne']/field[@source='mVectBornePiece']
class-field,gest.borne.ModeleBorne,mVectBouchon,listeBouchon,listeBouchon,,high,,,,/classes/class[@source='gest.borne.ModeleBorne']/field[@source='mVectBouchon']
class-field,gest.borne.ModeleBorne,mIDCroquis,idCroquis,idCroquis,,high,,,,/classes/class[@source='gest.borne.ModeleBorne']/field[@source='mIDCroquis']
class-field,gest.borne.ModeleBorne,mIDFournisseur,idFournisseur,idFournisseur,,high,,,,/classes/class[@source='gest.borne.ModeleBorne']/field[@source='mIDFournisseur']
class-field,gest.borne.NivPriorite,mCouleur,couleur,couleur,,high,,,,/classes/class[@source='gest.borne.NivPriorite']/field[@source='mCouleur']
class-field,gest.borne.NivPriorite,mPriorite,priorite,priorite,,high,,,,/classes/class[@source='gest.borne.NivPriorite']/field[@source='mPriorite']
class-field,gest.borne.ParamMaintBorne,mConfigCompressionImages,configCompressionImages,configCompressionImages,,high,,,,/classes/class[@source='gest.borne.ParamMaintBorne']/field[@source='mConfigCompressionImages']
class-field,gest.borne.ParamMaintBorne,mParamDebitCouleur,paramDebitCouleur,parametreDebitCouleur,,high,,,,/classes/class[@source='gest.borne.ParamMaintBorne']/field[@source='mParamDebitCouleur']
class-field,gest.borne.ParamMaintBorne,mStrategieNumerotationActivite,strategieNumerotationActivite,strategieNumerotationActivite,,high,,,,/classes/class[@source='gest.borne.ParamMaintBorne']/field[@source='mStrategieNumerotationActivite']
class-field,gest.borne.ParamMaintBorne,mVectPerBorneInc,listePerBorneInc,listePerBorneInc,Per|Inc,review-needed,,,,/classes/class[@source='gest.borne.ParamMaintBorne']/field[@source='mVectPerBorneInc']
class-field,gest.borne.ParamMaintBorne,mVectPerBorneSeche,listePerBorneSeche,listePerBorneSeche,Per,review-needed,,,,/classes/class[@source='gest.borne.ParamMaintBorne']/field[@source='mVectPerBorneSeche']
class-field,gest.borne.ParamMaintBorne,mVectPerPointEau,listePerPointEau,listePerPointEau,Per|Eau,review-needed,,,,/classes/class[@source='gest.borne.ParamMaintBorne']/field[@source='mVectPerPointEau']
class-field,gest.borne.PointEau,mCapaciteReservoir,capaciteReservoir,capaciteReservoir,,high,,,,/classes/class[@source='gest.borne.PointEau']/field[@source='mCapaciteReservoir']
class-field,gest.borne.PointEau,mCheminAcces,cheminAcces,cheminAcces,,high,,,,/classes/class[@source='gest.borne.PointEau']/field[@source='mCheminAcces']
class-field,gest.borne.PointEau,mRisqueAssechement,risqueAssechement,risqueAssechement,,high,,,,/classes/class[@source='gest.borne.PointEau']/field[@source='mRisqueAssechement']
class-field,gest.borne.TypeMaintBorne,mUtiliserFormulaire,utiliserFormulaire,utiliserFormulaire,,high,,,,/classes/class[@source='gest.borne.TypeMaintBorne']/field[@source='mUtiliserFormulaire']
class-field,gest.borne.TypeMaintBorne,mIDFormulaire,idFormulaire,idFormulaire,,high,,,,/classes/class[@source='gest.borne.TypeMaintBorne']/field[@source='mIDFormulaire']
class-field,gest.canutec.IDPageJaune,mContrainte,contrainte,contrainte,,high,,,,/classes/class[@source='gest.canutec.IDPageJaune']/field[@source='mContrainte']
class-field,gest.cartographie.ParamServeurCartographie,mAdresseServeur,adresseServeur,adresseServeur,,high,,,,/classes/class[@source='gest.cartographie.ParamServeurCartographie']/field[@source='mAdresseServeur']
class-field,gest.cartographie.ParamServeurCartographie,mFormatterMatricule,formatterMatricule,formatterMatricule,,high,,,,/classes/class[@source='gest.cartographie.ParamServeurCartographie']/field[@source='mFormatterMatricule']
class-field,gest.cartographie.ParamServeurCartographie,mMemoireMax,memoireMax,memoireMaximum,,high,,,,/classes/class[@source='gest.cartographie.ParamServeurCartographie']/field[@source='mMemoireMax']
class-field,gest.cartographie.ParamServeurCartographie,mNomAttributMatricule,nomAttributMatricule,nomAttributMatricule,nom,review-needed,,,,/classes/class[@source='gest.cartographie.ParamServeurCartographie']/field[@source='mNomAttributMatricule']
class-field,gest.cartographie.ParamServeurCartographie,mNomCoucheUnitesEvaluation,nomCoucheUnitesEvaluation,nomCoucheUnitesEvaluation,nom,review-needed,,,,/classes/class[@source='gest.cartographie.ParamServeurCartographie']/field[@source='mNomCoucheUnitesEvaluation']
class-field,gest.cartographie.ParamServeurCartographie,mNomProjet,nomProjet,nomProjet,nom,review-needed,,,,/classes/class[@source='gest.cartographie.ParamServeurCartographie']/field[@source='mNomProjet']
class-field,gest.cartographie.ParamServeurCartographie,mNomServeur,nomServeur,nomServeur,nom,review-needed,,,,/classes/class[@source='gest.cartographie.ParamServeurCartographie']/field[@source='mNomServeur']
class-field,gest.cartographie.ParamServeurCartographie,mPortDirect,portDirect,portDirect,port,review-needed,,,,/classes/class[@source='gest.cartographie.ParamServeurCartographie']/field[@source='mPortDirect']
class-field,gest.cartographie.ParamUtilisateurCartographie,mCodeUtilisateur,codeUtilisateur,codeUtilisateur,code,review-needed,,,,/classes/class[@source='gest.cartographie.ParamUtilisateurCartographie']/field[@source='mCodeUtilisateur']
class-field,gest.cartographie.ParamUtilisateurCartographie,mMotDePasse,motDePasse,motDePasse,mot|De,review-needed,,,,/classes/class[@source='gest.cartographie.ParamUtilisateurCartographie']/field[@source='mMotDePasse']
class-field,gest.caserne.Caserne,mVectCompartiment,listeCompartiment,listeCompartiment,,high,,,,/classes/class[@source='gest.caserne.Caserne']/field[@source='mVectCompartiment']
class-field,gest.caserne.Caserne,mVectPer,listePer,listePer,Per,review-needed,,,,/classes/class[@source='gest.caserne.Caserne']/field[@source='mVectPer']
class-field,gest.caserne.Caserne,mVectQteRequise,listeQteRequise,listeQuantiteRequise,,high,,,,/classes/class[@source='gest.caserne.Caserne']/field[@source='mVectQteRequise']
class-field,gest.cauca.ParamCauca,mAdresseServ,adresseServ,adresseServ,Serv,review-needed,,,,/classes/class[@source='gest.cauca.ParamCauca']/field[@source='mAdresseServ']
class-field,gest.cauca.ParamCauca,mPortServ,portServ,portServ,port|Serv,review-needed,,,,/classes/class[@source='gest.cauca.ParamCauca']/field[@source='mPortServ']
class-field,gest.cauca.ParamCauca,mSens,sens,sens,sens,review-needed,,,,/classes/class[@source='gest.cauca.ParamCauca']/field[@source='mSens']
class-field,gest.cauca.ParamCauca,mVectNDernImport,listeNDernImport,listeNDernImport,N|Dern,review-needed,,,,/classes/class[@source='gest.cauca.ParamCauca']/field[@source='mVectNDernImport']
class-field,gest.cauca.ParamCauca$NDernImport,iDernImport,dernierImport,dernierImport,,high,,,,/classes/class[@source='gest.cauca.ParamCauca$NDernImport']/field[@source='iDernImport']
class-field,gest.cauca.ParamCauca$NDernImport,iCodeGeo,codeGeo,codeGeo,code|Geo,review-needed,,,,/classes/class[@source='gest.cauca.ParamCauca$NDernImport']/field[@source='iCodeGeo']
class-field,gest.centreDesRapports.RapportCentral,mPeriodes,periodes,periodes,,high,,,,/classes/class[@source='gest.centreDesRapports.RapportCentral']/field[@source='mPeriodes']
class-field,gest.centreDesRapports.RapportCentral,mStatut,statut,statut,,high,,,,/classes/class[@source='gest.centreDesRapports.RapportCentral']/field[@source='mStatut']
class-field,gest.centreDesRapports.RapportCentral,mTemplate,template,template,,high,,,,/classes/class[@source='gest.centreDesRapports.RapportCentral']/field[@source='mTemplate']
class-field,gest.centreDesRapports.RapportCentral,mVectSection,listeSection,listeSection,,high,,,,/classes/class[@source='gest.centreDesRapports.RapportCentral']/field[@source='mVectSection']
class-field,gest.centreDesRapports.SectionRapportCentral,mFiltresRequete,filtresRequete,filtresRequete,,high,,,,/classes/class[@source='gest.centreDesRapports.SectionRapportCentral']/field[@source='mFiltresRequete']
class-field,gest.centreDesRapports.SectionRapportCentral,mFormatPapier,formatPapier,formatPapier,,high,,,,/classes/class[@source='gest.centreDesRapports.SectionRapportCentral']/field[@source='mFormatPapier']
class-field,gest.centreDesRapports.SectionRapportCentral,mIdentHJTable,identHJTable,identHjTable,HJ,review-needed,,,,/classes/class[@source='gest.centreDesRapports.SectionRapportCentral']/field[@source='mIdentHJTable']
class-field,gest.centreDesRapports.SectionRapportCentral,mModeRapport,modeRapport,modeRapport,mode,review-needed,,,,/classes/class[@source='gest.centreDesRapports.SectionRapportCentral']/field[@source='mModeRapport']
class-field,gest.centreDesRapports.SectionRapportCentral,mNomOngletXLS,nomOngletXLS,nomOngletXls,nom|XLS,review-needed,,,,/classes/class[@source='gest.centreDesRapports.SectionRapportCentral']/field[@source='mNomOngletXLS']
class-field,gest.centreDesRapports.SectionRapportCentral,mOrientation,orientation,orientation,,high,,,,/classes/class[@source='gest.centreDesRapports.SectionRapportCentral']/field[@source='mOrientation']
class-field,gest.centreDesRapports.SectionRapportCentral,mSource,source,source,,high,,,,/classes/class[@source='gest.centreDesRapports.SectionRapportCentral']/field[@source='mSource']
class-field,gest.centreDesRapports.SectionRapportCentral,mTitre1,titre1,titre1,,high,,,,/classes/class[@source='gest.centreDesRapports.SectionRapportCentral']/field[@source='mTitre1']
class-field,gest.centreDesRapports.SectionRapportCentral,mTitre2,titre2,titre2,,high,,,,/classes/class[@source='gest.centreDesRapports.SectionRapportCentral']/field[@source='mTitre2']
class-field,gest.centreDesRapports.SectionRapportCentral,mVectNCol,listeNCol,listeNCol,N|Col,review-needed,,,,/classes/class[@source='gest.centreDesRapports.SectionRapportCentral']/field[@source='mVectNCol']
class-field,gest.centreDesRapports.SectionRapportCentral,mVectNGroupe,listeNGroupe,listeNGroupe,N,review-needed,,,,/classes/class[@source='gest.centreDesRapports.SectionRapportCentral']/field[@source='mVectNGroupe']
class-field,gest.centreDesRapports.SectionRapportCentral,mVectNTri,listeNTri,listeNTri,N|Tri,review-needed,,,,/classes/class[@source='gest.centreDesRapports.SectionRapportCentral']/field[@source='mVectNTri']
class-field,gest.centreDesRapports.SectionRapportCentral,mVectRequete,listeRequete,listeRequete,,high,,,,/classes/class[@source='gest.centreDesRapports.SectionRapportCentral']/field[@source='mVectRequete']
class-field,gest.centreDesRapports.SectionRapportCentral,mIDRapportCentral,idRapportCentral,idRapportCentral,,high,,,,/classes/class[@source='gest.centreDesRapports.SectionRapportCentral']/field[@source='mIDRapportCentral']
class-field,gest.centreDesRapports.SectionRapportCentral,mIDRapportExpert,idRapportExpert,idRapportExpert,,high,,,,/classes/class[@source='gest.centreDesRapports.SectionRapportCentral']/field[@source='mIDRapportExpert']
class-field,gest.champPerso.ChampPerso,mValeur,valeur,valeur,,high,,,,/classes/class[@source='gest.champPerso.ChampPerso']/field[@source='mValeur']
class-field,gest.champPerso.ChampPerso,mIDTypeChampPerso,idTypeChampPerso,idTypeChampPerso,Type,review-needed,,,,/classes/class[@source='gest.champPerso.ChampPerso']/field[@source='mIDTypeChampPerso']
class-field,gest.champPerso.ChampPersoChoix,iIDChoix,idChoix,idChoix,,high,,,,/classes/class[@source='gest.champPerso.ChampPersoChoix']/field[@source='iIDChoix']
class-field,gest.champPerso.ChampPersoChoix,iVal,valeur,valeur,,high,,,,/classes/class[@source='gest.champPerso.ChampPersoChoix']/field[@source='iVal']
class-field,gest.champPerso.TypeChampPerso,mDernIDChoix,dernIDChoix,dernIdChoix,dern,review-needed,,,,/classes/class[@source='gest.champPerso.TypeChampPerso']/field[@source='mDernIDChoix']
class-field,gest.champPerso.TypeChampPerso,mExtraDataKeyAssoc,extraDataKeyAssoc,extraDataKeyAssociation,Data|Key,review-needed,,,,/classes/class[@source='gest.champPerso.TypeChampPerso']/field[@source='mExtraDataKeyAssoc']
class-field,gest.champPerso.TypeChampPerso,mFormat,format,format,,high,,,,/classes/class[@source='gest.champPerso.TypeChampPerso']/field[@source='mFormat']
class-field,gest.champPerso.TypeChampPerso,mIndiquerMax,indiquerMax,indiquerMaximum,,high,,,,/classes/class[@source='gest.champPerso.TypeChampPerso']/field[@source='mIndiquerMax']
class-field,gest.champPerso.TypeChampPerso,mIndiquerMin,indiquerMin,indiquerMinimum,,high,,,,/classes/class[@source='gest.champPerso.TypeChampPerso']/field[@source='mIndiquerMin']
class-field,gest.champPerso.TypeChampPerso,mPosition,position,position,,high,,,,/classes/class[@source='gest.champPerso.TypeChampPerso']/field[@source='mPosition']
class-field,gest.champPerso.TypeChampPerso,mType,type,type,type,review-needed,,,,/classes/class[@source='gest.champPerso.TypeChampPerso']/field[@source='mType']
class-field,gest.champPerso.TypeChampPerso,mTypeSelection,typeSelection,typeSelection,type,review-needed,,,,/classes/class[@source='gest.champPerso.TypeChampPerso']/field[@source='mTypeSelection']
class-field,gest.champPerso.TypeChampPerso,mValDefaut,valDefaut,valeurDefaut,,high,,,,/classes/class[@source='gest.champPerso.TypeChampPerso']/field[@source='mValDefaut']
class-field,gest.champPerso.TypeChampPerso,mValMax,valMax,valeurMaximum,,high,,,,/classes/class[@source='gest.champPerso.TypeChampPerso']/field[@source='mValMax']
class-field,gest.champPerso.TypeChampPerso,mValMin,valMin,valeurMinimum,,high,,,,/classes/class[@source='gest.champPerso.TypeChampPerso']/field[@source='mValMin']
class-field,gest.champPerso.TypeChampPerso,mVectChoix,listeChoix,listeChoix,,high,,,,/classes/class[@source='gest.champPerso.TypeChampPerso']/field[@source='mVectChoix']
class-field,gest.champPerso.TypeChampPerso,mIDEntiteAssoc,idEntiteAssoc,idEntiteAssociation,,high,,,,/classes/class[@source='gest.champPerso.TypeChampPerso']/field[@source='mIDEntiteAssoc']
class-field,gest.classif.Classif,mPeriodicite,periodicite,periodicite,,high,,,,/classes/class[@source='gest.classif.Classif']/field[@source='mPeriodicite']
class-field,gest.classif.Classif,mUtiliserFormulaire,utiliserFormulaire,utiliserFormulaire,,high,,,,/classes/class[@source='gest.classif.Classif']/field[@source='mUtiliserFormulaire']
class-field,gest.classif.Classif,mIDFormulaire,idFormulaire,idFormulaire,,high,,,,/classes/class[@source='gest.classif.Classif']/field[@source='mIDFormulaire']
class-field,gest.codeAppel.CodeAppel,mCodePR,codePR,codePr,code|PR,review-needed,,,,/classes/class[@source='gest.codeAppel.CodeAppel']/field[@source='mCodePR']
class-field,gest.codeAppel.CodeAppel,mCodeRAO,codeRAO,codeRao,code|RAO,review-needed,,,,/classes/class[@source='gest.codeAppel.CodeAppel']/field[@source='mCodeRAO']
class-field,gest.codeAppel.CodeAppel,mFaireDSI2003,faireDSI2003,faireDsi2003,DSI|2003,review-needed,,,,/classes/class[@source='gest.codeAppel.CodeAppel']/field[@source='mFaireDSI2003']
class-field,gest.codeAppel.CodeAppel,mVectEtatSections,listeEtatSections,listeEtatSections,Etat,review-needed,,,,/classes/class[@source='gest.codeAppel.CodeAppel']/field[@source='mVectEtatSections']
class-field,gest.codeAppel.CodeAppel,mVectSection,listeSection,listeSection,,high,,,,/classes/class[@source='gest.codeAppel.CodeAppel']/field[@source='mVectSection']
class-field,gest.config.ConfigCompressionImages,mCboFormatParDefaut,cboFormatParDefaut,cboFormatParDefaut,cbo|Par,review-needed,,,,/classes/class[@source='gest.config.ConfigCompressionImages']/field[@source='mCboFormatParDefaut']
class-field,gest.config.ConfigCompressionImages,mCompresser,compresser,compresser,,high,,,,/classes/class[@source='gest.config.ConfigCompressionImages']/field[@source='mCompresser']
class-field,gest.config.ConfigCompressionImages,mInclureDansRapport,inclureDansRapport,inclureDansRapport,Dans,review-needed,,,,/classes/class[@source='gest.config.ConfigCompressionImages']/field[@source='mInclureDansRapport']
class-field,gest.config.ConfigCompressionImages,mMaxHauteur,maxHauteur,maximumHauteur,,high,,,,/classes/class[@source='gest.config.ConfigCompressionImages']/field[@source='mMaxHauteur']
class-field,gest.config.ConfigCompressionImages,mMaxLargeur,maxLargeur,maximumLargeur,,high,,,,/classes/class[@source='gest.config.ConfigCompressionImages']/field[@source='mMaxLargeur']
class-field,gest.config.ConfigCompressionImages,mModule,module,module,,high,,,,/classes/class[@source='gest.config.ConfigCompressionImages']/field[@source='mModule']
class-field,gest.config.ConfigCompressionImages,mTauxCompression,tauxCompression,tauxCompression,taux,review-needed,,,,/classes/class[@source='gest.config.ConfigCompressionImages']/field[@source='mTauxCompression']
class-field,gest.config.ParamBackup,mActiver,activer,activer,,high,,,,/classes/class[@source='gest.config.ParamBackup']/field[@source='mActiver']
class-field,gest.config.ParamBackup,mCourrielErreurBackup,courrielErreurBackup,courrielErreurBackup,,high,,,,/classes/class[@source='gest.config.ParamBackup']/field[@source='mCourrielErreurBackup']
class-field,gest.config.ParamBackup,mDernierRappelOptimisation,dernierRappelOptimisation,dernierRappelOptimisation,,high,,,,/classes/class[@source='gest.config.ParamBackup']/field[@source='mDernierRappelOptimisation']
class-field,gest.config.ParamBackup,mHreBackup,hreBackup,hreBackup,hre,review-needed,,,,/classes/class[@source='gest.config.ParamBackup']/field[@source='mHreBackup']
class-field,gest.config.ParamBackup,mMessageRappelOptimisation,messageRappelOptimisation,messageRappelOptimisation,,high,,,,/classes/class[@source='gest.config.ParamBackup']/field[@source='mMessageRappelOptimisation']
class-field,gest.config.ParamBackup,mNbrConserve,nbrConserve,nombreConserve,,high,,,,/classes/class[@source='gest.config.ParamBackup']/field[@source='mNbrConserve']
class-field,gest.config.ParamBackup,mOptimisationAutomatique,optimisationAutomatique,optimisationAutomatique,,high,,,,/classes/class[@source='gest.config.ParamBackup']/field[@source='mOptimisationAutomatique']
class-field,gest.config.ParamBackup,mPeriodicite,periodicite,periodicite,,high,,,,/classes/class[@source='gest.config.ParamBackup']/field[@source='mPeriodicite']
class-field,gest.config.ParamBackup,mRappelsOptimisation,rappelsOptimisation,rappelsOptimisation,,high,,,,/classes/class[@source='gest.config.ParamBackup']/field[@source='mRappelsOptimisation']
class-field,gest.config.ParamBackup,mRepert,repert,repert,,high,,,,/classes/class[@source='gest.config.ParamBackup']/field[@source='mRepert']
class-field,gest.config.ParamCalendrier,mActivitesSimultaneesLayout,activitesSimultaneesLayout,activitesSimultaneesLayout,,high,,,,/classes/class[@source='gest.config.ParamCalendrier']/field[@source='mActivitesSimultaneesLayout']
class-field,gest.config.ParamConfig,mIdentVilleDansNumActiv,identVilleDansNumActiv,identVilleDansNumeroActiv,Dans,review-needed,,,,/classes/class[@source='gest.config.ParamConfig']/field[@source='mIdentVilleDansNumActiv']
class-field,gest.config.ParamConfig,mIDLogo,idLogo,idLogo,Logo,review-needed,,,,/classes/class[@source='gest.config.ParamConfig']/field[@source='mIDLogo']
class-field,gest.config.ParamConfig,mNbrChiffreSequence,nbrChiffreSequence,nombreChiffreSequence,,high,,,,/classes/class[@source='gest.config.ParamConfig']/field[@source='mNbrChiffreSequence']
class-field,gest.config.ParamConfig,mNbrEnregMaxRequete,nbrEnregMaxRequete,nombreEnregistrementMaximumRequete,,high,,,,/classes/class[@source='gest.config.ParamConfig']/field[@source='mNbrEnregMaxRequete']
class-field,gest.config.ParamConfig,mParamBackup,paramBackup,parametreBackup,,high,,,,/classes/class[@source='gest.config.ParamConfig']/field[@source='mParamBackup']
class-field,gest.config.ParamConfig,mStratePop,stratePop,stratePop,Pop,review-needed,,,,/classes/class[@source='gest.config.ParamConfig']/field[@source='mStratePop']
class-field,gest.config.ParamConfig,mTypeSequence,typeSequence,typeSequence,type,review-needed,,,,/classes/class[@source='gest.config.ParamConfig']/field[@source='mTypeSequence']
class-field,gest.config.ParamConfig,mVectSpecialite,listeSpecialite,listeSpecialite,,high,,,,/classes/class[@source='gest.config.ParamConfig']/field[@source='mVectSpecialite']
class-field,gest.config.ParamConfig,mVectVilleDesservie,listeVilleDesservie,listeVilleDesservie,,high,,,,/classes/class[@source='gest.config.ParamConfig']/field[@source='mVectVilleDesservie']
class-field,gest.config.ParamConfig,mVectVilleEntraide,listeVilleEntraide,listeVilleEntraide,,high,,,,/classes/class[@source='gest.config.ParamConfig']/field[@source='mVectVilleEntraide']
class-field,gest.config.ParamConfig,mVille,ville,ville,,high,,,,/classes/class[@source='gest.config.ParamConfig']/field[@source='mVille']
class-field,gest.config.ParamConfigGeneral,mAlerteOnJMSTrouble,alerteOnJMSTrouble,alerteOnJmsTrouble,On|JMS,review-needed,,,,/classes/class[@source='gest.config.ParamConfigGeneral']/field[@source='mAlerteOnJMSTrouble']
class-field,gest.config.ParamConfigGeneral,mFlagPossibleCorruptionBD,flagPossibleCorruptionBD,flagPossibleCorruptionBd,flag|BD,review-needed,,,,/classes/class[@source='gest.config.ParamConfigGeneral']/field[@source='mFlagPossibleCorruptionBD']
class-field,gest.config.ParamConfigGeneral,mLastBakVerif,lastBakVerif,lastBakVerif,last|Bak,review-needed,,,,/classes/class[@source='gest.config.ParamConfigGeneral']/field[@source='mLastBakVerif']
class-field,gest.config.ParamConfigGeneral,mLastJMSAlerteSent,lastJMSAlerteSent,lastJmsAlerteSent,last|JMS|Sent,review-needed,,,,/classes/class[@source='gest.config.ParamConfigGeneral']/field[@source='mLastJMSAlerteSent']
class-field,gest.config.ParamConfigGeneral,mNbrEnregMaxRequete,nbrEnregMaxRequete,nombreEnregistrementMaximumRequete,,high,,,,/classes/class[@source='gest.config.ParamConfigGeneral']/field[@source='mNbrEnregMaxRequete']
class-field,gest.config.ParamConfigGeneral,mPosteMobile,posteMobile,posteMobile,,high,,,,/classes/class[@source='gest.config.ParamConfigGeneral']/field[@source='mPosteMobile']
class-field,gest.config.ParamConfigGeneral,mServeurPortable,serveurPortable,serveurPortable,,high,,,,/classes/class[@source='gest.config.ParamConfigGeneral']/field[@source='mServeurPortable']
class-field,gest.config.ParamConfigGeneral,mStatutServiceCourrielAlerte,statutServiceCourrielAlerte,statutServiceCourrielAlerte,,high,,,,/classes/class[@source='gest.config.ParamConfigGeneral']/field[@source='mStatutServiceCourrielAlerte']
class-field,gest.config.ParamConfigGeneral,mVectIDSousSSI,listeIdSousSSI,listeIdSousSsi,Sous|SSI,review-needed,,,,/classes/class[@source='gest.config.ParamConfigGeneral']/field[@source='mVectIDSousSSI']
class-field,gest.config.ParamConfigGeneral,mVectVilleDesservie,listeVilleDesservie,listeVilleDesservie,,high,,,,/classes/class[@source='gest.config.ParamConfigGeneral']/field[@source='mVectVilleDesservie']
class-field,gest.config.ParamConfigGeneral,mVectVilleEntraide,listeVilleEntraide,listeVilleEntraide,,high,,,,/classes/class[@source='gest.config.ParamConfigGeneral']/field[@source='mVectVilleEntraide']
class-field,gest.config.ParamConfigSSI,mCourrielExpirationEquipement,courrielExpirationEquipement,courrielExpirationEquipement,,high,,,,/classes/class[@source='gest.config.ParamConfigSSI']/field[@source='mCourrielExpirationEquipement']
class-field,gest.config.ParamConfigSSI,mCourrielExpirationFichier,courrielExpirationFichier,courrielExpirationFichier,,high,,,,/classes/class[@source='gest.config.ParamConfigSSI']/field[@source='mCourrielExpirationFichier']
class-field,gest.config.ParamConfigSSI,mCourrielExpirationFormationCertification,courrielExpirationFormationCertification,courrielExpirationFormationCertification,,high,,,,/classes/class[@source='gest.config.ParamConfigSSI']/field[@source='mCourrielExpirationFormationCertification']
class-field,gest.config.ParamConfigSSI,mCourrielQteMin,courrielQteMin,courrielQuantiteMinimum,,high,,,,/classes/class[@source='gest.config.ParamConfigSSI']/field[@source='mCourrielQteMin']
class-field,gest.config.ParamConfigSSI,mHreEnvoiAutoNotif,hreEnvoiAutoNotif,hreEnvoiAutomatiqueNotif,hre,review-needed,,,,/classes/class[@source='gest.config.ParamConfigSSI']/field[@source='mHreEnvoiAutoNotif']
class-field,gest.config.ParamConfigSSI,mIdentVilleDansNumActiv,identVilleDansNumActiv,identVilleDansNumeroActiv,Dans,review-needed,,,,/classes/class[@source='gest.config.ParamConfigSSI']/field[@source='mIdentVilleDansNumActiv']
class-field,gest.config.ParamConfigSSI,mMemeSeqPourToutLesSSI,memeSeqPourToutLesSSI,memeSequencePourToutLesSsi,meme|Pour|Tout|Les|SSI,review-needed,,,,/classes/class[@source='gest.config.ParamConfigSSI']/field[@source='mMemeSeqPourToutLesSSI']
class-field,gest.config.ParamConfigSSI,mMettreSujetPourPagetCourriel,mettreSujetPourPagetCourriel,mettreSujetPourPagetCourriel,Pour,review-needed,,,,/classes/class[@source='gest.config.ParamConfigSSI']/field[@source='mMettreSujetPourPagetCourriel']
class-field,gest.config.ParamConfigSSI,mNbrChiffreSequence,nbrChiffreSequence,nombreChiffreSequence,,high,,,,/classes/class[@source='gest.config.ParamConfigSSI']/field[@source='mNbrChiffreSequence']
class-field,gest.config.ParamConfigSSI,mNotifActivLimite,notifActivLimite,notifActivLimite,,high,,,,/classes/class[@source='gest.config.ParamConfigSSI']/field[@source='mNotifActivLimite']
class-field,gest.config.ParamConfigSSI,mNotifActivRetard,notifActivRetard,notifActivRetard,,high,,,,/classes/class[@source='gest.config.ParamConfigSSI']/field[@source='mNotifActivRetard']
class-field,gest.config.ParamConfigSSI,mNotifExpirationEquipement,notifExpirationEquipement,notifExpirationEquipement,,high,,,,/classes/class[@source='gest.config.ParamConfigSSI']/field[@source='mNotifExpirationEquipement']
class-field,gest.config.ParamConfigSSI,mNotifExpirationFichier,notifExpirationFichier,notifExpirationFichier,,high,,,,/classes/class[@source='gest.config.ParamConfigSSI']/field[@source='mNotifExpirationFichier']
class-field,gest.config.ParamConfigSSI,mNotifExpirationFormationCertification,notifExpirationFormationCertification,notifExpirationFormationCertification,,high,,,,/classes/class[@source='gest.config.ParamConfigSSI']/field[@source='mNotifExpirationFormationCertification']
class-field,gest.config.ParamConfigSSI,mNotifQteMin,notifQteMin,notifQuantiteMinimum,,high,,,,/classes/class[@source='gest.config.ParamConfigSSI']/field[@source='mNotifQteMin']
class-field,gest.config.ParamConfigSSI,mNotifRapportRCI,notifRapportRCI,notifRapportRci,RCI,review-needed,,,,/classes/class[@source='gest.config.ParamConfigSSI']/field[@source='mNotifRapportRCI']
class-field,gest.config.ParamConfigSSI,mParamFormWeb,paramFormWeb,parametreFormWeb,Form|Web,review-needed,,,,/classes/class[@source='gest.config.ParamConfigSSI']/field[@source='mParamFormWeb']
class-field,gest.config.ParamConfigSSI,mParamServeurCartographie,paramServeurCartographie,parametreServeurCartographie,,high,,,,/classes/class[@source='gest.config.ParamConfigSSI']/field[@source='mParamServeurCartographie']
class-field,gest.config.ParamConfigSSI,mPermetAbsenceNonPayee,permettAbsenceNonPayee,permettAbsenceNonPayee,Non,review-needed,,,,/classes/class[@source='gest.config.ParamConfigSSI']/field[@source='mPermetAbsenceNonPayee']
class-field,gest.config.ParamConfigSSI,mPermettreEditerActivitesAApprouver,permettreEditerActivitesAApprouver,permettreEditerActivitesAApprouver,A,review-needed,,,,/classes/class[@source='gest.config.ParamConfigSSI']/field[@source='mPermettreEditerActivitesAApprouver']
class-field,gest.config.ParamConfigSSI,mPermitCancelOnActWithNumPreassigned,permitCancelOnActWithNumPreassigned,permitCancelOnActWithNumeroPreassigned,On|Act|With,review-needed,,,,/classes/class[@source='gest.config.ParamConfigSSI']/field[@source='mPermitCancelOnActWithNumPreassigned']
class-field,gest.config.ParamConfigSSI,mPortEnvoiPaget,portEnvoiPaget,portEnvoiPaget,port,review-needed,,,,/classes/class[@source='gest.config.ParamConfigSSI']/field[@source='mPortEnvoiPaget']
class-field,gest.config.ParamConfigSSI,mQteDelaiAvantEcheance,qteDelaiAvantEcheance,quantiteDelaiAvantEcheance,,high,,,,/classes/class[@source='gest.config.ParamConfigSSI']/field[@source='mQteDelaiAvantEcheance']
class-field,gest.config.ParamConfigSSI,mQteDelaiRapportRCI,qteDelaiRapportRCI,quantiteDelaiRapportRci,RCI,review-needed,,,,/classes/class[@source='gest.config.ParamConfigSSI']/field[@source='mQteDelaiRapportRCI']
class-field,gest.config.ParamConfigSSI,mServeurEnvoiPaget,serveurEnvoiPaget,serveurEnvoiPaget,,high,,,,/classes/class[@source='gest.config.ParamConfigSSI']/field[@source='mServeurEnvoiPaget']
class-field,gest.config.ParamConfigSSI,mStratePop,stratePop,stratePop,Pop,review-needed,,,,/classes/class[@source='gest.config.ParamConfigSSI']/field[@source='mStratePop']
class-field,gest.config.ParamConfigSSI,mTypeSequence,typeSequence,typeSequence,type,review-needed,,,,/classes/class[@source='gest.config.ParamConfigSSI']/field[@source='mTypeSequence']
class-field,gest.config.ParamConfigSSI,mVectSpecialite,listeSpecialite,listeSpecialite,,high,,,,/classes/class[@source='gest.config.ParamConfigSSI']/field[@source='mVectSpecialite']
class-field,gest.config.ParamConfigSSI,mVille,ville,ville,,high,,,,/classes/class[@source='gest.config.ParamConfigSSI']/field[@source='mVille']
class-field,gest.config.ParamConfigSSI,mIDLogo,idLogo,idLogo,Logo,review-needed,,,,/classes/class[@source='gest.config.ParamConfigSSI']/field[@source='mIDLogo']
class-field,gest.config.ParamSendMail,mHostSMTP,hostSMTP,hostSmtp,host|SMTP,review-needed,,,,/classes/class[@source='gest.config.ParamSendMail']/field[@source='mHostSMTP']
class-field,gest.config.ParamSendMail,mPortSMTP,portSMTP,portSmtp,port|SMTP,review-needed,,,,/classes/class[@source='gest.config.ParamSendMail']/field[@source='mPortSMTP']
class-field,gest.config.ParamSendMail,mTypeEnvoi,typeEnvoi,typeEnvoi,type,review-needed,,,,/classes/class[@source='gest.config.ParamSendMail']/field[@source='mTypeEnvoi']
class-field,gest.config.ParamSendMail,mUseOutlook,useOutlook,useOutlook,use,review-needed,,,,/classes/class[@source='gest.config.ParamSendMail']/field[@source='mUseOutlook']
class-field,gest.config.VilleGeo,mCodeRAO,codeRAO,codeRao,code|RAO,review-needed,,,,/classes/class[@source='gest.config.VilleGeo']/field[@source='mCodeRAO']
class-field,gest.config.VilleGeo,mIdent,ident,ident,,high,,,,/classes/class[@source='gest.config.VilleGeo']/field[@source='mIdent']
class-field,gest.consolide.DetailEnvoi,mDroitAcces,droitAcces,droitAcces,,high,,,,/classes/class[@source='gest.consolide.DetailEnvoi']/field[@source='mDroitAcces']
class-field,gest.consolide.DetailEnvoi,mInclureComplete,inclureComplete,inclureComplete,,high,,,,/classes/class[@source='gest.consolide.DetailEnvoi']/field[@source='mInclureComplete']
class-field,gest.consolide.DetailEnvoi,mInclureEnCours,inclureEnCours,inclureEnCours,En,review-needed,,,,/classes/class[@source='gest.consolide.DetailEnvoi']/field[@source='mInclureEnCours']
class-field,gest.consolide.DetailEnvoiSC,mInclureRessources,inclureRessources,inclureRessources,,high,,,,/classes/class[@source='gest.consolide.DetailEnvoiSC']/field[@source='mInclureRessources']
class-field,gest.consolide.DetailIntervEnvoi,mDSISeulement,dSISeulement,dSiSeulement,d|SI,review-needed,,,,/classes/class[@source='gest.consolide.DetailIntervEnvoi']/field[@source='mDSISeulement']
class-field,gest.consolide.ParamConsolide,mPrefixeNouvActivite,prefixeNouvActivite,prefixeNouvActivite,Nouv,review-needed,,,,/classes/class[@source='gest.consolide.ParamConsolide']/field[@source='mPrefixeNouvActivite']
class-field,gest.consolide.ParamConsolide,mRechConsolide,rechConsolide,rechercheConsolide,,high,,,,/classes/class[@source='gest.consolide.ParamConsolide']/field[@source='mRechConsolide']
class-field,gest.consolide.ParamConsolide,mRepertSync,repertSync,repertSync,Sync,review-needed,,,,/classes/class[@source='gest.consolide.ParamConsolide']/field[@source='mRepertSync']
class-field,gest.consolide.ParamConsolide,mTypeSync,typeSync,typeSync,type|Sync,review-needed,,,,/classes/class[@source='gest.consolide.ParamConsolide']/field[@source='mTypeSync']
class-field,gest.consolide.ParamConsolide,mVectClassCorrToString,listeClassCorrToString,listeClassCorrToString,Corr|To,review-needed,,,,/classes/class[@source='gest.consolide.ParamConsolide']/field[@source='mVectClassCorrToString']
class-field,gest.consolide.ParamSSI,mAccesMultiTous,accesMultiTous,accesMultiTous,Tous,review-needed,,,,/classes/class[@source='gest.consolide.ParamSSI']/field[@source='mAccesMultiTous']
class-field,gest.consolide.ParamSSI,mCodeConso,codeConso,codeConso,code,review-needed,,,,/classes/class[@source='gest.consolide.ParamSSI']/field[@source='mCodeConso']
class-field,gest.consolide.ParamSSI,mCourrielNotifReplicException,courrielNotifReplicException,courrielNotifReplicException,,high,,,,/classes/class[@source='gest.consolide.ParamSSI']/field[@source='mCourrielNotifReplicException']
class-field,gest.consolide.ParamSSI,mDernTSImport,dernTSImport,dernTsImport,dern|TS,review-needed,,,,/classes/class[@source='gest.consolide.ParamSSI']/field[@source='mDernTSImport']
class-field,gest.consolide.ParamSSI,mDetailEnvoiGeneral,detailEnvoiGeneral,detailEnvoiGeneral,,high,,,,/classes/class[@source='gest.consolide.ParamSSI']/field[@source='mDetailEnvoiGeneral']
class-field,gest.consolide.ParamSSI,mEnvRepert,envRepert,environnementRepert,,high,,,,/classes/class[@source='gest.consolide.ParamSSI']/field[@source='mEnvRepert']
class-field,gest.consolide.ParamSSI,mEnvoiPLCentral,envoiPLCentral,envoiPlCentral,PL,review-needed,,,,/classes/class[@source='gest.consolide.ParamSSI']/field[@source='mEnvoiPLCentral']
class-field,gest.consolide.ParamSSI,mEnvoyerTout,envoyerTout,envoyerTout,Tout,review-needed,,,,/classes/class[@source='gest.consolide.ParamSSI']/field[@source='mEnvoyerTout']
class-field,gest.consolide.ParamSSI,mInclurePJ,inclurePJ,inclurePj,PJ,review-needed,,,,/classes/class[@source='gest.consolide.ParamSSI']/field[@source='mInclurePJ']
class-field,gest.consolide.ParamSSI,mNotifReplicReussie,notifReplicReussie,notifReplicReussie,,high,,,,/classes/class[@source='gest.consolide.ParamSSI']/field[@source='mNotifReplicReussie']
class-field,gest.consolide.ParamSSI,mPeriodicite,periodicite,periodicite,,high,,,,/classes/class[@source='gest.consolide.ParamSSI']/field[@source='mPeriodicite']
class-field,gest.consolide.ParamSSI,mTypeSync,typeSync,typeSync,type|Sync,review-needed,,,,/classes/class[@source='gest.consolide.ParamSSI']/field[@source='mTypeSync']
class-field,gest.consolide.ParamSSI,mVectNModuleDetail,listeNModuleDetail,listeNModuleDetail,N,review-needed,,,,/classes/class[@source='gest.consolide.ParamSSI']/field[@source='mVectNModuleDetail']
class-field,gest.consolide.ParamSSI$NModuleDetail,iDetailEnvoi,detailEnvoi,detailEnvoi,,high,,,,/classes/class[@source='gest.consolide.ParamSSI$NModuleDetail']/field[@source='iDetailEnvoi']
class-field,gest.consolide.ParamSSI$NModuleDetail,iModule,module,module,,high,,,,/classes/class[@source='gest.consolide.ParamSSI$NModuleDetail']/field[@source='iModule']
class-field,gest.cours.CoursInterne,mDureeCertificationValide,dureeCertificationValide,dureeCertificationValide,,high,,,,/classes/class[@source='gest.cours.CoursInterne']/field[@source='mDureeCertificationValide']
class-field,gest.cours.CoursInterne,mNbrHre,nombreHeures,nombreHeures,,high,,,,/classes/class[@source='gest.cours.CoursInterne']/field[@source='mNbrHre']
class-field,gest.cours.CoursInterne,mNbrHrePratique,nombreHeuresPratique,nombreHeuresPratique,,high,,,,/classes/class[@source='gest.cours.CoursInterne']/field[@source='mNbrHrePratique']
class-field,gest.cours.CoursInterne,mOrganisme,organisme,organisme,,high,,,,/classes/class[@source='gest.cours.CoursInterne']/field[@source='mOrganisme']
class-field,gest.cours.CoursInterne,mPeriodicite,periodicite,periodicite,,high,,,,/classes/class[@source='gest.cours.CoursInterne']/field[@source='mPeriodicite']
class-field,gest.cours.CoursInterne,mPeriodiciteActif,periodiciteActif,periodiciteActif,,high,,,,/classes/class[@source='gest.cours.CoursInterne']/field[@source='mPeriodiciteActif']
class-field,gest.cours.CoursInterne,mTypeFormateur,typeFormateur,typeFormateur,type,review-needed,,,,/classes/class[@source='gest.cours.CoursInterne']/field[@source='mTypeFormateur']
class-field,gest.cours.CoursInterne,mVectFormMateriel,listeFormMateriel,listeFormMateriel,Form,review-needed,,,,/classes/class[@source='gest.cours.CoursInterne']/field[@source='mVectFormMateriel']
class-field,gest.cours.CoursInterne,mVectIDProgramme,listeIDProgramme,listeIdProgramme,,high,,,,/classes/class[@source='gest.cours.CoursInterne']/field[@source='mVectIDProgramme']
class-field,gest.docum.Docum,mEtatDoc,etatDoc,etatDocument,etat,review-needed,,,,/classes/class[@source='gest.docum.Docum']/field[@source='mEtatDoc']
class-field,gest.docum.Docum,mTexte,texte,texte,,high,,,,/classes/class[@source='gest.docum.Docum']/field[@source='mTexte']
class-field,gest.docum.Docum,mVectDroitAccesRessSecCiv,listeDroitAccesRessSecCiv,listeDroitAccesRessSecCiv,Ress|Sec|Civ,review-needed,,,,/classes/class[@source='gest.docum.Docum']/field[@source='mVectDroitAccesRessSecCiv']
class-field,gest.docum.Docum,mIDDossierParent,idDossierParent,idDossierParent,,high,,,,/classes/class[@source='gest.docum.Docum']/field[@source='mIDDossierParent']
class-field,gest.docum.Docum,mIDResponsable,idResponsable,idResponsable,,high,,,,/classes/class[@source='gest.docum.Docum']/field[@source='mIDResponsable']
class-field,gest.docum.EtatDoc,mEtat,etat,etat,etat,review-needed,,,,/classes/class[@source='gest.docum.EtatDoc']/field[@source='mEtat']
class-field,gest.dossPrev.Chauffage,mAnneeFab,anneeFab,anneeFab,Fab,review-needed,,,,/classes/class[@source='gest.dossPrev.Chauffage']/field[@source='mAnneeFab']
class-field,gest.dossPrev.Chauffage,mCompagnie,compagnie,compagnie,,high,,,,/classes/class[@source='gest.dossPrev.Chauffage']/field[@source='mCompagnie']
class-field,gest.dossPrev.Chauffage,mModele,modele,modele,,high,,,,/classes/class[@source='gest.dossPrev.Chauffage']/field[@source='mModele']
class-field,gest.dossPrev.Chauffage,mNumSerie,numSerie,numeroSerie,,high,,,,/classes/class[@source='gest.dossPrev.Chauffage']/field[@source='mNumSerie']
class-field,gest.dossPrev.Chauffage,mIDTypeChauffage,idTypeChauffage,idTypeChauffage,Type,review-needed,,,,/classes/class[@source='gest.dossPrev.Chauffage']/field[@source='mIDTypeChauffage']
class-field,gest.dossPrev.Chauffage,mIDTypeCheminee,idTypeCheminee,idTypeCheminee,Type,review-needed,,,,/classes/class[@source='gest.dossPrev.Chauffage']/field[@source='mIDTypeCheminee']
class-field,gest.dossPrev.DossPrev,INDEX_toString,index_toString,indexToString,to,review-needed,,,,/classes/class[@source='gest.dossPrev.DossPrev']/field[@source='INDEX_toString']
class-field,gest.dossPrev.DossPrev,NbrEtage,nbrEtage,nombreEtage,,high,,,,/classes/class[@source='gest.dossPrev.DossPrev']/field[@source='NbrEtage']
class-field,gest.dossPrev.DossPrev,mAireAuSol,aireAuSol,aireAuSol,aire|Au|Sol,review-needed,,,,/classes/class[@source='gest.dossPrev.DossPrev']/field[@source='mAireAuSol']
class-field,gest.dossPrev.DossPrev,mAnneeConstruction,anneeConstruction,anneeConstruction,,high,,,,/classes/class[@source='gest.dossPrev.DossPrev']/field[@source='mAnneeConstruction']
class-field,gest.dossPrev.DossPrev,mAnneeDernRenov,anneeDerniereRenovation,anneeDerniereRenovation,,high,,,,/classes/class[@source='gest.dossPrev.DossPrev']/field[@source='mAnneeDernRenov']
class-field,gest.dossPrev.DossPrev,mAssoc,associationBatiment,associationBatiment,,high,,,,/classes/class[@source='gest.dossPrev.DossPrev']/field[@source='mAssoc']
class-field,gest.dossPrev.DossPrev,mDateDernResolution,dateDernResolution,dateDernResolution,date|Dern,review-needed,,,,/classes/class[@source='gest.dossPrev.DossPrev']/field[@source='mDateDernResolution']
class-field,gest.dossPrev.DossPrev,mDateDernSync,dateDernSync,dateDernSync,date|Dern|Sync,review-needed,,,,/classes/class[@source='gest.dossPrev.DossPrev']/field[@source='mDateDernSync']
class-field,gest.dossPrev.DossPrev,mDateTransfertRAO,dateTransfertRAO,dateTransfertRao,date|RAO,review-needed,,,,/classes/class[@source='gest.dossPrev.DossPrev']/field[@source='mDateTransfertRAO']
class-field,gest.dossPrev.DossPrev,mDatum,datum,datum,,high,,,,/classes/class[@source='gest.dossPrev.DossPrev']/field[@source='mDatum']
class-field,gest.dossPrev.DossPrev,mDescUtilisation,descriptionUtilisation,descriptionUtilisation,,high,,,,/classes/class[@source='gest.dossPrev.DossPrev']/field[@source='mDescUtilisation']
class-field,gest.dossPrev.DossPrev,mDossierPapier,dossierPapier,dossierPapier,,high,,,,/classes/class[@source='gest.dossPrev.DossPrev']/field[@source='mDossierPapier']
class-field,gest.dossPrev.DossPrev,mEnergie,energie,energie,,high,,,,/classes/class[@source='gest.dossPrev.DossPrev']/field[@source='mEnergie']
class-field,gest.dossPrev.DossPrev,mEtat,etat,etat,etat,review-needed,,,,/classes/class[@source='gest.dossPrev.DossPrev']/field[@source='mEtat']
class-field,gest.dossPrev.DossPrev,mEtatCAUCA,etatCAUCA,etatCauca,etat,review-needed,,,,/classes/class[@source='gest.dossPrev.DossPrev']/field[@source='mEtatCAUCA']
class-field,gest.dossPrev.DossPrev,mExtFin,extFin,externeFin,,high,,,,/classes/class[@source='gest.dossPrev.DossPrev']/field[@source='mExtFin']
class-field,gest.dossPrev.DossPrev,mGeoPosition,geoPosition,geoPosition,geo,review-needed,,,,/classes/class[@source='gest.dossPrev.DossPrev']/field[@source='mGeoPosition']
class-field,gest.dossPrev.DossPrev,mImport,import,import,,high,,,,/classes/class[@source='gest.dossPrev.DossPrev']/field[@source='mImport']
class-field,gest.dossPrev.DossPrev,mLongLat,longLat,longLat,long|Lat,review-needed,,,,/classes/class[@source='gest.dossPrev.DossPrev']/field[@source='mLongLat']
class-field,gest.dossPrev.DossPrev,mNbPhotosParPagePourGraph,nbPhotosParPagePourGraph,nombrePhotosParPagePourGraph,Par|Page|Pour,review-needed,,,,/classes/class[@source='gest.dossPrev.DossPrev']/field[@source='mNbPhotosParPagePourGraph']
class-field,gest.dossPrev.DossPrev,mNbrAttique,nbrAttique,nombreAttique,,high,,,,/classes/class[@source='gest.dossPrev.DossPrev']/field[@source='mNbrAttique']
class-field,gest.dossPrev.DossPrev,mNbrAutresLocaux,nbrAutresLocaux,nombreAutresLocaux,,high,,,,/classes/class[@source='gest.dossPrev.DossPrev']/field[@source='mNbrAutresLocaux']
class-field,gest.dossPrev.DossPrev,mNbrLogement,nbrLogement,nombreLogement,,high,,,,/classes/class[@source='gest.dossPrev.DossPrev']/field[@source='mNbrLogement']
class-field,gest.dossPrev.DossPrev,mNbrSousSol,nbrSousSol,nombreSousSol,Sous|Sol,review-needed,,,,/classes/class[@source='gest.dossPrev.DossPrev']/field[@source='mNbrSousSol']
class-field,gest.dossPrev.DossPrev,mNoCivFin,noCivFin,noCivFin,no|Civ,review-needed,,,,/classes/class[@source='gest.dossPrev.DossPrev']/field[@source='mNoCivFin']
class-field,gest.dossPrev.DossPrev,mPeriodicite,periodicite,periodicite,,high,,,,/classes/class[@source='gest.dossPrev.DossPrev']/field[@source='mPeriodicite']
class-field,gest.dossPrev.DossPrev,mPermetSynchro,permettSynchro,permettSynchro,,high,,,,/classes/class[@source='gest.dossPrev.DossPrev']/field[@source='mPermetSynchro']
class-field,gest.dossPrev.DossPrev,mPermetTransfertCAUCA,permettTransfertCAUCA,permettTransfertCauca,,high,,,,/classes/class[@source='gest.dossPrev.DossPrev']/field[@source='mPermetTransfertCAUCA']
class-field,gest.dossPrev.DossPrev,mProtection,protection,protection,,high,,,,/classes/class[@source='gest.dossPrev.DossPrev']/field[@source='mProtection']
class-field,gest.dossPrev.DossPrev,mQteAireAuSol,qteAireAuSol,quantiteAireAuSol,Aire|Au|Sol,review-needed,,,,/classes/class[@source='gest.dossPrev.DossPrev']/field[@source='mQteAireAuSol']
class-field,gest.dossPrev.DossPrev,mQteAireAuSolTerrain,qteAireAuSolTerrain,quantiteAireAuSolTerrain,Aire|Au|Sol,review-needed,,,,/classes/class[@source='gest.dossPrev.DossPrev']/field[@source='mQteAireAuSolTerrain']
class-field,gest.dossPrev.DossPrev,mRaisonSociale,raisonSociale,raisonSociale,,high,,,,/classes/class[@source='gest.dossPrev.DossPrev']/field[@source='mRaisonSociale']
class-field,gest.dossPrev.DossPrev,mSubdivision,subdivision,subdivision,,high,,,,/classes/class[@source='gest.dossPrev.DossPrev']/field[@source='mSubdivision']
class-field,gest.dossPrev.DossPrev,mTransfertCAUCAFait,transfertCAUCAFait,transfertCaucaFait,Fait,review-needed,,,,/classes/class[@source='gest.dossPrev.DossPrev']/field[@source='mTransfertCAUCAFait']
class-field,gest.dossPrev.DossPrev,mTypeConstrAutreDetail,typeConstrAutreDetail,typeConstrAutreDetail,type,review-needed,,,,/classes/class[@source='gest.dossPrev.DossPrev']/field[@source='mTypeConstrAutreDetail']
class-field,gest.dossPrev.DossPrev,mUtilisePeriodicite,utilisePeriodicite,utilisePeriodicite,,high,,,,/classes/class[@source='gest.dossPrev.DossPrev']/field[@source='mUtilisePeriodicite']
class-field,gest.dossPrev.DossPrev,mValeur,valeur,valeur,,high,,,,/classes/class[@source='gest.dossPrev.DossPrev']/field[@source='mValeur']
class-field,gest.dossPrev.DossPrev,mValeurImmeuble,valeurImmeuble,valeurImmeuble,,high,,,,/classes/class[@source='gest.dossPrev.DossPrev']/field[@source='mValeurImmeuble']
class-field,gest.dossPrev.DossPrev,mValeurTerrain,valeurTerrain,valeurTerrain,,high,,,,/classes/class[@source='gest.dossPrev.DossPrev']/field[@source='mValeurTerrain']
class-field,gest.dossPrev.DossPrev,mVectAliasAdresse,listeAliasAdresse,listeAliasAdresse,,high,,,,/classes/class[@source='gest.dossPrev.DossPrev']/field[@source='mVectAliasAdresse']
class-field,gest.dossPrev.DossPrev,mVectAliasNom,listeAliasNom,listeAliasNom,Nom,review-needed,,,,/classes/class[@source='gest.dossPrev.DossPrev']/field[@source='mVectAliasNom']
class-field,gest.dossPrev.DossPrev,mVectChampPerso,listeChampPerso,listeChampPerso,,high,,,,/classes/class[@source='gest.dossPrev.DossPrev']/field[@source='mVectChampPerso']
class-field,gest.dossPrev.DossPrev,mVectIDCodeRef,listeIdCodeRef,listeIdCodeReference,Code,review-needed,,,,/classes/class[@source='gest.dossPrev.DossPrev']/field[@source='mVectIDCodeRef']
class-field,gest.dossPrev.DossPrev,mVectOldMatricule,listeAncienMatricule,listeAncienMatricule,,high,,,,/classes/class[@source='gest.dossPrev.DossPrev']/field[@source='mVectOldMatricule']
class-field,gest.dossPrev.DossPrev,mVectPeriodicites,listePeriodicites,listePeriodicites,,high,,,,/classes/class[@source='gest.dossPrev.DossPrev']/field[@source='mVectPeriodicites']
class-field,gest.dossPrev.DossPrev,mVectPersonneRess,listePersonneRess,listePersonneRess,Ress,review-needed,,,,/classes/class[@source='gest.dossPrev.DossPrev']/field[@source='mVectPersonneRess']
class-field,gest.dossPrev.DossPrev,mVectProdDang,listeProdDang,listeProduitDang,Dang,review-needed,,,,/classes/class[@source='gest.dossPrev.DossPrev']/field[@source='mVectProdDang']
class-field,gest.dossPrev.DossPrev,mIDAuteur,idAuteur,idAuteur,,high,,,,/classes/class[@source='gest.dossPrev.DossPrev']/field[@source='mIDAuteur']
class-field,gest.dossPrev.DossPrev,mIDCategRisque,idCategRisque,idCategRisque,,high,,,,/classes/class[@source='gest.dossPrev.DossPrev']/field[@source='mIDCategRisque']
class-field,gest.dossPrev.DossPrev,mIDClassif,idClassif,idClassif,,high,,,,/classes/class[@source='gest.dossPrev.DossPrev']/field[@source='mIDClassif']
class-field,gest.dossPrev.DossPrev,mIDDossPrevAssoc,idDossierAdresseAssocie,idDossierAdresseAssocie,,high,,,,/classes/class[@source='gest.dossPrev.DossPrev']/field[@source='mIDDossPrevAssoc']
class-field,gest.dossPrev.DossPrev,mIDDossPrevAttach,idDossierAdresseAttach,idDossierAdresseAttach,,high,,,,/classes/class[@source='gest.dossPrev.DossPrev']/field[@source='mIDDossPrevAttach']
class-field,gest.dossPrev.DossPrev,mIDDossPrevOld,idDossierAdresseAncien,idDossierAdresseAncien,,high,,,,/classes/class[@source='gest.dossPrev.DossPrev']/field[@source='mIDDossPrevOld']
class-field,gest.dossPrev.DossPrev,mIDExterne,idExterne,idExterne,,high,,,,/classes/class[@source='gest.dossPrev.DossPrev']/field[@source='mIDExterne']
class-field,gest.dossPrev.DossPrev,mIDGraph,idGraph,idGraph,,high,,,,/classes/class[@source='gest.dossPrev.DossPrev']/field[@source='mIDGraph']
class-field,gest.dossPrev.DossPrev,mIDParementExt,idParementExterieur,idParementExterieur,,high,,,,/classes/class[@source='gest.dossPrev.DossPrev']/field[@source='mIDParementExt']
class-field,gest.dossPrev.DossPrev,mIDPlancher,idPlancher,idPlancher,,high,,,,/classes/class[@source='gest.dossPrev.DossPrev']/field[@source='mIDPlancher']
class-field,gest.dossPrev.DossPrev,mIDTypeBatiment,idTypeBatiment,idTypeBatiment,Type,review-needed,,,,/classes/class[@source='gest.dossPrev.DossPrev']/field[@source='mIDTypeBatiment']
class-field,gest.dossPrev.DossPrev,mIDTypeConstruction,idTypeConstruction,idTypeConstruction,Type,review-needed,,,,/classes/class[@source='gest.dossPrev.DossPrev']/field[@source='mIDTypeConstruction']
class-field,gest.dossPrev.DossPrev,mIDTypeToit,idTypeToit,idTypeToit,Type|Toit,review-needed,,,,/classes/class[@source='gest.dossPrev.DossPrev']/field[@source='mIDTypeToit']
class-field,gest.dossPrev.DossPrev,mIDUsageDuLocal,idUsageDuLocal,idUsageDuLocal,Du,review-needed,,,,/classes/class[@source='gest.dossPrev.DossPrev']/field[@source='mIDUsageDuLocal']
class-field,gest.dossPrev.DossPrev,mIDUsagePrincipal,idUsagePrincipal,idUsagePrincipal,,high,,,,/classes/class[@source='gest.dossPrev.DossPrev']/field[@source='mIDUsagePrincipal']
class-field,gest.dossPrev.DossPrev$NAliasNom,iNom,nom,nom,nom,review-needed,,,,/classes/class[@source='gest.dossPrev.DossPrev$NAliasNom']/field[@source='iNom']
class-field,gest.dossPrev.DossPrevSuppr,mAssoc,association,association,,high,,,,/classes/class[@source='gest.dossPrev.DossPrevSuppr']/field[@source='mAssoc']
class-field,gest.dossPrev.DossPrevSuppr,mExtFin,extensionFin,extensionFin,,high,,,,/classes/class[@source='gest.dossPrev.DossPrevSuppr']/field[@source='mExtFin']
class-field,gest.dossPrev.DossPrevSuppr,mNoCivFin,numeroCiviqueFin,numeroCiviqueFin,,high,,,,/classes/class[@source='gest.dossPrev.DossPrevSuppr']/field[@source='mNoCivFin']
class-field,gest.dossPrev.DossPrevSuppr,mSubdivision,subdivision,subdivision,,high,,,,/classes/class[@source='gest.dossPrev.DossPrevSuppr']/field[@source='mSubdivision']
class-field,gest.dossPrev.DossPrevSuppr,mIDExterne,idExterne,idExterne,,high,,,,/classes/class[@source='gest.dossPrev.DossPrevSuppr']/field[@source='mIDExterne']
class-field,gest.dossPrev.Energie,ChaufPrinc,chauffagePrincipal,chauffagePrincipal,,high,,,,/classes/class[@source='gest.dossPrev.Energie']/field[@source='ChaufPrinc']
class-field,gest.dossPrev.Energie,ChaufSecond,chauffageSecondaire,chauffageSecondaire,,high,,,,/classes/class[@source='gest.dossPrev.Energie']/field[@source='ChaufSecond']
class-field,gest.dossPrev.Energie,UtiliseChaufSecond,utiliseChauffageSecondaire,utiliseChauffageSecondaire,,high,,,,/classes/class[@source='gest.dossPrev.Energie']/field[@source='UtiliseChaufSecond']
class-field,gest.dossPrev.Energie,mElecEquipRaccorde,electriciteEquipementRaccorde,electriciteEquipementRaccorde,,high,,,,/classes/class[@source='gest.dossPrev.Energie']/field[@source='mElecEquipRaccorde']
class-field,gest.dossPrev.Energie,mElecLocation,electriciteEmplacement,electriciteEmplacement,,high,,,,/classes/class[@source='gest.dossPrev.Energie']/field[@source='mElecLocation']
class-field,gest.dossPrev.Energie,mElecNombre,electriciteNombre,electriciteNombre,,high,,,,/classes/class[@source='gest.dossPrev.Energie']/field[@source='mElecNombre']
class-field,gest.dossPrev.Energie,mElecQuant,electriciteQuantite,electriciteQuantite,,high,,,,/classes/class[@source='gest.dossPrev.Energie']/field[@source='mElecQuant']
class-field,gest.dossPrev.Energie,mGazEquipRaccorde,gazEquipementRaccorde,gazEquipementRaccorde,gaz,review-needed,,,,/classes/class[@source='gest.dossPrev.Energie']/field[@source='mGazEquipRaccorde']
class-field,gest.dossPrev.Energie,mGazLocation,gazEmplacement,gazEmplacement,gaz,review-needed,,,,/classes/class[@source='gest.dossPrev.Energie']/field[@source='mGazLocation']
class-field,gest.dossPrev.Energie,mGazNombre,gazNombre,gazNombre,gaz,review-needed,,,,/classes/class[@source='gest.dossPrev.Energie']/field[@source='mGazNombre']
class-field,gest.dossPrev.Energie,mGeneratrice,generatrice,generatrice,,high,,,,/classes/class[@source='gest.dossPrev.Energie']/field[@source='mGeneratrice']
class-field,gest.dossPrev.Energie,mGeneratricePos,generatriceEmplacement,generatriceEmplacement,,high,,,,/classes/class[@source='gest.dossPrev.Energie']/field[@source='mGeneratricePos']
class-field,gest.dossPrev.Energie,mMazEquipRaccorde,mazoutEquipementRaccorde,mazoutEquipementRaccorde,,high,,,,/classes/class[@source='gest.dossPrev.Energie']/field[@source='mMazEquipRaccorde']
class-field,gest.dossPrev.Energie,mMazLocation,mazoutLocation,mazoutLocation,,high,,,,/classes/class[@source='gest.dossPrev.Energie']/field[@source='mMazLocation']
class-field,gest.dossPrev.Energie,mMazNombre,mazoutNombre,mazoutNombre,,high,,,,/classes/class[@source='gest.dossPrev.Energie']/field[@source='mMazNombre']
class-field,gest.dossPrev.Energie,mMazQuant,mazoutQuantite,mazoutQuantite,,high,,,,/classes/class[@source='gest.dossPrev.Energie']/field[@source='mMazQuant']
class-field,gest.dossPrev.Energie,mPropEquipRaccorde,propaneEquipementRaccorde,propaneEquipementRaccorde,,high,,,,/classes/class[@source='gest.dossPrev.Energie']/field[@source='mPropEquipRaccorde']
class-field,gest.dossPrev.Energie,mPropLocation,propaneEmplacement,propaneEmplacement,,high,,,,/classes/class[@source='gest.dossPrev.Energie']/field[@source='mPropLocation']
class-field,gest.dossPrev.Energie,mPropNombre,propaneNombre,propaneNombre,,high,,,,/classes/class[@source='gest.dossPrev.Energie']/field[@source='mPropNombre']
class-field,gest.dossPrev.Energie,mPropQuant,propaneQuantite,propaneQuantite,,high,,,,/classes/class[@source='gest.dossPrev.Energie']/field[@source='mPropQuant']
class-field,gest.dossPrev.HistoImportDossPrev,mID,id,id,,high,,,,/classes/class[@source='gest.dossPrev.HistoImportDossPrev']/field[@source='mID']
class-field,gest.dossPrev.HistoImportDossPrev,mDateImport,dateImport,dateImport,date,review-needed,,,,/classes/class[@source='gest.dossPrev.HistoImportDossPrev']/field[@source='mDateImport']
class-field,gest.dossPrev.HistoImportDossPrev,mFilename,nomFichier,nomFichier,nom,review-needed,,,,/classes/class[@source='gest.dossPrev.HistoImportDossPrev']/field[@source='mFilename']
class-field,gest.dossPrev.HistoImportDossPrev,mIDOperateur,idOperateur,idOperateur,,high,,,,/classes/class[@source='gest.dossPrev.HistoImportDossPrev']/field[@source='mIDOperateur']
class-field,gest.dossPrev.HistoImportDossPrev,mCodeGeo,codeGeo,codeGeo,code|Geo,review-needed,,,,/classes/class[@source='gest.dossPrev.HistoImportDossPrev']/field[@source='mCodeGeo']
class-field,gest.dossPrev.HistoImportDossPrev,mNumAjoutsAnalyses,nombreAjoutsAnalyses,nombreAjoutsAnalyses,,high,,,,/classes/class[@source='gest.dossPrev.HistoImportDossPrev']/field[@source='mNumAjoutsAnalyses']
class-field,gest.dossPrev.HistoImportDossPrev,mNumAjoutsEffectues,nombreAjoutsEffectues,nombreAjoutsEffectues,,high,,,,/classes/class[@source='gest.dossPrev.HistoImportDossPrev']/field[@source='mNumAjoutsEffectues']
class-field,gest.dossPrev.HistoImportDossPrev,mNumModifs,nombreModificationss,nombreModificationss,,high,,,,/classes/class[@source='gest.dossPrev.HistoImportDossPrev']/field[@source='mNumModifs']
class-field,gest.dossPrev.HistoImportDossPrev,mNumSuppressionsAnalyses,nombreSuppressionsAnalyses,nombreSuppressionsAnalyses,,high,,,,/classes/class[@source='gest.dossPrev.HistoImportDossPrev']/field[@source='mNumSuppressionsAnalyses']
class-field,gest.dossPrev.HistoImportDossPrev,mNumSuppressionsEffectues,nombreSuppressionsEffectues,nombreSuppressionsEffectues,,high,,,,/classes/class[@source='gest.dossPrev.HistoImportDossPrev']/field[@source='mNumSuppressionsEffectues']
class-field,gest.dossPrev.HistoImportDossPrev,mNumConflits,nombreConflits,nombreConflits,,high,,,,/classes/class[@source='gest.dossPrev.HistoImportDossPrev']/field[@source='mNumConflits']
class-field,gest.dossPrev.HistoImportDossPrev,mNumNonTraites,nombreNonTraites,nombreNonTraites,Non,review-needed,,,,/classes/class[@source='gest.dossPrev.HistoImportDossPrev']/field[@source='mNumNonTraites']
class-field,gest.dossPrev.HistoImportDossPrev,mNumTraites,nombreTraites,nombreTraites,,high,,,,/classes/class[@source='gest.dossPrev.HistoImportDossPrev']/field[@source='mNumTraites']
class-field,gest.dossPrev.HistoImportDossPrev,mResultat,resultat,resultat,,high,,,,/classes/class[@source='gest.dossPrev.HistoImportDossPrev']/field[@source='mResultat']
class-field,gest.dossPrev.ParamDossPrev,mActiverExport,activerExport,activerExport,,high,,,,/classes/class[@source='gest.dossPrev.ParamDossPrev']/field[@source='mActiverExport']
class-field,gest.dossPrev.ParamDossPrev,mChercherMatriculeAnterieurDansVectOldMatricule,chercherMatriculeAnterieurDansListeAncienMatricule,chercherMatriculeAnterieurDansListeAncienMatricule,Dans,review-needed,,,,/classes/class[@source='gest.dossPrev.ParamDossPrev']/field[@source='mChercherMatriculeAnterieurDansVectOldMatricule']
class-field,gest.dossPrev.ParamDossPrev,mConfigCompressionImages,configurationCompressionImages,configurationCompressionImages,,high,,,,/classes/class[@source='gest.dossPrev.ParamDossPrev']/field[@source='mConfigCompressionImages']
class-field,gest.dossPrev.ParamDossPrev,mDateDernExport,dateDernierExport,dateDernierExport,date,review-needed,,,,/classes/class[@source='gest.dossPrev.ParamDossPrev']/field[@source='mDateDernExport']
class-field,gest.dossPrev.ParamDossPrev,mDateDernExportAutomatique,dateDernierExportAutomatique,dateDernierExportAutomatique,date,review-needed,,,,/classes/class[@source='gest.dossPrev.ParamDossPrev']/field[@source='mDateDernExportAutomatique']
class-field,gest.dossPrev.ParamDossPrev,mExporterTousLesDossPrev,exporterTousLesDossierAdresse,exporterTousLesDossierAdresse,Tous|Les,review-needed,,,,/classes/class[@source='gest.dossPrev.ParamDossPrev']/field[@source='mExporterTousLesDossPrev']
class-field,gest.dossPrev.ParamDossPrev,mParamCategRisqueCouleur,paramCategorieRisqueCouleur,parametreCategorieRisqueCouleur,,high,,,,/classes/class[@source='gest.dossPrev.ParamDossPrev']/field[@source='mParamCategRisqueCouleur']
class-field,gest.dossPrev.ParamDossPrev,mParamExportDonnees,paramExportDonnees,parametreExportDonnees,,high,,,,/classes/class[@source='gest.dossPrev.ParamDossPrev']/field[@source='mParamExportDonnees']
class-field,gest.dossPrev.ParamDossPrev,mPeriodiciteExport,periodiciteExport,periodiciteExport,,high,,,,/classes/class[@source='gest.dossPrev.ParamDossPrev']/field[@source='mPeriodiciteExport']
class-field,gest.dossPrev.ParamDossPrev,mRepertoireExport,repertoireExport,repertoireExport,,high,,,,/classes/class[@source='gest.dossPrev.ParamDossPrev']/field[@source='mRepertoireExport']
class-field,gest.dossPrev.ParamDossPrev,mSetPropPasSync,setProprietePasSynchronise,setProprietePasSynchronise,set|Pas,review-needed,,,,/classes/class[@source='gest.dossPrev.ParamDossPrev']/field[@source='mSetPropPasSync']
class-field,gest.dossPrev.ParamDossPrev,mVectCodeUsageRempl,listeCodeUsageRemplacement,listeCodeUsageRemplacement,Code,review-needed,,,,/classes/class[@source='gest.dossPrev.ParamDossPrev']/field[@source='mVectCodeUsageRempl']
class-field,gest.dossPrev.ParamDossPrev,mVectNValRempl,listeValeurRemplacement,listeValeurRemplacement,,high,,,,/classes/class[@source='gest.dossPrev.ParamDossPrev']/field[@source='mVectNValRempl']
class-field,gest.dossPrev.ParamDossPrev$NValRempl,iVal,valeur,valeur,,high,,,,/classes/class[@source='gest.dossPrev.ParamDossPrev$NValRempl']/field[@source='iVal']
class-field,gest.dossPrev.ParamDossPrev$NValRempl,iRempl,remplacement,remplacement,,high,,,,/classes/class[@source='gest.dossPrev.ParamDossPrev$NValRempl']/field[@source='iRempl']
class-field,gest.dossPrev.ParamDossPrev$NValRempl,iVoie,voie,voie,voie,review-needed,,,,/classes/class[@source='gest.dossPrev.ParamDossPrev$NValRempl']/field[@source='iVoie']
class-field,gest.dossPrev.ParamDossPrev$NValRempl,iVoieRempl,voieRemplacement,voieRemplacement,voie,review-needed,,,,/classes/class[@source='gest.dossPrev.ParamDossPrev$NValRempl']/field[@source='iVoieRempl']
class-field,gest.dossPrev.ParamDossPrev$NCodeUsageAssoc,mCode,code,code,code,review-needed,,,,/classes/class[@source='gest.dossPrev.ParamDossPrev$NCodeUsageAssoc']/field[@source='mCode']
class-field,gest.dossPrev.ParamDossPrev$NCodeUsageAssoc,mMSPCode,mspCode,mspCode,msp|Code,review-needed,,,,/classes/class[@source='gest.dossPrev.ParamDossPrev$NCodeUsageAssoc']/field[@source='mMSPCode']
class-field,gest.dossPrev.PeriodiciteDossPrev,mDateDernPrev,dateDernierePrevention,dateDernierePrevention,date,review-needed,,,,/classes/class[@source='gest.dossPrev.PeriodiciteDossPrev']/field[@source='mDateDernPrev']
class-field,gest.dossPrev.PeriodiciteDossPrev,mTypePeriodicite,typePeriodicite,typePeriodicite,type,review-needed,,,,/classes/class[@source='gest.dossPrev.PeriodiciteDossPrev']/field[@source='mTypePeriodicite']
class-field,gest.dossPrev.PeriodiciteDossPrev,mIDResponsable,idResponsable,idResponsable,,high,,,,/classes/class[@source='gest.dossPrev.PeriodiciteDossPrev']/field[@source='mIDResponsable']
class-field,gest.dossPrev.PeriodiciteDossPrev,mIDTypePrevention,idTypePrevention,idTypePrevention,Type,review-needed,,,,/classes/class[@source='gest.dossPrev.PeriodiciteDossPrev']/field[@source='mIDTypePrevention']
class-field,gest.dossPrev.PersonneRess,mAssistanceParticuliere,assistanceParticuliere,assistanceParticuliere,,high,,,,/classes/class[@source='gest.dossPrev.PersonneRess']/field[@source='mAssistanceParticuliere']
class-field,gest.dossPrev.PersonneRess,mAutreAdresseQueDossier,autreAdresseQueDossier,autreAdresseQueDossier,Que,review-needed,,,,/classes/class[@source='gest.dossPrev.PersonneRess']/field[@source='mAutreAdresseQueDossier']
class-field,gest.dossPrev.PersonneRess,mCell,cellulaire,cellulaire,,high,,,,/classes/class[@source='gest.dossPrev.PersonneRess']/field[@source='mCell']
class-field,gest.dossPrev.PersonneRess,mConsentementWebPourEnvois,consentementWebPourEnvois,consentementWebPourEnvois,Web|Pour,review-needed,,,,/classes/class[@source='gest.dossPrev.PersonneRess']/field[@source='mConsentementWebPourEnvois']
class-field,gest.dossPrev.PersonneRess,mContactIntervention,contactIntervention,contactIntervention,,high,,,,/classes/class[@source='gest.dossPrev.PersonneRess']/field[@source='mContactIntervention']
class-field,gest.dossPrev.PersonneRess,mHandicape,handicape,handicape,,high,,,,/classes/class[@source='gest.dossPrev.PersonneRess']/field[@source='mHandicape']
class-field,gest.dossPrev.PersonneRess,mIdentImport,identificationImport,identificationImport,,high,,,,/classes/class[@source='gest.dossPrev.PersonneRess']/field[@source='mIdentImport']
class-field,gest.dossPrev.PersonneRess,mLastUpdateViaFormWeb,derniereMiseAJourViaFormulaireWeb,derniereMiseAJourViaFormulaireWeb,Mise|A|Jour|Via|Web,review-needed,,,,/classes/class[@source='gest.dossPrev.PersonneRess']/field[@source='mLastUpdateViaFormWeb']
class-field,gest.dossPrev.PersonneRess,mPaget,teleavertisseur,teleavertisseur,,high,,,,/classes/class[@source='gest.dossPrev.PersonneRess']/field[@source='mPaget']
class-field,gest.dossPrev.PersonneRess,mPagetCode,teleavertisseurCode,teleavertisseurCode,Code,review-needed,,,,/classes/class[@source='gest.dossPrev.PersonneRess']/field[@source='mPagetCode']
class-field,gest.dossPrev.PersonneRess,mPersonneRessource,personneRessource,personneRessource,,high,,,,/classes/class[@source='gest.dossPrev.PersonneRess']/field[@source='mPersonneRessource']
class-field,gest.dossPrev.PersonneRess,mProvenance,provenance,provenance,,high,,,,/classes/class[@source='gest.dossPrev.PersonneRess']/field[@source='mProvenance']
class-field,gest.dossPrev.PersonneRess,mRaisonSociale,raisonSociale,raisonSociale,,high,,,,/classes/class[@source='gest.dossPrev.PersonneRess']/field[@source='mRaisonSociale']
class-field,gest.dossPrev.PersonneRess,mSalutation,salutation,salutation,,high,,,,/classes/class[@source='gest.dossPrev.PersonneRess']/field[@source='mSalutation']
class-field,gest.dossPrev.PersonneRess,mSiteWeb,siteWeb,siteWeb,site|Web,review-needed,,,,/classes/class[@source='gest.dossPrev.PersonneRess']/field[@source='mSiteWeb']
class-field,gest.dossPrev.PersonneRess,mStatut,statut,statut,,high,,,,/classes/class[@source='gest.dossPrev.PersonneRess']/field[@source='mStatut']
class-field,gest.dossPrev.PersonneRess,mIDLangue,idLangue,idLangue,,high,,,,/classes/class[@source='gest.dossPrev.PersonneRess']/field[@source='mIDLangue']
class-field,gest.dossPrev.ProdDang,mCAS,cas,cas,cas,review-needed,,,,/classes/class[@source='gest.dossPrev.ProdDang']/field[@source='mCAS']
class-field,gest.dossPrev.ProdDang,mContenant,contenant,contenant,,high,,,,/classes/class[@source='gest.dossPrev.ProdDang']/field[@source='mContenant']
class-field,gest.dossPrev.ProdDang,mEntreeGaz,entreeGaz,entreeGaz,Gaz,review-needed,,,,/classes/class[@source='gest.dossPrev.ProdDang']/field[@source='mEntreeGaz']
class-field,gest.dossPrev.ProdDang,mEquipRaccorde,equipementRaccorde,equipementRaccorde,,high,,,,/classes/class[@source='gest.dossPrev.ProdDang']/field[@source='mEquipRaccorde']
class-field,gest.dossPrev.ProdDang,mLocalisation,emplacement,emplacement,,high,,,,/classes/class[@source='gest.dossPrev.ProdDang']/field[@source='mLocalisation']
class-field,gest.dossPrev.ProdDang,mNbrContenant,nombreContenant,nombreContenant,,high,,,,/classes/class[@source='gest.dossPrev.ProdDang']/field[@source='mNbrContenant']
class-field,gest.dossPrev.ProdDang,mPerimetre,perimetre,perimetre,,high,,,,/classes/class[@source='gest.dossPrev.ProdDang']/field[@source='mPerimetre']
class-field,gest.dossPrev.ProdDang,mSecteur,secteur,secteur,,high,,,,/classes/class[@source='gest.dossPrev.ProdDang']/field[@source='mSecteur']
class-field,gest.dossPrev.ProdDang,mSection,section,section,,high,,,,/classes/class[@source='gest.dossPrev.ProdDang']/field[@source='mSection']
class-field,gest.dossPrev.ProdDang,mVolume,volume,volume,,high,,,,/classes/class[@source='gest.dossPrev.ProdDang']/field[@source='mVolume']
class-field,gest.dossPrev.ProdDang,mIDPageJaune,idPageJaune,idPageJaune,Page,review-needed,,,,/classes/class[@source='gest.dossPrev.ProdDang']/field[@source='mIDPageJaune']
class-field,gest.dossPrev.Protection,mIDAvertisseur,idAvertisseur,idAvertisseur,,high,,,,/classes/class[@source='gest.dossPrev.Protection']/field[@source='mIDAvertisseur']
class-field,gest.dossPrev.Protection,mIDExtinction,idExtinction,idExtinction,,high,,,,/classes/class[@source='gest.dossPrev.Protection']/field[@source='mIDExtinction']
class-field,gest.dossPrev.Protection,mIDSystAlarme,idSystemeAlarme,idSystemeAlarme,,high,,,,/classes/class[@source='gest.dossPrev.Protection']/field[@source='mIDSystAlarme']
class-field,gest.employe.ContactUrgence,mTelJour,telephoneJour,telephoneJour,Jour,review-needed,,,,/classes/class[@source='gest.employe.ContactUrgence']/field[@source='mTelJour']
class-field,gest.employe.ContactUrgence,mTelSoir,telephoneSoir,telephoneSoir,Soir,review-needed,,,,/classes/class[@source='gest.employe.ContactUrgence']/field[@source='mTelSoir']
class-field,gest.employe.Employe,mCell,cellulaire,cellulaire,,high,,,,/classes/class[@source='gest.employe.Employe']/field[@source='mCell']
class-field,gest.employe.Employe,mCodePermanent,codePermanent,codePermanent,code,review-needed,,,,/classes/class[@source='gest.employe.Employe']/field[@source='mCodePermanent']
class-field,gest.employe.Employe,mCouriel,couriel,couriel,,high,,,,/classes/class[@source='gest.employe.Employe']/field[@source='mCouriel']
class-field,gest.employe.Employe,mCourielPaget,courielTeleavertisseur,courielTeleavertisseur,,high,,,,/classes/class[@source='gest.employe.Employe']/field[@source='mCourielPaget']
class-field,gest.employe.Employe,mDateEmbauche,dateEmbauche,dateEmbauche,date,review-needed,,,,/classes/class[@source='gest.employe.Employe']/field[@source='mDateEmbauche']
class-field,gest.employe.Employe,mDateNais,dateNaissance,dateNaissance,date,review-needed,,,,/classes/class[@source='gest.employe.Employe']/field[@source='mDateNais']
class-field,gest.employe.Employe,mNAS,nas,nas,nas,review-needed,,,,/classes/class[@source='gest.employe.Employe']/field[@source='mNAS']
class-field,gest.employe.Employe,mNumAssMaladie,numeroAssuranceMaladie,numeroAssuranceMaladie,,high,,,,/classes/class[@source='gest.employe.Employe']/field[@source='mNumAssMaladie']
class-field,gest.employe.Employe,mNumEmploye,numeroEmploye,numeroEmploye,,high,,,,/classes/class[@source='gest.employe.Employe']/field[@source='mNumEmploye']
class-field,gest.employe.Employe,mNumSeqTache,numeroSequentielTache,numeroSequentielTache,,high,,,,/classes/class[@source='gest.employe.Employe']/field[@source='mNumSeqTache']
class-field,gest.employe.Employe,mPaget,teleavertisseur,teleavertisseur,,high,,,,/classes/class[@source='gest.employe.Employe']/field[@source='mPaget']
class-field,gest.employe.Employe,mPagetCode,teleavertisseurCode,teleavertisseurCode,Code,review-needed,,,,/classes/class[@source='gest.employe.Employe']/field[@source='mPagetCode']
class-field,gest.employe.Employe,mPermisClasse,permisClasse,permisClasse,,high,,,,/classes/class[@source='gest.employe.Employe']/field[@source='mPermisClasse']
class-field,gest.employe.Employe,mPermisConduire,permisConduire,permisConduire,,high,,,,/classes/class[@source='gest.employe.Employe']/field[@source='mPermisConduire']
class-field,gest.employe.Employe,mPermisExpiration,permisExpiration,permisExpiration,,high,,,,/classes/class[@source='gest.employe.Employe']/field[@source='mPermisExpiration']
class-field,gest.employe.Employe,mPrenom,prenom,prenom,,high,,,,/classes/class[@source='gest.employe.Employe']/field[@source='mPrenom']
class-field,gest.employe.Employe,mTelBureau,telephoneBureau,telephoneBureau,,high,,,,/classes/class[@source='gest.employe.Employe']/field[@source='mTelBureau']
class-field,gest.employe.Employe,mTelTravailExt,telephoneTravailExterieur,telephoneTravailExterieur,,high,,,,/classes/class[@source='gest.employe.Employe']/field[@source='mTelTravailExt']
class-field,gest.employe.Employe,mTypeEmploye,typeEmploye,typeEmploye,type,review-needed,,,,/classes/class[@source='gest.employe.Employe']/field[@source='mTypeEmploye']
class-field,gest.employe.Employe,mUtilisateur,aCompteUtilisateur,aCompteUtilisateur,a,review-needed,,,,/classes/class[@source='gest.employe.Employe']/field[@source='mUtilisateur']
class-field,gest.employe.Employe,mUtiliseTauxGrade,utiliseTauxGrade,utiliseTauxGrade,Taux,review-needed,,,,/classes/class[@source='gest.employe.Employe']/field[@source='mUtiliseTauxGrade']
class-field,gest.employe.Employe,mVectContactUrgence,listeContactUrgence,listeContactUrgence,,high,,,,/classes/class[@source='gest.employe.Employe']/field[@source='mVectContactUrgence']
class-field,gest.employe.Employe,mVectCoursAvantEmbauche,listeCoursAvantEmbauche,listeCoursAvantEmbauche,,high,,,,/classes/class[@source='gest.employe.Employe']/field[@source='mVectCoursAvantEmbauche']
class-field,gest.employe.Employe,mVectEmployeDateTaux,listeDateTaux,listeDateTaux,Date|Taux,review-needed,,,,/classes/class[@source='gest.employe.Employe']/field[@source='mVectEmployeDateTaux']
class-field,gest.employe.Employe,mVectEmployeTaux,listeTaux,listeTaux,Taux,review-needed,,,,/classes/class[@source='gest.employe.Employe']/field[@source='mVectEmployeTaux']
class-field,gest.employe.Employe,mVectEmployeNomin,listeNomination,listeNomination,,high,,,,/classes/class[@source='gest.employe.Employe']/field[@source='mVectEmployeNomin']
class-field,gest.employe.Employe,mVectNonDispo,listeNonDisponibilite,listeNonDisponibilite,Non,review-needed,,,,/classes/class[@source='gest.employe.Employe']/field[@source='mVectNonDispo']
class-field,gest.employe.Employe,mVectPer,listePeriodiciteEntretienEquipement,listePeriodiciteEntretienEquipement,,high,,,,/classes/class[@source='gest.employe.Employe']/field[@source='mVectPer']
class-field,gest.employe.Employe,mVectQteRequise,listeQuantiteRequiseEquipement,listeQuantiteRequiseEquipement,,high,,,,/classes/class[@source='gest.employe.Employe']/field[@source='mVectQteRequise']
class-field,gest.employe.Employe,mWebCodeUtil,webCodeUtilisateur,webCodeUtilisateur,web|Code,review-needed,,,,/classes/class[@source='gest.employe.Employe']/field[@source='mWebCodeUtil']
class-field,gest.employe.Employe,mWebMemeCodeAccesQueUtil,webMemeCodeAccesQueUtilisateur,webMemeCodeAccesQueUtilisateur,web|Meme|Code|Que,review-needed,,,,/classes/class[@source='gest.employe.Employe']/field[@source='mWebMemeCodeAccesQueUtil']
class-field,gest.employe.Employe,mWebMotPasse,webMotPasse,webMotPasse,web|Mot,review-needed,,,,/classes/class[@source='gest.employe.Employe']/field[@source='mWebMotPasse']
class-field,gest.employe.Employe,mWebUtil,webUtilisateur,webUtilisateur,web,review-needed,,,,/classes/class[@source='gest.employe.Employe']/field[@source='mWebUtil']
class-field,gest.employe.Employe,mIDLangue,idLangue,idLangue,,high,,,,/classes/class[@source='gest.employe.Employe']/field[@source='mIDLangue']
class-field,gest.employe.Employe,mIDSignature,idSignature,idSignature,,high,,,,/classes/class[@source='gest.employe.Employe']/field[@source='mIDSignature']
class-field,gest.employe.Employe,mIDUtilisateur,idUtilisateur,idUtilisateur,,high,,,,/classes/class[@source='gest.employe.Employe']/field[@source='mIDUtilisateur']
class-field,gest.employe.Employe,mIDVehicule,idVehicule,idVehicule,,high,,,,/classes/class[@source='gest.employe.Employe']/field[@source='mIDVehicule']
class-field,gest.employe.Employe$NNonDispo,iDateDe,dateDe,dateDe,date|De,review-needed,,,,/classes/class[@source='gest.employe.Employe$NNonDispo']/field[@source='iDateDe']
class-field,gest.employe.Employe$NNonDispo,iDateA,dateA,dateA,date|A,review-needed,,,,/classes/class[@source='gest.employe.Employe$NNonDispo']/field[@source='iDateA']
class-field,gest.employe.Employe$NNonDispo,iNbrMillisNonDispo,nombreMillisecondeNonDisponible,nombreMillisecondeNonDisponible,Non,review-needed,,,,/classes/class[@source='gest.employe.Employe$NNonDispo']/field[@source='iNbrMillisNonDispo']
class-field,gest.employe.Employe$NNonDispo,iPeriodicite,periodicite,periodicite,,high,,,,/classes/class[@source='gest.employe.Employe$NNonDispo']/field[@source='iPeriodicite']
class-field,gest.employe.Employe$NNonDispo,iRaison,raison,raison,,high,,,,/classes/class[@source='gest.employe.Employe$NNonDispo']/field[@source='iRaison']
class-field,gest.employe.Employe$NNonDispo,iTypeNonDispo,typeNonDisponibilite,typeNonDisponibilite,type|Non,review-needed,,,,/classes/class[@source='gest.employe.Employe$NNonDispo']/field[@source='iTypeNonDispo']
class-field,gest.employe.EmployeDateTaux,mDateVigueur,dateEnVigueur,dateEnVigueur,date|En,review-needed,,,,/classes/class[@source='gest.employe.EmployeDateTaux']/field[@source='mDateVigueur']
class-field,gest.employe.EmployeDateTaux,mVectEmployeTaux,listeEmployeTaux,listeEmployeTaux,Taux,review-needed,,,,/classes/class[@source='gest.employe.EmployeDateTaux']/field[@source='mVectEmployeTaux']
class-field,gest.employe.EmployeNomin,mDateNomin,dateNomination,dateNomination,date,review-needed,,,,/classes/class[@source='gest.employe.EmployeNomin']/field[@source='mDateNomin']
class-field,gest.employe.EmployeNomin,mIDGrade,idGrade,idGrade,,high,,,,/classes/class[@source='gest.employe.EmployeNomin']/field[@source='mIDGrade']
class-field,gest.employe.EmployeTaux,mAffectionTravail,affectionTravail,affectionTravail,,high,,,,/classes/class[@source='gest.employe.EmployeTaux']/field[@source='mAffectionTravail']
class-field,gest.employe.EmployeTaux,mTaux,taux,taux,taux,review-needed,,,,/classes/class[@source='gest.employe.EmployeTaux']/field[@source='mTaux']
class-field,gest.employe.EmployeTaux,mChampSupp2,champSupplementaire2,champSupplementaire2,,high,,,,/classes/class[@source='gest.employe.EmployeTaux']/field[@source='mChampSupp2']
class-field,gest.equipe.Equipe,mCouleurActiv,couleurActivite,couleurActivite,,high,,,,/classes/class[@source='gest.equipe.Equipe']/field[@source='mCouleurActiv']
class-field,gest.equipe.Equipe,mVectIDEmploye,listeIDEmploye,listeIdEmploye,,high,,,,/classes/class[@source='gest.equipe.Equipe']/field[@source='mVectIDEmploye']
class-field,gest.equipe.Equipe,mVectIDEquipeOuIDEmpl,listeIDEquipeOuIDEmploye,listeIdEquipeOuIdEmploye,Ou,review-needed,,,,/classes/class[@source='gest.equipe.Equipe']/field[@source='mVectIDEquipeOuIDEmpl']
class-field,gest.equipe.IDEquipeOuIDEmploye,mIDEmploye,idEmploye,idEmploye,,high,,,,/classes/class[@source='gest.equipe.IDEquipeOuIDEmploye']/field[@source='mIDEmploye']
class-field,gest.equipe.IDEquipeOuIDEmploye,mIDEquipe,idEquipe,idEquipe,,high,,,,/classes/class[@source='gest.equipe.IDEquipeOuIDEmploye']/field[@source='mIDEquipe']
class-field,gest.equipement.EquipExist,mCoutAcquisition,coutAcquisition,coutAcquisition,cout,review-needed,,,,/classes/class[@source='gest.equipement.EquipExist']/field[@source='mCoutAcquisition']
class-field,gest.equipement.EquipExist,mDateAchat,dateAchat,dateAchat,date,review-needed,,,,/classes/class[@source='gest.equipement.EquipExist']/field[@source='mDateAchat']
class-field,gest.equipement.EquipExist,mDateFinGarantie,dateFinGarantie,dateFinGarantie,date,review-needed,,,,/classes/class[@source='gest.equipement.EquipExist']/field[@source='mDateFinGarantie']
class-field,gest.equipement.EquipExist,mDatePeremption,datePeremption,datePeremption,date,review-needed,,,,/classes/class[@source='gest.equipement.EquipExist']/field[@source='mDatePeremption']
class-field,gest.equipement.EquipExist,mIdentification,identification,identification,,high,,,,/classes/class[@source='gest.equipement.EquipExist']/field[@source='mIdentification']
class-field,gest.equipement.EquipExist,mIndiquerFinGarantie,indiquerFinGarantie,indiquerFinGarantie,,high,,,,/classes/class[@source='gest.equipement.EquipExist']/field[@source='mIndiquerFinGarantie']
class-field,gest.equipement.EquipExist,mIndiquerPeremption,indiquerPeremption,indiquerPeremption,,high,,,,/classes/class[@source='gest.equipement.EquipExist']/field[@source='mIndiquerPeremption']
class-field,gest.equipement.EquipExist,mManufacturier,manufacturier,manufacturier,,high,,,,/classes/class[@source='gest.equipement.EquipExist']/field[@source='mManufacturier']
class-field,gest.equipement.EquipExist,mModele,modele,modele,,high,,,,/classes/class[@source='gest.equipement.EquipExist']/field[@source='mModele']
class-field,gest.equipement.EquipExist,mNumInventaire,numeroInventaire,numeroInventaire,,high,,,,/classes/class[@source='gest.equipement.EquipExist']/field[@source='mNumInventaire']
class-field,gest.equipement.EquipExist,mNumSerie,numeroSerie,numeroSerie,,high,,,,/classes/class[@source='gest.equipement.EquipExist']/field[@source='mNumSerie']
class-field,gest.equipement.EquipExist,mSituationEquipement,situationEquipement,situationEquipement,,high,,,,/classes/class[@source='gest.equipement.EquipExist']/field[@source='mSituationEquipement']
class-field,gest.equipement.EquipExist,mVectPer,listePer,listePer,Per,review-needed,,,,/classes/class[@source='gest.equipement.EquipExist']/field[@source='mVectPer']
class-field,gest.equipement.EquipExist,mIDCentreServ,idCentreService,idCentreService,,high,,,,/classes/class[@source='gest.equipement.EquipExist']/field[@source='mIDCentreServ']
class-field,gest.equipement.EquipExist,mIDFournisseur,idFournisseur,idFournisseur,,high,,,,/classes/class[@source='gest.equipement.EquipExist']/field[@source='mIDFournisseur']
class-field,gest.equipement.EquipExist,mIDHisto,idHistorique,idHistorique,,high,,,,/classes/class[@source='gest.equipement.EquipExist']/field[@source='mIDHisto']
class-field,gest.equipement.EquipExist,mIDTypeEquipement,idTypeEquipement,idTypeEquipement,Type,review-needed,,,,/classes/class[@source='gest.equipement.EquipExist']/field[@source='mIDTypeEquipement']
class-field,gest.equipement.QteRequise,mQteMax,quantiteMaximum,quantiteMaximum,,high,,,,/classes/class[@source='gest.equipement.QteRequise']/field[@source='mQteMax']
class-field,gest.equipement.QteRequise,mQteMin,quantiteMinimum,quantiteMinimum,,high,,,,/classes/class[@source='gest.equipement.QteRequise']/field[@source='mQteMin']
class-field,gest.equipement.QteRequise,mIDTypeEquipement,idTypeEquipement,idTypeEquipement,Type,review-needed,,,,/classes/class[@source='gest.equipement.QteRequise']/field[@source='mIDTypeEquipement']
class-field,gest.equipement.SituationEquipement,mEtat,etat,etat,etat,review-needed,,,,/classes/class[@source='gest.equipement.SituationEquipement']/field[@source='mEtat']
class-field,gest.equipement.SituationEquipement,mEtatComportement,etatComportement,etatComportement,etat,review-needed,,,,/classes/class[@source='gest.equipement.SituationEquipement']/field[@source='mEtatComportement']
class-field,gest.equipement.SituationEquipement,mIDCentreServ,idCentreService,idCentreService,,high,,,,/classes/class[@source='gest.equipement.SituationEquipement']/field[@source='mIDCentreServ']
class-field,gest.equipement.SituationEquipement,mIDCompartiment,idCompartiment,idCompartiment,,high,,,,/classes/class[@source='gest.equipement.SituationEquipement']/field[@source='mIDCompartiment']
class-field,gest.equipement.SituationEquipement,mIDEmplAssoc,idEmplacementAssocie,idEmplacementAssocie,,high,,,,/classes/class[@source='gest.equipement.SituationEquipement']/field[@source='mIDEmplAssoc']
class-field,gest.equipement.SituationEquipement,mIDEquipConsom,idEquipementConsommable,idEquipementConsommable,,high,,,,/classes/class[@source='gest.equipement.SituationEquipement']/field[@source='mIDEquipConsom']
class-field,gest.equipement.SituationEquipement,mIDEquipExist,idEquipement,idEquipement,,high,,,,/classes/class[@source='gest.equipement.SituationEquipement']/field[@source='mIDEquipExist']
class-field,gest.equipement.SituationEquipement,mIDEquipExistAssemble,idEquipementAssemble,idEquipementAssemble,,high,,,,/classes/class[@source='gest.equipement.SituationEquipement']/field[@source='mIDEquipExistAssemble']
class-field,gest.equipement.SituationEquipement,mIDVehicule,idVehicule,idVehicule,,high,,,,/classes/class[@source='gest.equipement.SituationEquipement']/field[@source='mIDVehicule']
class-field,gest.equipement.TypeEquipement,mConsommable,consommable,consommable,,high,,,,/classes/class[@source='gest.equipement.TypeEquipement']/field[@source='mConsommable']
class-field,gest.equipement.TypeEquipement,mDroitRequisPourTransfert,droitRequisPourTransfert,droitRequisPourTransfert,Pour,review-needed,,,,/classes/class[@source='gest.equipement.TypeEquipement']/field[@source='mDroitRequisPourTransfert']
class-field,gest.equipement.TypeEquipement,mFrequenceDeRemplacement,frequenceDeRemplacement,frequenceDeRemplacement,De,review-needed,,,,/classes/class[@source='gest.equipement.TypeEquipement']/field[@source='mFrequenceDeRemplacement']
class-field,gest.equipement.TypeEquipement,mPermetAssemblage,permetAssemblage,permetAssemblage,,high,,,,/classes/class[@source='gest.equipement.TypeEquipement']/field[@source='mPermetAssemblage']
class-field,gest.equipement.TypeEquipement,mPermetIntervention,permetIntervention,permetIntervention,,high,,,,/classes/class[@source='gest.equipement.TypeEquipement']/field[@source='mPermetIntervention']
class-field,gest.equipement.TypeEquipement,mVectPer,listePer,listePer,Per,review-needed,,,,/classes/class[@source='gest.equipement.TypeEquipement']/field[@source='mVectPer']
class-field,gest.equipement.TypeEquipement,mVectTypeChampPerso,listeTypeChampPerso,listeTypeChampPerso,Type,review-needed,,,,/classes/class[@source='gest.equipement.TypeEquipement']/field[@source='mVectTypeChampPerso']
class-field,gest.equipement.TypeEquipement,mIDGraph,idGraph,idGraph,,high,,,,/classes/class[@source='gest.equipement.TypeEquipement']/field[@source='mIDGraph']
class-field,gest.equipement.PeriodiciteEquip,mIDTypeMaint,idTypeMaintenance,idTypeMaintenance,Type,review-needed,,,,/classes/class[@source='gest.equipement.PeriodiciteEquip']/field[@source='mIDTypeMaint']
class-field,gest.equipement.PeriodiciteEquip,mIDResponsable,idResponsable,idResponsable,,high,,,,/classes/class[@source='gest.equipement.PeriodiciteEquip']/field[@source='mIDResponsable']
class-field,gest.equipement.PeriodiciteEquip,mCalcProchPerSurDernMaint,calculerProchainPeriodiqueSurDerniereMaintenance,calculerProchainPeriodiqueSurDerniereMaintenance,Sur,review-needed,,,,/classes/class[@source='gest.equipement.PeriodiciteEquip']/field[@source='mCalcProchPerSurDernMaint']
class-field,gest.equipement.PeriodiciteEquip,mDateDernMaint,dateDerniereMaintenance,dateDerniereMaintenance,date,review-needed,,,,/classes/class[@source='gest.equipement.PeriodiciteEquip']/field[@source='mDateDernMaint']
class-field,gest.feuilleTemps.ParamFeuilleTemps,mActiver,activer,activer,,high,,,,/classes/class[@source='gest.feuilleTemps.ParamFeuilleTemps']/field[@source='mActiver']
class-field,gest.feuilleTemps.ParamFeuilleTemps,mAffectationTravail,affectationTravail,affectationTravail,,high,,,,/classes/class[@source='gest.feuilleTemps.ParamFeuilleTemps']/field[@source='mAffectationTravail']
class-field,gest.feuilleTemps.ParamFeuilleTemps,mDept,departement,departement,,high,,,,/classes/class[@source='gest.feuilleTemps.ParamFeuilleTemps']/field[@source='mDept']
class-field,gest.feuilleTemps.ParamFeuilleTemps,mDivision,division,division,,high,,,,/classes/class[@source='gest.feuilleTemps.ParamFeuilleTemps']/field[@source='mDivision']
class-field,gest.feuilleTemps.ParamFeuilleTemps,mFormatDesjardins,formatDesjardins,formatDesjardins,,high,,,,/classes/class[@source='gest.feuilleTemps.ParamFeuilleTemps']/field[@source='mFormatDesjardins']
class-field,gest.feuilleTemps.ParamFeuilleTemps,mFormatExport,formatExport,formatExport,,high,,,,/classes/class[@source='gest.feuilleTemps.ParamFeuilleTemps']/field[@source='mFormatExport']
class-field,gest.feuilleTemps.ParamFeuilleTemps,mFormatPerPaie,formatPeriodePaie,formatPeriodePaie,Paie,review-needed,,,,/classes/class[@source='gest.feuilleTemps.ParamFeuilleTemps']/field[@source='mFormatPerPaie']
class-field,gest.feuilleTemps.ParamFeuilleTemps,mGroupeEmploye,groupeEmploye,groupeEmploye,,high,,,,/classes/class[@source='gest.feuilleTemps.ParamFeuilleTemps']/field[@source='mGroupeEmploye']
class-field,gest.feuilleTemps.ParamFeuilleTemps,mImputationBud,imputationBudget,imputationBudget,,high,,,,/classes/class[@source='gest.feuilleTemps.ParamFeuilleTemps']/field[@source='mImputationBud']
class-field,gest.feuilleTemps.ParamFeuilleTemps,mInclureNoSemaine,inclureNumeroSemaine,inclureNumeroSemaine,,high,,,,/classes/class[@source='gest.feuilleTemps.ParamFeuilleTemps']/field[@source='mInclureNoSemaine']
class-field,gest.feuilleTemps.ParamFeuilleTemps,mInclureTauxHoraire,inclureTauxHoraire,inclureTauxHoraire,Taux,review-needed,,,,/classes/class[@source='gest.feuilleTemps.ParamFeuilleTemps']/field[@source='mInclureTauxHoraire']
class-field,gest.feuilleTemps.ParamFeuilleTemps,mInfosAuthAurora,infosAuthAurora,infosAuthAurora,Auth,review-needed,,,,/classes/class[@source='gest.feuilleTemps.ParamFeuilleTemps']/field[@source='mInfosAuthAurora']
class-field,gest.feuilleTemps.ParamFeuilleTemps,mLieuTravail,lieuTravail,lieuTravail,lieu,review-needed,,,,/classes/class[@source='gest.feuilleTemps.ParamFeuilleTemps']/field[@source='mLieuTravail']
class-field,gest.feuilleTemps.ParamFeuilleTemps,mMaxDeuxDecimales,maximumDeuxDecimales,maximumDeuxDecimales,Deux,review-needed,,,,/classes/class[@source='gest.feuilleTemps.ParamFeuilleTemps']/field[@source='mMaxDeuxDecimales']
class-field,gest.feuilleTemps.ParamFeuilleTemps,mNoEmplQuatreChiffres,numeroEmployeQuatreChiffres,numeroEmployeQuatreChiffres,,high,,,,/classes/class[@source='gest.feuilleTemps.ParamFeuilleTemps']/field[@source='mNoEmplQuatreChiffres']
class-field,gest.feuilleTemps.ParamFeuilleTemps,mNoGrandLivre,numeroGrandLivre,numeroGrandLivre,,high,,,,/classes/class[@source='gest.feuilleTemps.ParamFeuilleTemps']/field[@source='mNoGrandLivre']
class-field,gest.feuilleTemps.ParamFeuilleTemps,mNumCie,numeroCompagnie,numeroCompagnie,,high,,,,/classes/class[@source='gest.feuilleTemps.ParamFeuilleTemps']/field[@source='mNumCie']
class-field,gest.feuilleTemps.ParamFeuilleTemps,mPosteBud,posteBudgetaire,posteBudgetaire,,high,,,,/classes/class[@source='gest.feuilleTemps.ParamFeuilleTemps']/field[@source='mPosteBud']
class-field,gest.feuilleTemps.ParamFeuilleTemps,mPosteEffectif,posteEffectif,posteEffectif,,high,,,,/classes/class[@source='gest.feuilleTemps.ParamFeuilleTemps']/field[@source='mPosteEffectif']
class-field,gest.feuilleTemps.ParamFeuilleTemps,mProjetSpecif,projetSpecif,projetSpecif,,high,,,,/classes/class[@source='gest.feuilleTemps.ParamFeuilleTemps']/field[@source='mProjetSpecif']
class-field,gest.feuilleTemps.ParamFeuilleTemps,mRepert,repertoire,repertoire,,high,,,,/classes/class[@source='gest.feuilleTemps.ParamFeuilleTemps']/field[@source='mRepert']
class-field,gest.feuilleTemps.ParamFeuilleTemps,mSaveOnServer,enregistrerSurServeur,enregistrerSurServeur,Sur,review-needed,,,,/classes/class[@source='gest.feuilleTemps.ParamFeuilleTemps']/field[@source='mSaveOnServer']
class-field,gest.feuilleTemps.ParamFeuilleTemps,mService,service,service,,high,,,,/classes/class[@source='gest.feuilleTemps.ParamFeuilleTemps']/field[@source='mService']
class-field,gest.feuilleTemps.ParamFeuilleTemps,mSousDept,sousDepartement,sousDepartement,sous,review-needed,,,,/classes/class[@source='gest.feuilleTemps.ParamFeuilleTemps']/field[@source='mSousDept']
class-field,gest.feuilleTemps.ParamFeuilleTemps,mSousProjet,sousProjet,sousProjet,sous,review-needed,,,,/classes/class[@source='gest.feuilleTemps.ParamFeuilleTemps']/field[@source='mSousProjet']
class-field,gest.feuilleTemps.ParamFeuilleTemps,mSyndicat,syndicat,syndicat,,high,,,,/classes/class[@source='gest.feuilleTemps.ParamFeuilleTemps']/field[@source='mSyndicat']
class-field,gest.feuilleTemps.ParamFeuilleTemps,mTypeProjetSpecif,typeProjetSpecif,typeProjetSpecif,type,review-needed,,,,/classes/class[@source='gest.feuilleTemps.ParamFeuilleTemps']/field[@source='mTypeProjetSpecif']
class-field,gest.feuilleTemps.ParamFeuilleTemps,mTypeTrans,typeTransaction,typeTransaction,type,review-needed,,,,/classes/class[@source='gest.feuilleTemps.ParamFeuilleTemps']/field[@source='mTypeTrans']
class-field,gest.feuilleTemps.ParamFeuilleTemps,mUniteRH,uniteRH,uniteRh,RH,review-needed,,,,/classes/class[@source='gest.feuilleTemps.ParamFeuilleTemps']/field[@source='mUniteRH']
class-field,gest.feuilleTemps.ParamFeuilleTemps,mUniteRegroup,uniteRegroupement,uniteRegroupement,,high,,,,/classes/class[@source='gest.feuilleTemps.ParamFeuilleTemps']/field[@source='mUniteRegroup']
class-field,gest.feuilleTemps.ParamFeuilleTemps,mUrlApiAurora,urlApiAurora,urlApiAurora,url|Api,review-needed,,,,/classes/class[@source='gest.feuilleTemps.ParamFeuilleTemps']/field[@source='mUrlApiAurora']
class-field,gest.feuilleTemps.ParamFeuilleTemps,mVectChampsFeuilleTemps,listeChampsFeuilleTemps,listeChampsFeuilleTemps,,high,,,,/classes/class[@source='gest.feuilleTemps.ParamFeuilleTemps']/field[@source='mVectChampsFeuilleTemps']
class-field,gest.feuilleTemps.ParamFeuilleTemps,mVectCodeGain,listeCodeGain,listeCodeGain,Code|Gain,review-needed,,,,/classes/class[@source='gest.feuilleTemps.ParamFeuilleTemps']/field[@source='mVectCodeGain']
class-field,gest.feuilleTemps.ParamFeuilleTemps,mVectValeursParGrade,listeValeursParGrade,listeValeursParGrade,Par,review-needed,,,,/classes/class[@source='gest.feuilleTemps.ParamFeuilleTemps']/field[@source='mVectValeursParGrade']
class-field,gest.feuilleTemps.ParamFeuilleTemps$NChampSuppDesjardins,iCodeGain,codeGain,codeGain,code|Gain,review-needed,,,,/classes/class[@source='gest.feuilleTemps.ParamFeuilleTemps$NChampSuppDesjardins']/field[@source='iCodeGain']
class-field,gest.feuilleTemps.ParamFeuilleTemps$NChampSuppDesjardins,iNumTravail1,numeroTravail1,numeroTravail1,,high,,,,/classes/class[@source='gest.feuilleTemps.ParamFeuilleTemps$NChampSuppDesjardins']/field[@source='iNumTravail1']
class-field,gest.feuilleTemps.ParamFeuilleTemps$NChampSuppDesjardins,iNumTravail2,numeroTravail2,numeroTravail2,,high,,,,/classes/class[@source='gest.feuilleTemps.ParamFeuilleTemps$NChampSuppDesjardins']/field[@source='iNumTravail2']
class-field,gest.feuilleTemps.TempsPaye,mCmptClone,compteClone,compteClone,,high,,,,/classes/class[@source='gest.feuilleTemps.TempsPaye']/field[@source='mCmptClone']
class-field,gest.feuilleTemps.TempsPaye,mDebut,debut,debut,,high,,,,/classes/class[@source='gest.feuilleTemps.TempsPaye']/field[@source='mDebut']
class-field,gest.feuilleTemps.TempsPaye,mFin,fin,fin,,high,,,,/classes/class[@source='gest.feuilleTemps.TempsPaye']/field[@source='mFin']
class-field,gest.feuilleTemps.TempsPaye,mNbrHre,nombreHeures,nombreHeures,,high,,,,/classes/class[@source='gest.feuilleTemps.TempsPaye']/field[@source='mNbrHre']
class-field,gest.feuilleTemps.TempsPaye,mIDInfoEmploye,idInfoEmploye,idInformationEmploye,,high,,,,/classes/class[@source='gest.feuilleTemps.TempsPaye']/field[@source='mIDInfoEmploye']
class-field,gest.fichier.Fichier,mData,donnees,donnees,,high,,,,/classes/class[@source='gest.fichier.Fichier']/field[@source='mData']
class-field,gest.fichier.Fichier,mDateAjout,dateAjout,dateAjout,date,review-needed,,,,/classes/class[@source='gest.fichier.Fichier']/field[@source='mDateAjout']
class-field,gest.fichier.Fichier,mDateDernModif,dateDerniereModification,dateDerniereModification,date,review-needed,,,,/classes/class[@source='gest.fichier.Fichier']/field[@source='mDateDernModif']
class-field,gest.fichier.Fichier,mExpirationDocument,expirationDocument,expirationDocument,,high,,,,/classes/class[@source='gest.fichier.Fichier']/field[@source='mExpirationDocument']
class-field,gest.fichier.Fichier,mImageCompressee,imageCompressee,imageCompressee,,high,,,,/classes/class[@source='gest.fichier.Fichier']/field[@source='mImageCompressee']
class-field,gest.fichier.Fichier,mRotation,rotation,rotation,,high,,,,/classes/class[@source='gest.fichier.Fichier']/field[@source='mRotation']
class-field,gest.formElec.FormElec,mDernIdent,dernierIdentifiant,dernierIdentifiant,,high,,,,/classes/class[@source='gest.formElec.FormElec']/field[@source='mDernIdent']
class-field,gest.formElec.FormElec,mVectSection,listeSection,listeSection,,high,,,,/classes/class[@source='gest.formElec.FormElec']/field[@source='mVectSection']
class-field,gest.formElec.ParamFigureBoolean,mDescProp,descriptionPropriete,descriptionPropriete,,high,,,,/classes/class[@source='gest.formElec.ParamFigureBoolean']/field[@source='mDescProp']
class-field,gest.formElec.ParamFigurePanel,mOuvrirDansFenetre,ouvrirDansFenetre,ouvrirDansFenetre,Dans,review-needed,,,,/classes/class[@source='gest.formElec.ParamFigurePanel']/field[@source='mOuvrirDansFenetre']
class-field,gest.formElec.ParamFigureSaisie,mAssocSectCond,assocSectCond,associationSectCond,Sect|Cond,review-needed,,,,/classes/class[@source='gest.formElec.ParamFigureSaisie']/field[@source='mAssocSectCond']
class-field,gest.formElec.ParamFigureSaisie,mCreerAnom,creerAnom,creerAnom,Anom,review-needed,,,,/classes/class[@source='gest.formElec.ParamFigureSaisie']/field[@source='mCreerAnom']
class-field,gest.formElec.ParamFigureSaisie,mEditable,editable,editable,,high,,,,/classes/class[@source='gest.formElec.ParamFigureSaisie']/field[@source='mEditable']
class-field,gest.formElec.ParamFigureSaisie,mEnableEdition,enableEdition,enableEdition,,high,,,,/classes/class[@source='gest.formElec.ParamFigureSaisie']/field[@source='mEnableEdition']
class-field,gest.formElec.ParamFigureSaisie,mIdentSectionCond,identSectionCond,identSectionCond,Cond,review-needed,,,,/classes/class[@source='gest.formElec.ParamFigureSaisie']/field[@source='mIdentSectionCond']
class-field,gest.formElec.ParamFigureSaisie,mLabel,label,label,,high,,,,/classes/class[@source='gest.formElec.ParamFigureSaisie']/field[@source='mLabel']
class-field,gest.formElec.ParamFigureSaisie,mLieuAnom,lieuAnom,lieuAnom,lieu|Anom,review-needed,,,,/classes/class[@source='gest.formElec.ParamFigureSaisie']/field[@source='mLieuAnom']
class-field,gest.formElec.ParamFigureSaisie,mValCreerAnom,valCreerAnom,valeurCreerAnom,Anom,review-needed,,,,/classes/class[@source='gest.formElec.ParamFigureSaisie']/field[@source='mValCreerAnom']
class-field,gest.formElec.ParamFigureSaisie,mValSectCond,valSectCond,valeurSectCond,Sect|Cond,review-needed,,,,/classes/class[@source='gest.formElec.ParamFigureSaisie']/field[@source='mValSectCond']
class-field,gest.formElec.ParamFigureSaisie,mIDTypeAnom,idTypeAnom,idTypeAnom,Type|Anom,review-needed,,,,/classes/class[@source='gest.formElec.ParamFigureSaisie']/field[@source='mIDTypeAnom']
class-field,gest.formElec.ParamFigureSaisie,mIDTypeChampPerso,idTypeChampPerso,idTypeChampPerso,Type,review-needed,,,,/classes/class[@source='gest.formElec.ParamFigureSaisie']/field[@source='mIDTypeChampPerso']
class-field,gest.formElec.ParamFigureString,mMultiLigne,multiLigne,multiLigne,,high,,,,/classes/class[@source='gest.formElec.ParamFigureString']/field[@source='mMultiLigne']
class-field,gest.formElec.Section,mConditionnalSect,sectionConditionnelle,sectionConditionnelle,,high,,,,/classes/class[@source='gest.formElec.Section']/field[@source='mConditionnalSect']
class-field,gest.formElec.Section,mIdent,identifiant,identifiant,,high,,,,/classes/class[@source='gest.formElec.Section']/field[@source='mIdent']
class-field,gest.formElec.Section,mPermetAnom,permetAnom,permetAnom,Anom,review-needed,,,,/classes/class[@source='gest.formElec.Section']/field[@source='mPermetAnom']
class-field,gest.formElec.Section,mTousAnom,tousAnom,tousAnom,tous|Anom,review-needed,,,,/classes/class[@source='gest.formElec.Section']/field[@source='mTousAnom']
class-field,gest.formElec.Section,mVectIDTypeAnom,listeIDTypeAnom,listeIdTypeAnom,Type|Anom,review-needed,,,,/classes/class[@source='gest.formElec.Section']/field[@source='mVectIDTypeAnom']
class-field,gest.formElec.Section,mVectParam,listeParam,listeParametre,,high,,,,/classes/class[@source='gest.formElec.Section']/field[@source='mVectParam']
class-field,gest.formElec.Section,mIDFichier,idFichier,idFichier,,high,,,,/classes/class[@source='gest.formElec.Section']/field[@source='mIDFichier']
class-field,gest.formation.CoursAvantEmbauche,mDateComplete,dateComplete,dateComplete,date,review-needed,,,,/classes/class[@source='gest.formation.CoursAvantEmbauche']/field[@source='mDateComplete']
class-field,gest.formation.CoursAvantEmbauche,mDureeNbrHre,dureeNombreHeures,dureeNombreHeures,,high,,,,/classes/class[@source='gest.formation.CoursAvantEmbauche']/field[@source='mDureeNbrHre']
class-field,gest.formation.CoursAvantEmbauche,mIDCours,idCours,idCours,,high,,,,/classes/class[@source='gest.formation.CoursAvantEmbauche']/field[@source='mIDCours']
class-field,gest.formation.CoursAvantEmbauche,mIDProgramme,idProgramme,idProgramme,,high,,,,/classes/class[@source='gest.formation.CoursAvantEmbauche']/field[@source='mIDProgramme']
class-field,gest.formation.Formation,mCout,cout,cout,cout,review-needed,,,,/classes/class[@source='gest.formation.Formation']/field[@source='mCout']
class-field,gest.formation.Formation,mIdentJour,identJour,identJour,Jour,review-needed,,,,/classes/class[@source='gest.formation.Formation']/field[@source='mIdentJour']
class-field,gest.formation.Formation,mNbrHreForm,nombreHeuresForm,nombreHeuresForm,Form,review-needed,,,,/classes/class[@source='gest.formation.Formation']/field[@source='mNbrHreForm']
class-field,gest.formation.Formation,mNbrHrePratique,nombreHeuresPratique,nombreHeuresPratique,,high,,,,/classes/class[@source='gest.formation.Formation']/field[@source='mNbrHrePratique']
class-field,gest.formation.Formation,mNomFormExterne,nomFormExterne,nomFormExterne,nom|Form,review-needed,,,,/classes/class[@source='gest.formation.Formation']/field[@source='mNomFormExterne']
class-field,gest.formation.Formation,mNumActivite,numActivite,numeroActivite,,high,,,,/classes/class[@source='gest.formation.Formation']/field[@source='mNumActivite']
class-field,gest.formation.Formation,mOrganisme,organisme,organisme,,high,,,,/classes/class[@source='gest.formation.Formation']/field[@source='mOrganisme']
class-field,gest.formation.Formation,mRefComptable,referenceComptable,referenceComptable,,high,,,,/classes/class[@source='gest.formation.Formation']/field[@source='mRefComptable']
class-field,gest.formation.Formation,mStatut,statut,statut,,high,,,,/classes/class[@source='gest.formation.Formation']/field[@source='mStatut']
class-field,gest.formation.Formation,mTypeFormateur,typeFormateur,typeFormateur,type,review-needed,,,,/classes/class[@source='gest.formation.Formation']/field[@source='mTypeFormateur']
class-field,gest.formation.Formation,mVectEtape,listeEtape,listeEtape,,high,,,,/classes/class[@source='gest.formation.Formation']/field[@source='mVectEtape']
class-field,gest.formation.Formation,mVectFormMateriel,listeFormMateriel,listeFormMateriel,Form,review-needed,,,,/classes/class[@source='gest.formation.Formation']/field[@source='mVectFormMateriel']
class-field,gest.formation.Formation,mVectHistoActivite,listeHistoActivite,listeHistoActivite,,high,,,,/classes/class[@source='gest.formation.Formation']/field[@source='mVectHistoActivite']
class-field,gest.formation.Formation,mVectHistoActiviteEnseignant,listeHistoActiviteEnseignant,listeHistoActiviteEnseignant,,high,,,,/classes/class[@source='gest.formation.Formation']/field[@source='mVectHistoActiviteEnseignant']
class-field,gest.formation.Formation,mVectInfoHistoEmploye,listeInfoHistoEmploye,listeInformationHistoEmploye,,high,,,,/classes/class[@source='gest.formation.Formation']/field[@source='mVectInfoHistoEmploye']
class-field,gest.formation.Formation,mVectInfoHistoEmployeEnseignant,listeInfoHistoEmployeEnseignant,listeInformationHistoEmployeEnseignant,,high,,,,/classes/class[@source='gest.formation.Formation']/field[@source='mVectInfoHistoEmployeEnseignant']
class-field,gest.formation.Formation,mIDAssigneA,idAssigneA,idAssigneA,A,review-needed,,,,/classes/class[@source='gest.formation.Formation']/field[@source='mIDAssigneA']
class-field,gest.formation.Formation,mIDAuteur,idAuteur,idAuteur,,high,,,,/classes/class[@source='gest.formation.Formation']/field[@source='mIDAuteur']
class-field,gest.formation.Formation,mIDCours,idCours,idCours,,high,,,,/classes/class[@source='gest.formation.Formation']/field[@source='mIDCours']
class-field,gest.formation.Formation,mIDProgramme,idProgramme,idProgramme,,high,,,,/classes/class[@source='gest.formation.Formation']/field[@source='mIDProgramme']
class-field,gest.formation.Formation,mIDResponsable,idResponsable,idResponsable,,high,,,,/classes/class[@source='gest.formation.Formation']/field[@source='mIDResponsable']
class-field,gest.formation.InfoEtudiant,mDateCertificationDebut,dateCertificationDebut,dateCertificationDebut,date,review-needed,,,,/classes/class[@source='gest.formation.InfoEtudiant']/field[@source='mDateCertificationDebut']
class-field,gest.formation.InfoEtudiant,mDateCertificationFin,dateCertificationFin,dateCertificationFin,date,review-needed,,,,/classes/class[@source='gest.formation.InfoEtudiant']/field[@source='mDateCertificationFin']
class-field,gest.formation.InfoEtudiant,mDureeCertificationValide,dureeCertificationValide,dureeCertificationValide,,high,,,,/classes/class[@source='gest.formation.InfoEtudiant']/field[@source='mDureeCertificationValide']
class-field,gest.formation.InfoEtudiant,mReussi,reussi,reussi,,high,,,,/classes/class[@source='gest.formation.InfoEtudiant']/field[@source='mReussi']
class-field,gest.formation.ParamFormation,mConfigCompressionImages,configCompressionImages,configCompressionImages,,high,,,,/classes/class[@source='gest.formation.ParamFormation']/field[@source='mConfigCompressionImages']
class-field,gest.formation.ParamFormation,mStrategieNumerotationActivite,strategieNumerotationActivite,strategieNumerotationActivite,,high,,,,/classes/class[@source='gest.formation.ParamFormation']/field[@source='mStrategieNumerotationActivite']
class-field,gest.formation.TypeActivFormation,mActiviteEtudiant,activiteEtudiant,activiteEtudiant,,high,,,,/classes/class[@source='gest.formation.TypeActivFormation']/field[@source='mActiviteEtudiant']
class-field,gest.formation.TypeActivFormation,mRoleEmploye,roleEmploye,roleEmploye,role,review-needed,,,,/classes/class[@source='gest.formation.TypeActivFormation']/field[@source='mRoleEmploye']
class-field,gest.fournisseur.Fournisseur,mCell,cell,cell,cell,review-needed,,,,/classes/class[@source='gest.fournisseur.Fournisseur']/field[@source='mCell']
class-field,gest.fournisseur.Fournisseur,mPaget,paget,paget,,high,,,,/classes/class[@source='gest.fournisseur.Fournisseur']/field[@source='mPaget']
class-field,gest.fournisseur.Fournisseur,mSiteWeb,siteWeb,siteWeb,site|Web,review-needed,,,,/classes/class[@source='gest.fournisseur.Fournisseur']/field[@source='mSiteWeb']
class-field,gest.fournisseur.Fournisseur,mTelTravail,telTravail,telephoneTravail,,high,,,,/classes/class[@source='gest.fournisseur.Fournisseur']/field[@source='mTelTravail']
class-field,gest.fournisseur.Fournisseur,mTelTravailExt,telTravailExt,telephoneTravailExterne,,high,,,,/classes/class[@source='gest.fournisseur.Fournisseur']/field[@source='mTelTravailExt']
class-field,gest.gen.Adresse,INDEX_toString,INDEX_toString,indexToString,to,review-needed,,,,/classes/class[@source='gest.gen.Adresse']/field[@source='INDEX_toString']
class-field,gest.gen.Adresse,mAfficherSuite,afficherSuite,afficherSuite,,high,,,,/classes/class[@source='gest.gen.Adresse']/field[@source='mAfficherSuite']
class-field,gest.gen.Adresse,mAppart,appart,appart,,high,,,,/classes/class[@source='gest.gen.Adresse']/field[@source='mAppart']
class-field,gest.gen.Adresse,mArrondissement,arrondissement,arrondissement,,high,,,,/classes/class[@source='gest.gen.Adresse']/field[@source='mArrondissement']
class-field,gest.gen.Adresse,mCodeGeo,codeGeo,codeGeo,code|Geo,review-needed,,,,/classes/class[@source='gest.gen.Adresse']/field[@source='mCodeGeo']
class-field,gest.gen.Adresse,mCodeLien,codeLien,codeLien,code|Lien,review-needed,,,,/classes/class[@source='gest.gen.Adresse']/field[@source='mCodeLien']
class-field,gest.gen.Adresse,mCodePost,codePost,codePost,code|Post,review-needed,,,,/classes/class[@source='gest.gen.Adresse']/field[@source='mCodePost']
class-field,gest.gen.Adresse,mExt,ext,externe,,high,,,,/classes/class[@source='gest.gen.Adresse']/field[@source='mExt']
class-field,gest.gen.Adresse,mFax,fax,fax,fax,review-needed,,,,/classes/class[@source='gest.gen.Adresse']/field[@source='mFax']
class-field,gest.gen.Adresse,mNoCiv,noCiv,noCiv,no|Civ,review-needed,,,,/classes/class[@source='gest.gen.Adresse']/field[@source='mNoCiv']
class-field,gest.gen.Adresse,mRue,rue,rue,rue,review-needed,,,,/classes/class[@source='gest.gen.Adresse']/field[@source='mRue']
class-field,gest.gen.Adresse,mSecteur,secteur,secteur,,high,,,,/classes/class[@source='gest.gen.Adresse']/field[@source='mSecteur']
class-field,gest.gen.Adresse,mSuite,suite,suite,,high,,,,/classes/class[@source='gest.gen.Adresse']/field[@source='mSuite']
class-field,gest.gen.Adresse,mTelAutre,telAutre,telephoneAutre,,high,,,,/classes/class[@source='gest.gen.Adresse']/field[@source='mTelAutre']
class-field,gest.gen.Adresse,mTelAutreExt,telAutreExt,telephoneAutreExterne,,high,,,,/classes/class[@source='gest.gen.Adresse']/field[@source='mTelAutreExt']
class-field,gest.gen.Adresse,mTelephone,telephone,telephone,,high,,,,/classes/class[@source='gest.gen.Adresse']/field[@source='mTelephone']
class-field,gest.gen.Adresse,mTelephoneExt,telephoneExt,telephoneExterne,,high,,,,/classes/class[@source='gest.gen.Adresse']/field[@source='mTelephoneExt']
class-field,gest.gen.Adresse,mTypeRue,typeRue,typeRue,type|Rue,review-needed,,,,/classes/class[@source='gest.gen.Adresse']/field[@source='mTypeRue']
class-field,gest.gen.Adresse,mTypeSuite,typeSuite,typeSuite,type,review-needed,,,,/classes/class[@source='gest.gen.Adresse']/field[@source='mTypeSuite']
class-field,gest.gen.Adresse,mVille,ville,ville,,high,,,,/classes/class[@source='gest.gen.Adresse']/field[@source='mVille']
class-field,gest.gen.AutoIncrement,mDernID,dernID,dernId,dern,review-needed,,,,/classes/class[@source='gest.gen.AutoIncrement']/field[@source='mDernID']
class-field,gest.gen.Entite,idJPA,idJPA,idJpa,JPA,review-needed,,,,/classes/class[@source='gest.gen.Entite']/field[@source='idJPA']
class-field,gest.gen.EntiteContientID,mDernModif,dernModif,dernModif,dern,review-needed,,,,/classes/class[@source='gest.gen.EntiteContientID']/field[@source='mDernModif']
class-field,gest.gen.EntiteContientID,mLastFusionTime,lastFusionTime,lastFusionTime,last|Time,review-needed,,,,/classes/class[@source='gest.gen.EntiteContientID']/field[@source='mLastFusionTime']
class-field,gest.gen.EntiteContientID,mIDEntiteFusionSrc,idEntiteFusionSrc,idEntiteFusionSrc,Src,review-needed,,,,/classes/class[@source='gest.gen.EntiteContientID']/field[@source='mIDEntiteFusionSrc']
class-field,gest.gen.EntiteContientIDResettableMobile,mResetIDOnSync,resetIDOnSync,resetIdOnSync,On|Sync,review-needed,,,,/classes/class[@source='gest.gen.EntiteContientIDResettableMobile']/field[@source='mResetIDOnSync']
class-field,gest.gen.ExpirationDocument,mDateArchivage,dateArchivage,dateArchivage,date,review-needed,,,,/classes/class[@source='gest.gen.ExpirationDocument']/field[@source='mDateArchivage']
class-field,gest.gen.ExpirationDocument,mDateExpiration,dateExpiration,dateExpiration,date,review-needed,,,,/classes/class[@source='gest.gen.ExpirationDocument']/field[@source='mDateExpiration']
class-field,gest.gen.ExpirationDocument,mDelaisAvantExpiration,delaisAvantExpiration,delaisAvantExpiration,,high,,,,/classes/class[@source='gest.gen.ExpirationDocument']/field[@source='mDelaisAvantExpiration']
class-field,gest.gen.ExpirationDocument,mPermanent,permanent,permanent,,high,,,,/classes/class[@source='gest.gen.ExpirationDocument']/field[@source='mPermanent']
class-field,gest.gen.IDEntite,mBypassValidIDSSISiTous,bypassValidIDSSISiTous,bypassValidIdssiSiTous,Si|Tous,review-needed,,,,/classes/class[@source='gest.gen.IDEntite']/field[@source='mBypassValidIDSSISiTous']
class-field,gest.gen.IDEntite,mContrainte,contrainte,contrainte,,high,,,,/classes/class[@source='gest.gen.IDEntite']/field[@source='mContrainte']
class-field,gest.gen.IDEntiteDefaut,mClass,class,class,,high,,,,/classes/class[@source='gest.gen.IDEntiteDefaut']/field[@source='mClass']
class-field,gest.gen.InfosAuthAurora,mAccessToken,accessToken,accessToken,,high,,,,/classes/class[@source='gest.gen.InfosAuthAurora']/field[@source='mAccessToken']
class-field,gest.gen.InfosAuthAurora,mAccessTokenExpiration,accessTokenExpiration,accessTokenExpiration,,high,,,,/classes/class[@source='gest.gen.InfosAuthAurora']/field[@source='mAccessTokenExpiration']
class-field,gest.gen.InfosAuthAurora,mRefreshToken,refreshToken,refreshToken,,high,,,,/classes/class[@source='gest.gen.InfosAuthAurora']/field[@source='mRefreshToken']
class-field,gest.gen.InfosAuthAurora,mRefreshTokenExpiration,refreshTokenExpiration,refreshTokenExpiration,,high,,,,/classes/class[@source='gest.gen.InfosAuthAurora']/field[@source='mRefreshTokenExpiration']
class-field,gest.gen.IntervalleDate,mDateDe,dateDe,dateDe,date|De,review-needed,,,,/classes/class[@source='gest.gen.IntervalleDate']/field[@source='mDateDe']
class-field,gest.gen.IntervalleDate,mDateA,dateA,dateA,date|A,review-needed,,,,/classes/class[@source='gest.gen.IntervalleDate']/field[@source='mDateA']
class-field,gest.gen.IntervalleHeure,mHeureA,heureA,heureA,A,review-needed,,,,/classes/class[@source='gest.gen.IntervalleHeure']/field[@source='mHeureA']
class-field,gest.gen.IntervalleHeure,mHeureDe,heureDe,heureDe,De,review-needed,,,,/classes/class[@source='gest.gen.IntervalleHeure']/field[@source='mHeureDe']
class-field,gest.gen.Lieu,INDEX_toString,INDEX_toString,indexToString,to,review-needed,,,,/classes/class[@source='gest.gen.Lieu']/field[@source='INDEX_toString']
class-field,gest.gen.Lieu,mArrond,arrondissement,arrondissement,,high,,,,/classes/class[@source='gest.gen.Lieu']/field[@source='mArrond']
class-field,gest.gen.Lieu,mCodeGeo,codeGeo,codeGeo,code|Geo,review-needed,,,,/classes/class[@source='gest.gen.Lieu']/field[@source='mCodeGeo']
class-field,gest.gen.Lieu,mCodePost,codePost,codePost,code|Post,review-needed,,,,/classes/class[@source='gest.gen.Lieu']/field[@source='mCodePost']
class-field,gest.gen.Lieu,mDescLieu,descriptionLieu,descriptionLieu,Lieu,review-needed,,,,/classes/class[@source='gest.gen.Lieu']/field[@source='mDescLieu']
class-field,gest.gen.Lieu,mDistrict,district,district,,high,,,,/classes/class[@source='gest.gen.Lieu']/field[@source='mDistrict']
class-field,gest.gen.Lieu,mVille,ville,ville,,high,,,,/classes/class[@source='gest.gen.Lieu']/field[@source='mVille']
class-field,gest.gen.LongLat,mLat,lat,lat,lat,review-needed,,,,/classes/class[@source='gest.gen.LongLat']/field[@source='mLat']
class-field,gest.gen.LongLat,mLong,long,long,long,review-needed,,,,/classes/class[@source='gest.gen.LongLat']/field[@source='mLong']
class-field,gest.gen.Message,mDateNote,dateNote,dateNote,date|Note,review-needed,,,,/classes/class[@source='gest.gen.Message']/field[@source='mDateNote']
class-field,gest.gen.Message,mDejaLu,dejaLu,dejaLu,deja|Lu,review-needed,,,,/classes/class[@source='gest.gen.Message']/field[@source='mDejaLu']
class-field,gest.gen.Message,mTypeNote,typeNote,typeNote,type|Note,review-needed,,,,/classes/class[@source='gest.gen.Message']/field[@source='mTypeNote']
class-field,gest.gen.Message,mIDEmploye,idEmploye,idEmploye,,high,,,,/classes/class[@source='gest.gen.Message']/field[@source='mIDEmploye']
class-field,gest.gen.ParamExportDonnees,mActiverExport,activerExport,activerExport,,high,,,,/classes/class[@source='gest.gen.ParamExportDonnees']/field[@source='mActiverExport']
class-field,gest.gen.ParamExportDonnees,mExporterTousLesDossPrev,exporterTousLesDossPrev,exporterTousLesDossPrevision,Tous|Les|Doss,review-needed,,,,/classes/class[@source='gest.gen.ParamExportDonnees']/field[@source='mExporterTousLesDossPrev']
class-field,gest.gen.ParamExportDonnees,mPeriodiciteExport,periodiciteExport,periodiciteExport,,high,,,,/classes/class[@source='gest.gen.ParamExportDonnees']/field[@source='mPeriodiciteExport']
class-field,gest.gen.ParamExportDonnees,mRepertoireExport,repertoireExport,repertoireExport,,high,,,,/classes/class[@source='gest.gen.ParamExportDonnees']/field[@source='mRepertoireExport']
class-field,gest.gen.ParamExportDonnees,mRepertoireExportCopie,repertoireExportCopie,repertoireExportCopie,,high,,,,/classes/class[@source='gest.gen.ParamExportDonnees']/field[@source='mRepertoireExportCopie']
class-field,gest.gen.ParamPropCouleur,mCodeCouleurProp,codeCouleurProp,codeCouleurPropriete,code,review-needed,,,,/classes/class[@source='gest.gen.ParamPropCouleur']/field[@source='mCodeCouleurProp']
class-field,gest.gen.ParamPropCouleur,mLegende,legende,legende,,high,,,,/classes/class[@source='gest.gen.ParamPropCouleur']/field[@source='mLegende']
class-field,gest.gen.ParamPropCouleur,mUseCodeCouleur,useCodeCouleur,useCodeCouleur,use|Code,review-needed,,,,/classes/class[@source='gest.gen.ParamPropCouleur']/field[@source='mUseCodeCouleur']
class-field,gest.gen.ParamPropCouleur$NEntreeDeLegende,mColor,color,color,,high,,,,/classes/class[@source='gest.gen.ParamPropCouleur$NEntreeDeLegende']/field[@source='mColor']
class-field,gest.gen.ParamPropCouleur$NEntreeDeLegende,mIsRange,isRange,isRange,is,review-needed,,,,/classes/class[@source='gest.gen.ParamPropCouleur$NEntreeDeLegende']/field[@source='mIsRange']
class-field,gest.gen.ParamPropCouleur$NEntreeDeLegende,mLimiteMax,limiteMax,limiteMaximum,,high,,,,/classes/class[@source='gest.gen.ParamPropCouleur$NEntreeDeLegende']/field[@source='mLimiteMax']
class-field,gest.gen.ParamPropCouleur$NEntreeDeLegende,mLimiteMin,limiteMin,limiteMinimum,,high,,,,/classes/class[@source='gest.gen.ParamPropCouleur$NEntreeDeLegende']/field[@source='mLimiteMin']
class-field,gest.gen.ParamStatPresActivite,mIgnorerFeuilleTemps,ignorerFeuilleTemps,ignorerFeuilleTemps,,high,,,,/classes/class[@source='gest.gen.ParamStatPresActivite']/field[@source='mIgnorerFeuilleTemps']
class-field,gest.gen.ParamVersion,mVersionDB,mVersionDB,mVersionDb,m|DB,review-needed,,,,/classes/class[@source='gest.gen.ParamVersion']/field[@source='mVersionDB']
class-field,gest.gen.ParamVersion,mNumBuildDB,mNumBuildDB,mNumeroBuildDb,m|DB,review-needed,,,,/classes/class[@source='gest.gen.ParamVersion']/field[@source='mNumBuildDB']
class-field,gest.gen.ParamVersion,mFirstSessionAfterUpdateBuild,mFirstSessionAfterUpdateBuild,mFirstSessionAfterUpdateBuild,m,review-needed,,,,/classes/class[@source='gest.gen.ParamVersion']/field[@source='mFirstSessionAfterUpdateBuild']
class-field,gest.gen.ParamVersion,mVectConversionV13,mVectConversionV13,mVectConversionV13,m|Vect|V13,review-needed,,,,/classes/class[@source='gest.gen.ParamVersion']/field[@source='mVectConversionV13']
class-field,gest.gen.Periodicite,mDateDebutPer,dateDebutPer,dateDebutPer,date|Per,review-needed,,,,/classes/class[@source='gest.gen.Periodicite']/field[@source='mDateDebutPer']
class-field,gest.gen.Periodicite,mDateDernPer,dateDernPer,dateDernPer,date|Dern|Per,review-needed,,,,/classes/class[@source='gest.gen.Periodicite']/field[@source='mDateDernPer']
class-field,gest.gen.Periodicite,mInclureDate,inclureDate,inclureDate,Date,review-needed,,,,/classes/class[@source='gest.gen.Periodicite']/field[@source='mInclureDate']
class-field,gest.gen.Periodicite,mIntervalle,intervalle,intervalle,,high,,,,/classes/class[@source='gest.gen.Periodicite']/field[@source='mIntervalle']
class-field,gest.gen.Periodicite,mJour,jour,jour,jour,review-needed,,,,/classes/class[@source='gest.gen.Periodicite']/field[@source='mJour']
class-field,gest.gen.Periodicite,mPreciserJour,preciserJour,preciserJour,Jour,review-needed,,,,/classes/class[@source='gest.gen.Periodicite']/field[@source='mPreciserJour']
class-field,gest.gen.Periodicite,mSemaine,semaine,semaine,,high,,,,/classes/class[@source='gest.gen.Periodicite']/field[@source='mSemaine']
class-field,gest.gen.Periodicite,mUniteMes,uniteMes,uniteMes,Mes,review-needed,,,,/classes/class[@source='gest.gen.Periodicite']/field[@source='mUniteMes']
class-field,gest.gen.Periodicite,mVectEtape,listeEtape,listeEtape,,high,,,,/classes/class[@source='gest.gen.Periodicite']/field[@source='mVectEtape']
class-field,gest.gen.PhotoFich,mInclureDansRapportAct,inclureDansRapportAct,inclureDansRapportAct,Dans|Act,review-needed,,,,/classes/class[@source='gest.gen.PhotoFich']/field[@source='mInclureDansRapportAct']
class-field,gest.gen.PhotoFich,mPhotoParPage,photoParPage,photoParPage,Par|Page,review-needed,,,,/classes/class[@source='gest.gen.PhotoFich']/field[@source='mPhotoParPage']
class-field,gest.gen.PhotoFich,mPrintFormat,printFormat,printFormat,,high,,,,/classes/class[@source='gest.gen.PhotoFich']/field[@source='mPrintFormat']
class-field,gest.gen.PhotoFich,mIDFichier,idFichier,idFichier,,high,,,,/classes/class[@source='gest.gen.PhotoFich']/field[@source='mIDFichier']
class-field,gest.gen.PhotoFich,mIDGraph,idGraph,idGraph,,high,,,,/classes/class[@source='gest.gen.PhotoFich']/field[@source='mIDGraph']
class-field,gest.gen.Qte,mMes,mes,mes,mes,review-needed,,,,/classes/class[@source='gest.gen.Qte']/field[@source='mMes']
class-field,gest.gen.Qte,mTypeQte,typeQte,typeQuantite,type,review-needed,,,,/classes/class[@source='gest.gen.Qte']/field[@source='mTypeQte']
class-field,gest.gen.Qte,mValeur,valeur,valeur,,high,,,,/classes/class[@source='gest.gen.Qte']/field[@source='mValeur']
class-field,gest.gen.Requete,mChamp,champ,champ,,high,,,,/classes/class[@source='gest.gen.Requete']/field[@source='mChamp']
class-field,gest.gen.Requete,mOperateur,operateur,operateur,,high,,,,/classes/class[@source='gest.gen.Requete']/field[@source='mOperateur']
class-field,gest.gen.Requete,mValeur,valeur,valeur,,high,,,,/classes/class[@source='gest.gen.Requete']/field[@source='mValeur']
class-field,gest.gen.Requete,mEntitesImportesIDs,entitesImportesIDs,entitesImportesIDs,I|Ds,review-needed,,,,/classes/class[@source='gest.gen.Requete']/field[@source='mEntitesImportesIDs']
class-field,gest.gen.Requete,mEntiteImporteDescript,entiteImporteDescript,entiteImporteDescript,,high,,,,/classes/class[@source='gest.gen.Requete']/field[@source='mEntiteImporteDescript']
class-field,gest.gen.Requete,mNComplexeComparaison,nComplexeComparaison,nComplexeComparaison,n,review-needed,,,,/classes/class[@source='gest.gen.Requete']/field[@source='mNComplexeComparaison']
class-field,gest.gen.Requete,mToDefrag,toDefrag,toDefrag,to,review-needed,,,,/classes/class[@source='gest.gen.Requete']/field[@source='mToDefrag']
class-field,gest.gen.Requete$NComplexeComparaison,iHashCritere,iHashCritere,iHashCritere,i|Hash,review-needed,,,,/classes/class[@source='gest.gen.Requete$NComplexeComparaison']/field[@source='iHashCritere']
class-field,gest.gen.Requete$NComplexeComparaison,iType,iType,iType,i|Type,review-needed,,,,/classes/class[@source='gest.gen.Requete$NComplexeComparaison']/field[@source='iType']
class-field,gest.gen.VoieCircul,mCodeGeo,codeGeo,codeGeo,code|Geo,review-needed,,,,/classes/class[@source='gest.gen.VoieCircul']/field[@source='mCodeGeo']
class-field,gest.gen.VoieCircul,mCodeLien,codeLien,codeLien,code|Lien,review-needed,,,,/classes/class[@source='gest.gen.VoieCircul']/field[@source='mCodeLien']
class-field,gest.gen.VoieCircul,mRue,rue,rue,rue,review-needed,,,,/classes/class[@source='gest.gen.VoieCircul']/field[@source='mRue']
class-field,gest.gen.VoieCircul,mTypeRue,typeRue,typeRue,type|Rue,review-needed,,,,/classes/class[@source='gest.gen.VoieCircul']/field[@source='mTypeRue']
class-field,gest.gen.VoieCircul,mVectTempIDDossPrevAssoc,listeTempIDDossPrevAssoc,listeTemporaireIdDossPrevisionAssociation,Doss,review-needed,,,,/classes/class[@source='gest.gen.VoieCircul']/field[@source='mVectTempIDDossPrevAssoc']
class-field,gest.gen.VoieCircul,mVille,ville,ville,,high,,,,/classes/class[@source='gest.gen.VoieCircul']/field[@source='mVille']
class-field,gest.grade.Grade,mVectEmployeDateTaux,listeEmployeDateTaux,listeEmployeDateTaux,Date|Taux,review-needed,,,,/classes/class[@source='gest.grade.Grade']/field[@source='mVectEmployeDateTaux']
class-field,gest.grade.Grade,mVectIDProgramme,listeIdProgramme,listeIdProgramme,,high,,,,/classes/class[@source='gest.grade.Grade']/field[@source='mVectIDProgramme']
class-field,gest.grade.Grade,mVectQteRequise,listeQteRequise,listeQuantiteRequise,,high,,,,/classes/class[@source='gest.grade.Grade']/field[@source='mVectQteRequise']
class-field,gest.graph.Graph,mExpirationDocument,expirationDocument,expirationDocument,,high,,,,/classes/class[@source='gest.graph.Graph']/field[@source='mExpirationDocument']
class-field,gest.graph.Graph,mMatriculeDossPrevAssoc,matriculeDossPrevAssoc,matriculeDossPrevisionAssociation,Doss,review-needed,,,,/classes/class[@source='gest.graph.Graph']/field[@source='mMatriculeDossPrevAssoc']
class-field,gest.graph.Graph,mNbrPixelUniteMes,nbrPixelUniteMes,nombrePixelUniteMes,Mes,review-needed,,,,/classes/class[@source='gest.graph.Graph']/field[@source='mNbrPixelUniteMes']
class-field,gest.graph.Graph,mPalierFond,palierFond,palierFond,Fond,review-needed,,,,/classes/class[@source='gest.graph.Graph']/field[@source='mPalierFond']
class-field,gest.graph.Graph,mUniteMesure,uniteMesure,uniteMesure,,high,,,,/classes/class[@source='gest.graph.Graph']/field[@source='mUniteMesure']
class-field,gest.graph.Graph,mVectGraphPalier,listeGraphPalier,listeGraphPalier,,high,,,,/classes/class[@source='gest.graph.Graph']/field[@source='mVectGraphPalier']
class-field,gest.graph.Graph,mIDTypeGraph,idTypeGraph,idTypeGraph,Type,review-needed,,,,/classes/class[@source='gest.graph.Graph']/field[@source='mIDTypeGraph']
class-field,gest.graph.GraphLib,mVectIDGraph,listeIDGraph,listeIdGraph,,high,,,,/classes/class[@source='gest.graph.GraphLib']/field[@source='mVectIDGraph']
class-field,gest.graph.GraphPalier,mInclureFond,inclureFond,inclureFond,Fond,review-needed,,,,/classes/class[@source='gest.graph.GraphPalier']/field[@source='mInclureFond']
class-field,gest.graph.GraphPalier,mNomFichierDefaut,nomFichierDefaut,nomFichierDefaut,nom,review-needed,,,,/classes/class[@source='gest.graph.GraphPalier']/field[@source='mNomFichierDefaut']
class-field,gest.graph.GraphPalier,mVisible,visible,visible,,high,,,,/classes/class[@source='gest.graph.GraphPalier']/field[@source='mVisible']
class-field,gest.graph.GraphPalier,mIDFichierSVG,idFichierSVG,idFichierSvg,SVG,review-needed,,,,/classes/class[@source='gest.graph.GraphPalier']/field[@source='mIDFichierSVG']
class-field,gest.graph.TypeGraph,mNbrPixelUniteMesDefaut,nbrPixelUniteMesDefaut,nombrePixelUniteMesDefaut,Mes,review-needed,,,,/classes/class[@source='gest.graph.TypeGraph']/field[@source='mNbrPixelUniteMesDefaut']
class-field,gest.graph.TypeGraph,mSousRepertDefaut,sousRepertDefaut,sousRepertDefaut,sous,review-needed,,,,/classes/class[@source='gest.graph.TypeGraph']/field[@source='mSousRepertDefaut']
class-field,gest.graph.TypeGraph,mUniteMesureDefaut,uniteMesureDefaut,uniteMesureDefaut,,high,,,,/classes/class[@source='gest.graph.TypeGraph']/field[@source='mUniteMesureDefaut']
class-field,gest.graph.TypeGraph,mVectIDGraphLib,listeIDGraphLib,listeIdGraphLibelle,,high,,,,/classes/class[@source='gest.graph.TypeGraph']/field[@source='mVectIDGraphLib']
class-field,gest.histo.Histo,mAction,action,action,,high,,,,/classes/class[@source='gest.histo.Histo']/field[@source='mAction']
class-field,gest.histo.Histo,mDate,date,date,date,review-needed,,,,/classes/class[@source='gest.histo.Histo']/field[@source='mDate']
class-field,gest.histo.Histo,mNomEntite,nomEntite,nomEntite,nom,review-needed,,,,/classes/class[@source='gest.histo.Histo']/field[@source='mNomEntite']
class-field,gest.histo.Histo,mIDNomEntite,idNomEntite,idNomEntite,Nom,review-needed,,,,/classes/class[@source='gest.histo.Histo']/field[@source='mIDNomEntite']
class-field,gest.histo.Histo,mIDUtilisateur,idUtilisateur,idUtilisateur,,high,,,,/classes/class[@source='gest.histo.Histo']/field[@source='mIDUtilisateur']
class-field,gest.horaire.HorQuart,mHistoActivite,histoActivite,histoActivite,,high,,,,/classes/class[@source='gest.horaire.HorQuart']/field[@source='mHistoActivite']
class-field,gest.horaire.HorQuart,mIdentJour,identJour,identJour,Jour,review-needed,,,,/classes/class[@source='gest.horaire.HorQuart']/field[@source='mIdentJour']
class-field,gest.horaire.HorQuart,mInfoHistoEmploye,infoHistoEmploye,informationHistoEmploye,,high,,,,/classes/class[@source='gest.horaire.HorQuart']/field[@source='mInfoHistoEmploye']
class-field,gest.horaire.HorQuart,mLastWSUpdate,lastWSUpdate,lastWsUpdate,last|WS,review-needed,,,,/classes/class[@source='gest.horaire.HorQuart']/field[@source='mLastWSUpdate']
class-field,gest.horaire.HorQuart,mNumActivite,numActivite,numeroActivite,,high,,,,/classes/class[@source='gest.horaire.HorQuart']/field[@source='mNumActivite']
class-field,gest.horaire.HorQuart,mStatut,statut,statut,,high,,,,/classes/class[@source='gest.horaire.HorQuart']/field[@source='mStatut']
class-field,gest.horaire.HorQuart,mVectChampPerso,listeChampPerso,listeChampPerso,,high,,,,/classes/class[@source='gest.horaire.HorQuart']/field[@source='mVectChampPerso']
class-field,gest.horaire.HorQuart,mVectEmployeDispo,listeEmployeDispo,listeEmployeDisponible,,high,,,,/classes/class[@source='gest.horaire.HorQuart']/field[@source='mVectEmployeDispo']
class-field,gest.horaire.HorQuart,mVectEtape,listeEtape,listeEtape,,high,,,,/classes/class[@source='gest.horaire.HorQuart']/field[@source='mVectEtape']
class-field,gest.horaire.HorQuart,mIDAssigneA,idAssigneA,idAssigneA,A,review-needed,,,,/classes/class[@source='gest.horaire.HorQuart']/field[@source='mIDAssigneA']
class-field,gest.horaire.HorQuart,mIDAuteur,idAuteur,idAuteur,,high,,,,/classes/class[@source='gest.horaire.HorQuart']/field[@source='mIDAuteur']
class-field,gest.horaire.HorQuart,mIDEquipe,idEquipe,idEquipe,,high,,,,/classes/class[@source='gest.horaire.HorQuart']/field[@source='mIDEquipe']
class-field,gest.horaire.HorQuart,mIDHoraire,idHoraire,idHoraire,,high,,,,/classes/class[@source='gest.horaire.HorQuart']/field[@source='mIDHoraire']
class-field,gest.horaire.HorQuart,mIDModeleHorQuart,idModeleHorQuart,idModeleHorQuart,Hor,review-needed,,,,/classes/class[@source='gest.horaire.HorQuart']/field[@source='mIDModeleHorQuart']
class-field,gest.horaire.HorQuart,mIDModeleHoraire,idModeleHoraire,idModeleHoraire,,high,,,,/classes/class[@source='gest.horaire.HorQuart']/field[@source='mIDModeleHoraire']
class-field,gest.horaire.HorQuart,mIDPreHorQuart,idPreHorQuart,idPreHorQuart,Pre|Hor,review-needed,,,,/classes/class[@source='gest.horaire.HorQuart']/field[@source='mIDPreHorQuart']
class-field,gest.horaire.HorQuart,mIDResponsable,idResponsable,idResponsable,,high,,,,/classes/class[@source='gest.horaire.HorQuart']/field[@source='mIDResponsable']
class-field,gest.horaire.Horaire,mStatut,statut,statut,,high,,,,/classes/class[@source='gest.horaire.Horaire']/field[@source='mStatut']
class-field,gest.horaire.Horaire,mVectEtape,listeEtape,listeEtape,,high,,,,/classes/class[@source='gest.horaire.Horaire']/field[@source='mVectEtape']
class-field,gest.horaire.Horaire,mIDResponsable,idResponsable,idResponsable,,high,,,,/classes/class[@source='gest.horaire.Horaire']/field[@source='mIDResponsable']
class-field,gest.horaire.Horaire,mNumActivite,numActivite,numeroActivite,,high,,,,/classes/class[@source='gest.horaire.Horaire']/field[@source='mNumActivite']
class-field,gest.horaire.Horaire,mIdentJour,identJour,identJour,Jour,review-needed,,,,/classes/class[@source='gest.horaire.Horaire']/field[@source='mIdentJour']
class-field,gest.horaire.Horaire,mIDAuteur,idAuteur,idAuteur,,high,,,,/classes/class[@source='gest.horaire.Horaire']/field[@source='mIDAuteur']
class-field,gest.horaire.Horaire,mNbrJour,nbrJour,nombreJour,Jour,review-needed,,,,/classes/class[@source='gest.horaire.Horaire']/field[@source='mNbrJour']
class-field,gest.horaire.Horaire,mDispoWeb,dispoWeb,disponibleWeb,Web,review-needed,,,,/classes/class[@source='gest.horaire.Horaire']/field[@source='mDispoWeb']
class-field,gest.horaire.Horaire,mDateDispoDe,dateDispoDe,dateDisponibleDe,date|De,review-needed,,,,/classes/class[@source='gest.horaire.Horaire']/field[@source='mDateDispoDe']
class-field,gest.horaire.Horaire,mDateDispoA,dateDispoA,dateDisponibleA,date|A,review-needed,,,,/classes/class[@source='gest.horaire.Horaire']/field[@source='mDateDispoA']
class-field,gest.horaire.Horaire,mIDModeleHoraire,idModeleHoraire,idModeleHoraire,,high,,,,/classes/class[@source='gest.horaire.Horaire']/field[@source='mIDModeleHoraire']
class-field,gest.horaire.Horaire,mVectRondeReserv,listeRondeReserv,listeRondeReserv,,high,,,,/classes/class[@source='gest.horaire.Horaire']/field[@source='mVectRondeReserv']
class-field,gest.horaire.Horaire,mVectDispoRondeSelect,listeDispoRondeSelect,listeDisponibleRondeSelect,,high,,,,/classes/class[@source='gest.horaire.Horaire']/field[@source='mVectDispoRondeSelect']
class-field,gest.horaire.Horaire,mVectPreHorQuart,listePreHorQuart,listePreHorQuart,Pre|Hor,review-needed,,,,/classes/class[@source='gest.horaire.Horaire']/field[@source='mVectPreHorQuart']
class-field,gest.horaire.Horaire,mVectEmplReserv,listeEmplReserv,listeEmplReserv,Empl,review-needed,,,,/classes/class[@source='gest.horaire.Horaire']/field[@source='mVectEmplReserv']
class-field,gest.horaire.Horaire,mIDCours,idCours,idCours,,high,,,,/classes/class[@source='gest.horaire.Horaire']/field[@source='mIDCours']
class-field,gest.horaire.Horaire,mIDProgramme,idProgramme,idProgramme,,high,,,,/classes/class[@source='gest.horaire.Horaire']/field[@source='mIDProgramme']
class-field,gest.horaire.Horaire,mIsLastEstimationModifie,isLastEstimationModifie,isLastEstimationModifie,is|Last,review-needed,,,,/classes/class[@source='gest.horaire.Horaire']/field[@source='mIsLastEstimationModifie']
class-field,gest.horaire.Horaire,mLastEstimation,lastEstimation,lastEstimation,last,review-needed,,,,/classes/class[@source='gest.horaire.Horaire']/field[@source='mLastEstimation']
class-field,gest.horaire.Horaire,mVectGroupeRondeSelect,listeGroupeRondeSelect,listeGroupeRondeSelect,,high,,,,/classes/class[@source='gest.horaire.Horaire']/field[@source='mVectGroupeRondeSelect']
class-field,gest.horaire.Horaire,mVectIDProf,listeIDProf,listeIdProf,Prof,review-needed,,,,/classes/class[@source='gest.horaire.Horaire']/field[@source='mVectIDProf']
class-field,gest.horaire.InfoEmployeQuart,mIsPartielFinPlusGrandEgalQuart,isPartielFinPlusGrandEgalQuart,isPartielFinPlusGrandEgalQuart,is|Plus|Egal,review-needed,,,,/classes/class[@source='gest.horaire.InfoEmployeQuart']/field[@source='mIsPartielFinPlusGrandEgalQuart']
class-field,gest.horaire.InfoEmployeQuart,mRadio,radio,radio,,high,,,,/classes/class[@source='gest.horaire.InfoEmployeQuart']/field[@source='mRadio']
class-field,gest.horaire.InfoEmployeQuart,mIDVehicule,idVehicule,idVehicule,,high,,,,/classes/class[@source='gest.horaire.InfoEmployeQuart']/field[@source='mIDVehicule']
class-field,gest.horaire.ListeEmployesParCaserne,mVectIDEmploye,listeIDEmploye,listeIdEmploye,,high,,,,/classes/class[@source='gest.horaire.ListeEmployesParCaserne']/field[@source='mVectIDEmploye']
class-field,gest.horaire.ModeleHorQuart,mATousLesPer,aTousLesPer,aTousLesPer,a|Tous|Les|Per,review-needed,,,,/classes/class[@source='gest.horaire.ModeleHorQuart']/field[@source='mATousLesPer']
class-field,gest.horaire.ModeleHorQuart,mBasculerQuartHorairePerpet,basculerQuartHorairePerpet,basculerQuartHorairePerpet,,high,,,,/classes/class[@source='gest.horaire.ModeleHorQuart']/field[@source='mBasculerQuartHorairePerpet']
class-field,gest.horaire.ModeleHorQuart,mHeureDebut,heureDebut,heureDebut,,high,,,,/classes/class[@source='gest.horaire.ModeleHorQuart']/field[@source='mHeureDebut']
class-field,gest.horaire.ModeleHorQuart,mHeureFin,heureFin,heureFin,,high,,,,/classes/class[@source='gest.horaire.ModeleHorQuart']/field[@source='mHeureFin']
class-field,gest.horaire.ModeleHorQuart,mJourDebut,jourDebut,jourDebut,jour,review-needed,,,,/classes/class[@source='gest.horaire.ModeleHorQuart']/field[@source='mJourDebut']
class-field,gest.horaire.ModeleHorQuart,mJourFin,jourFin,jourFin,jour,review-needed,,,,/classes/class[@source='gest.horaire.ModeleHorQuart']/field[@source='mJourFin']
class-field,gest.horaire.ModeleHorQuart,mPriorite,priorite,priorite,,high,,,,/classes/class[@source='gest.horaire.ModeleHorQuart']/field[@source='mPriorite']
class-field,gest.horaire.ModeleHorQuart,mSelectionJourPer,selectionJourPer,selectionJourPer,Jour|Per,review-needed,,,,/classes/class[@source='gest.horaire.ModeleHorQuart']/field[@source='mSelectionJourPer']
class-field,gest.horaire.ModeleHorQuart,mTypePer,typePer,typePer,type|Per,review-needed,,,,/classes/class[@source='gest.horaire.ModeleHorQuart']/field[@source='mTypePer']
class-field,gest.horaire.ModeleHorQuart,mUniteMesPer,uniteMesPer,uniteMesPer,Mes|Per,review-needed,,,,/classes/class[@source='gest.horaire.ModeleHorQuart']/field[@source='mUniteMesPer']
class-field,gest.horaire.ModeleHorQuart,mVectHorRestrict,listeHorRestrict,listeHorRestrict,Hor,review-needed,,,,/classes/class[@source='gest.horaire.ModeleHorQuart']/field[@source='mVectHorRestrict']
class-field,gest.horaire.ModeleHorQuart,mIDEquipe,idEquipe,idEquipe,,high,,,,/classes/class[@source='gest.horaire.ModeleHorQuart']/field[@source='mIDEquipe']
class-field,gest.horaire.ModeleHorQuart,mIDModeleHoraireBasculePerpet,idModeleHoraireBasculePerpet,idModeleHoraireBasculePerpet,,high,,,,/classes/class[@source='gest.horaire.ModeleHorQuart']/field[@source='mIDModeleHoraireBasculePerpet']
class-field,gest.horaire.ModeleHorQuart,mIDTypeActiviteProf,idTypeActiviteProf,idTypeActiviteProf,Type|Prof,review-needed,,,,/classes/class[@source='gest.horaire.ModeleHorQuart']/field[@source='mIDTypeActiviteProf']
class-field,gest.horaire.ModeleHoraire,mDatePerpetuelDebut,datePerpetuelDebut,datePerpetuelDebut,date,review-needed,,,,/classes/class[@source='gest.horaire.ModeleHoraire']/field[@source='mDatePerpetuelDebut']
class-field,gest.horaire.ModeleHoraire,mDispoProchDebut,dispoProchDebut,disponibleProchDebut,,high,,,,/classes/class[@source='gest.horaire.ModeleHoraire']/field[@source='mDispoProchDebut']
class-field,gest.horaire.ModeleHoraire,mDispoRegroupQuartPareil,dispoRegroupQuartPareil,disponibleRegroupQuartPareil,,high,,,,/classes/class[@source='gest.horaire.ModeleHoraire']/field[@source='mDispoRegroupQuartPareil']
class-field,gest.horaire.ModeleHoraire,mDispoSensRonde,dispoSensRonde,disponibleSensRonde,Sens,review-needed,,,,/classes/class[@source='gest.horaire.ModeleHoraire']/field[@source='mDispoSensRonde']
class-field,gest.horaire.ModeleHoraire,mDispoTousUtilPermis,dispoTousUtilPermis,disponibleTousUtilPermis,Tous|Util,review-needed,,,,/classes/class[@source='gest.horaire.ModeleHoraire']/field[@source='mDispoTousUtilPermis']
class-field,gest.horaire.ModeleHoraire,mModuleDeHoraire,moduleDeHoraire,moduleDeHoraire,De,review-needed,,,,/classes/class[@source='gest.horaire.ModeleHoraire']/field[@source='mModuleDeHoraire']
class-field,gest.horaire.ModeleHoraire,mNbrJour,nbrJour,nombreJour,Jour,review-needed,,,,/classes/class[@source='gest.horaire.ModeleHoraire']/field[@source='mNbrJour']
class-field,gest.horaire.ModeleHoraire,mNotifCourriel,notifCourriel,notifCourriel,,high,,,,/classes/class[@source='gest.horaire.ModeleHoraire']/field[@source='mNotifCourriel']
class-field,gest.horaire.ModeleHoraire,mNotifCourrielOnComplet,notifCourrielOnComplet,notifCourrielOnComplet,On,review-needed,,,,/classes/class[@source='gest.horaire.ModeleHoraire']/field[@source='mNotifCourrielOnComplet']
class-field,gest.horaire.ModeleHoraire,mNotifCourrielPaget,notifCourrielPaget,notifCourrielPaget,,high,,,,/classes/class[@source='gest.horaire.ModeleHoraire']/field[@source='mNotifCourrielPaget']
class-field,gest.horaire.ModeleHoraire,mPeriodicite,periodicite,periodicite,,high,,,,/classes/class[@source='gest.horaire.ModeleHoraire']/field[@source='mPeriodicite']
class-field,gest.horaire.ModeleHoraire,mPermetHoraireWeb,permetHoraireWeb,permetHoraireWeb,Web,review-needed,,,,/classes/class[@source='gest.horaire.ModeleHoraire']/field[@source='mPermetHoraireWeb']
class-field,gest.horaire.ModeleHoraire,mPermetPeriodicite,permetPeriodicite,permetPeriodicite,,high,,,,/classes/class[@source='gest.horaire.ModeleHoraire']/field[@source='mPermetPeriodicite']
class-field,gest.horaire.ModeleHoraire,mPostSupprimer,postSupprimer,postSupprimer,post,review-needed,,,,/classes/class[@source='gest.horaire.ModeleHoraire']/field[@source='mPostSupprimer']
class-field,gest.horaire.ModeleHoraire,mPrealim,prealim,prealim,,high,,,,/classes/class[@source='gest.horaire.ModeleHoraire']/field[@source='mPrealim']
class-field,gest.horaire.ModeleHoraire,mQteCourriel,qteCourriel,quantiteCourriel,,high,,,,/classes/class[@source='gest.horaire.ModeleHoraire']/field[@source='mQteCourriel']
class-field,gest.horaire.ModeleHoraire,mQteCourrielPaget,qteCourrielPaget,quantiteCourrielPaget,,high,,,,/classes/class[@source='gest.horaire.ModeleHoraire']/field[@source='mQteCourrielPaget']
class-field,gest.horaire.ModeleHoraire,mReservProchDebut,reservProchDebut,reservProchDebut,,high,,,,/classes/class[@source='gest.horaire.ModeleHoraire']/field[@source='mReservProchDebut']
class-field,gest.horaire.ModeleHoraire,mReservSensRonde,reservSensRonde,reservSensRonde,Sens,review-needed,,,,/classes/class[@source='gest.horaire.ModeleHoraire']/field[@source='mReservSensRonde']
class-field,gest.horaire.ModeleHoraire,mTextCourriel,textCourriel,textCourriel,text,review-needed,,,,/classes/class[@source='gest.horaire.ModeleHoraire']/field[@source='mTextCourriel']
class-field,gest.horaire.ModeleHoraire,mTextCourrielOnComplet,textCourrielOnComplet,textCourrielOnComplet,text|On,review-needed,,,,/classes/class[@source='gest.horaire.ModeleHoraire']/field[@source='mTextCourrielOnComplet']
class-field,gest.horaire.ModeleHoraire,mTextCourrielPaget,textCourrielPaget,textCourrielPaget,text,review-needed,,,,/classes/class[@source='gest.horaire.ModeleHoraire']/field[@source='mTextCourrielPaget']
class-field,gest.horaire.ModeleHoraire,mTypeAttrib,typeAttrib,typeAttrib,type,review-needed,,,,/classes/class[@source='gest.horaire.ModeleHoraire']/field[@source='mTypeAttrib']
class-field,gest.horaire.ModeleHoraire,mTypeDispo,typeDispo,typeDisponible,type,review-needed,,,,/classes/class[@source='gest.horaire.ModeleHoraire']/field[@source='mTypeDispo']
class-field,gest.horaire.ModeleHoraire,mTypeHoraire,typeHoraire,typeHoraire,type,review-needed,,,,/classes/class[@source='gest.horaire.ModeleHoraire']/field[@source='mTypeHoraire']
class-field,gest.horaire.ModeleHoraire,mVectCritereAttribDispo,listeCritereAttribDispo,listeCritereAttribDisponible,,high,,,,/classes/class[@source='gest.horaire.ModeleHoraire']/field[@source='mVectCritereAttribDispo']
class-field,gest.horaire.ModeleHoraire,mVectDispoRondeSelect,listeDispoRondeSelect,listeDisponibleRondeSelect,,high,,,,/classes/class[@source='gest.horaire.ModeleHoraire']/field[@source='mVectDispoRondeSelect']
class-field,gest.horaire.ModeleHoraire,mVectEmployeesExportedToXLS,listeEmployeesExportedToXLS,listeEmployeesExportedToXls,To|XLS,review-needed,,,,/classes/class[@source='gest.horaire.ModeleHoraire']/field[@source='mVectEmployeesExportedToXLS']
class-field,gest.horaire.ModeleHoraire,mVectGroupeRondeSelect,listeGroupeRondeSelect,listeGroupeRondeSelect,,high,,,,/classes/class[@source='gest.horaire.ModeleHoraire']/field[@source='mVectGroupeRondeSelect']
class-field,gest.horaire.ModeleHoraire,mVectHorRestrictEmploye,listeHorRestrictEmploye,listeHorRestrictEmploye,Hor,review-needed,,,,/classes/class[@source='gest.horaire.ModeleHoraire']/field[@source='mVectHorRestrictEmploye']
class-field,gest.horaire.ModeleHoraire,mVectIDEmployePermis,listeIDEmployePermis,listeIdEmployePermis,,high,,,,/classes/class[@source='gest.horaire.ModeleHoraire']/field[@source='mVectIDEmployePermis']
class-field,gest.horaire.ModeleHoraire,mVectIDEmployeesExportedInXLS,listeIDEmployeesExportedInXLS,listeIdEmployeesExportedInXls,In|XLS,review-needed,,,,/classes/class[@source='gest.horaire.ModeleHoraire']/field[@source='mVectIDEmployeesExportedInXLS']
class-field,gest.horaire.ModeleHoraire,mVectIDEquipePermis,listeIDEquipePermis,listeIdEquipePermis,,high,,,,/classes/class[@source='gest.horaire.ModeleHoraire']/field[@source='mVectIDEquipePermis']
class-field,gest.horaire.ModeleHoraire,mVectIDProf,listeIDProf,listeIdProf,Prof,review-needed,,,,/classes/class[@source='gest.horaire.ModeleHoraire']/field[@source='mVectIDProf']
class-field,gest.horaire.ModeleHoraire,mVectModeleHorQuart,listeModeleHorQuart,listeModeleHorQuart,Hor,review-needed,,,,/classes/class[@source='gest.horaire.ModeleHoraire']/field[@source='mVectModeleHorQuart']
class-field,gest.horaire.ModeleHoraire,mVectNivDispo,listeNivDispo,listeNivDisponible,Niv,review-needed,,,,/classes/class[@source='gest.horaire.ModeleHoraire']/field[@source='mVectNivDispo']
class-field,gest.horaire.ModeleHoraire,mVectPostSupprimer,listePostSupprimer,listePostSupprimer,Post,review-needed,,,,/classes/class[@source='gest.horaire.ModeleHoraire']/field[@source='mVectPostSupprimer']
class-field,gest.horaire.ModeleHoraire,mVectPrealim,listePrealim,listePrealim,,high,,,,/classes/class[@source='gest.horaire.ModeleHoraire']/field[@source='mVectPrealim']
class-field,gest.horaire.ModeleHoraire,mVectRondeReserv,listeRondeReserv,listeRondeReserv,,high,,,,/classes/class[@source='gest.horaire.ModeleHoraire']/field[@source='mVectRondeReserv']
class-field,gest.horaire.ModeleHoraire,mVectTypeChampPerso,listeTypeChampPerso,listeTypeChampPerso,Type,review-needed,,,,/classes/class[@source='gest.horaire.ModeleHoraire']/field[@source='mVectTypeChampPerso']
class-field,gest.horaire.ModeleHoraire,mWebAffEnCours,webAffEnCours,webAffEnCours,web|Aff|En,review-needed,,,,/classes/class[@source='gest.horaire.ModeleHoraire']/field[@source='mWebAffEnCours']
class-field,gest.horaire.ModeleHoraire,mWebEnCoursTousUtilVisible,webEnCoursTousUtilVisible,webEnCoursTousUtilVisible,web|En|Tous|Util,review-needed,,,,/classes/class[@source='gest.horaire.ModeleHoraire']/field[@source='mWebEnCoursTousUtilVisible']
class-field,gest.horaire.ModeleHoraire,mIDCours,idCours,idCours,,high,,,,/classes/class[@source='gest.horaire.ModeleHoraire']/field[@source='mIDCours']
class-field,gest.horaire.ModeleHoraire,mIDProgramme,idProgramme,idProgramme,,high,,,,/classes/class[@source='gest.horaire.ModeleHoraire']/field[@source='mIDProgramme']
class-field,gest.horaire.ParamHoraire,mConfigCompressionImages,configCompressionImages,configCompressionImages,,high,,,,/classes/class[@source='gest.horaire.ParamHoraire']/field[@source='mConfigCompressionImages']
class-field,gest.horaire.ParamHoraire,mDernChkSumFichSite,dernChkSumFichSite,dernChkSumFichSite,dern|Chk|Sum|Fich|Site,review-needed,,,,/classes/class[@source='gest.horaire.ParamHoraire']/field[@source='mDernChkSumFichSite']
class-field,gest.horaire.ParamHoraire,mDestUNC,destUNC,destinationUnc,UNC,review-needed,,,,/classes/class[@source='gest.horaire.ParamHoraire']/field[@source='mDestUNC']
class-field,gest.horaire.ParamHoraire,mTypeDest,typeDest,typeDestination,type,review-needed,,,,/classes/class[@source='gest.horaire.ParamHoraire']/field[@source='mTypeDest']
class-field,gest.horaire.ParamHoraire,mURLPourUNC,urlPourUNC,urlPourUnc,url|Pour|UNC,review-needed,,,,/classes/class[@source='gest.horaire.ParamHoraire']/field[@source='mURLPourUNC']
class-field,gest.horaire.ParamHoraire,mIDLogo,idLogo,idLogo,Logo,review-needed,,,,/classes/class[@source='gest.horaire.ParamHoraire']/field[@source='mIDLogo']
class-field,gest.horaire.TypeActivHoraire,mEquipe,equipe,equipe,,high,,,,/classes/class[@source='gest.horaire.TypeActivHoraire']/field[@source='mEquipe']
class-field,gest.horaire.TypeActivHoraire,mForme,forme,forme,,high,,,,/classes/class[@source='gest.horaire.TypeActivHoraire']/field[@source='mForme']
class-field,gest.intervention.CarteAppel,mByteXML,byteXML,byteXml,byte|XML,review-needed,,,,/classes/class[@source='gest.intervention.CarteAppel']/field[@source='mByteXML']
class-field,gest.intervention.CarteAppel,mDateFichier,dateFichier,dateFichier,date,review-needed,,,,/classes/class[@source='gest.intervention.CarteAppel']/field[@source='mDateFichier']
class-field,gest.intervention.CarteAppel,mNoAppel,noAppel,noAppel,no,review-needed,,,,/classes/class[@source='gest.intervention.CarteAppel']/field[@source='mNoAppel']
class-field,gest.intervention.CarteAppel,mNomFichier,nomFichier,nomFichier,nom,review-needed,,,,/classes/class[@source='gest.intervention.CarteAppel']/field[@source='mNomFichier']
class-field,gest.intervention.FournSAAQ,mAdrDepart,adrDepart,adresseDepart,,high,,,,/classes/class[@source='gest.intervention.FournSAAQ']/field[@source='mAdrDepart']
class-field,gest.intervention.FournSAAQ,mAdrDepartDiffFourn,adrDepartDiffFourn,adresseDepartDifferenceFourn,,high,,,,/classes/class[@source='gest.intervention.FournSAAQ']/field[@source='mAdrDepartDiffFourn']
class-field,gest.intervention.FournSAAQ,mAdrFourn,adrFourn,adresseFourn,,high,,,,/classes/class[@source='gest.intervention.FournSAAQ']/field[@source='mAdrFourn']
class-field,gest.intervention.FournSAAQ,mAdrFournDiffService,adrFournDiffService,adresseFournDifferenceService,,high,,,,/classes/class[@source='gest.intervention.FournSAAQ']/field[@source='mAdrFournDiffService']
class-field,gest.intervention.FournSAAQ,mNumero,numero,numero,,high,,,,/classes/class[@source='gest.intervention.FournSAAQ']/field[@source='mNumero']
class-field,gest.intervention.IntervAutreBatiment,mPerte,perte,perte,,high,,,,/classes/class[@source='gest.intervention.IntervAutreBatiment']/field[@source='mPerte']
class-field,gest.intervention.IntervCauseIncendie,mAmpleurDesc,ampleurDesc,ampleurDescription,,high,,,,/classes/class[@source='gest.intervention.IntervCauseIncendie']/field[@source='mAmpleurDesc']
class-field,gest.intervention.IntervCauseIncendie,mAmpleurIncendie,ampleurIncendie,ampleurIncendie,,high,,,,/classes/class[@source='gest.intervention.IntervCauseIncendie']/field[@source='mAmpleurIncendie']
class-field,gest.intervention.IntervCauseIncendie,mCauseProbable,causeProbable,causeProbable,,high,,,,/classes/class[@source='gest.intervention.IntervCauseIncendie']/field[@source='mCauseProbable']
class-field,gest.intervention.IntervCauseIncendie,mCauseProbableDesc,causeProbableDesc,causeProbableDescription,,high,,,,/classes/class[@source='gest.intervention.IntervCauseIncendie']/field[@source='mCauseProbableDesc']
class-field,gest.intervention.IntervCauseIncendie,mCombustible,combustible,combustible,,high,,,,/classes/class[@source='gest.intervention.IntervCauseIncendie']/field[@source='mCombustible']
class-field,gest.intervention.IntervCauseIncendie,mCombustibleDesc,combustibleDesc,combustibleDescription,,high,,,,/classes/class[@source='gest.intervention.IntervCauseIncendie']/field[@source='mCombustibleDesc']
class-field,gest.intervention.IntervCauseIncendie,mDommage,dommage,dommage,,high,,,,/classes/class[@source='gest.intervention.IntervCauseIncendie']/field[@source='mDommage']
class-field,gest.intervention.IntervCauseIncendie,mDommageDesc,dommageDesc,dommageDescription,,high,,,,/classes/class[@source='gest.intervention.IntervCauseIncendie']/field[@source='mDommageDesc']
class-field,gest.intervention.IntervCauseIncendie,mEnergieDesc,energieDesc,energieDescription,,high,,,,/classes/class[@source='gest.intervention.IntervCauseIncendie']/field[@source='mEnergieDesc']
class-field,gest.intervention.IntervCauseIncendie,mLieuOrigine,lieuOrigine,lieuOrigine,lieu,review-needed,,,,/classes/class[@source='gest.intervention.IntervCauseIncendie']/field[@source='mLieuOrigine']
class-field,gest.intervention.IntervCauseIncendie,mLieuOrigineDesc,lieuOrigineDesc,lieuOrigineDescription,lieu,review-needed,,,,/classes/class[@source='gest.intervention.IntervCauseIncendie']/field[@source='mLieuOrigineDesc']
class-field,gest.intervention.IntervCauseIncendie,mModeInflammationDesc,modeInflammationDesc,modeInflammationDescription,mode,review-needed,,,,/classes/class[@source='gest.intervention.IntervCauseIncendie']/field[@source='mModeInflammationDesc']
class-field,gest.intervention.IntervCauseIncendie,mPrecision,precision,precision,,high,,,,/classes/class[@source='gest.intervention.IntervCauseIncendie']/field[@source='mPrecision']
class-field,gest.intervention.IntervCauseIncendie,mPremMatDesc,premMatDesc,premMatDescription,prem|Mat,review-needed,,,,/classes/class[@source='gest.intervention.IntervCauseIncendie']/field[@source='mPremMatDesc']
class-field,gest.intervention.IntervCauseIncendie,mPremMatEnflamme,premMatEnflamme,premMatEnflamme,prem|Mat,review-needed,,,,/classes/class[@source='gest.intervention.IntervCauseIncendie']/field[@source='mPremMatEnflamme']
class-field,gest.intervention.IntervCauseIncendie,mPropagation,propagation,propagation,,high,,,,/classes/class[@source='gest.intervention.IntervCauseIncendie']/field[@source='mPropagation']
class-field,gest.intervention.IntervCauseIncendie,mPropagationDesc,propagationDesc,propagationDescription,,high,,,,/classes/class[@source='gest.intervention.IntervCauseIncendie']/field[@source='mPropagationDesc']
class-field,gest.intervention.IntervCauseIncendie,mSourceChaleur,sourceChaleur,sourceChaleur,,high,,,,/classes/class[@source='gest.intervention.IntervCauseIncendie']/field[@source='mSourceChaleur']
class-field,gest.intervention.IntervCauseIncendie,mSourceChaleurDesc,sourceChaleurDesc,sourceChaleurDescription,,high,,,,/classes/class[@source='gest.intervention.IntervCauseIncendie']/field[@source='mSourceChaleurDesc']
class-field,gest.intervention.IntervCauseIncendie,mSourceDetail,sourceDetail,sourceDetail,,high,,,,/classes/class[@source='gest.intervention.IntervCauseIncendie']/field[@source='mSourceDetail']
class-field,gest.intervention.IntervCauseIncendie,mIDEnergie,idEnergie,idEnergie,,high,,,,/classes/class[@source='gest.intervention.IntervCauseIncendie']/field[@source='mIDEnergie']
class-field,gest.intervention.IntervCauseIncendie,mIDModeInflammation,idModeInflammation,idModeInflammation,Mode,review-needed,,,,/classes/class[@source='gest.intervention.IntervCauseIncendie']/field[@source='mIDModeInflammation']
class-field,gest.intervention.IntervChronologie,mAnnule,annule,annule,,high,,,,/classes/class[@source='gest.intervention.IntervChronologie']/field[@source='mAnnule']
class-field,gest.intervention.IntervChronologie,mAppel,appel,appel,,high,,,,/classes/class[@source='gest.intervention.IntervChronologie']/field[@source='mAppel']
class-field,gest.intervention.IntervChronologie,mArriveeForceFrappe,arriveeForceFrappe,arriveeForceFrappe,,high,,,,/classes/class[@source='gest.intervention.IntervChronologie']/field[@source='mArriveeForceFrappe']
class-field,gest.intervention.IntervChronologie,mArriveePremVehicule,arriveePremVehicule,arriveePremVehicule,Prem,review-needed,,,,/classes/class[@source='gest.intervention.IntervChronologie']/field[@source='mArriveePremVehicule']
class-field,gest.intervention.IntervChronologie,mDateAnnule,dateAnnule,dateAnnule,date,review-needed,,,,/classes/class[@source='gest.intervention.IntervChronologie']/field[@source='mDateAnnule']
class-field,gest.intervention.IntervChronologie,mDescriptionRaisonDelai,descriptionRaisonDelai,descriptionRaisonDelai,,high,,,,/classes/class[@source='gest.intervention.IntervChronologie']/field[@source='mDescriptionRaisonDelai']
class-field,gest.intervention.IntervChronologie,mForceAtteint,forceAtteint,forceAtteint,,high,,,,/classes/class[@source='gest.intervention.IntervChronologie']/field[@source='mForceAtteint']
class-field,gest.intervention.IntervChronologie,mMaitrise,maitrise,maitrise,,high,,,,/classes/class[@source='gest.intervention.IntervChronologie']/field[@source='mMaitrise']
class-field,gest.intervention.IntervChronologie,mMoyenTrans,moyenTrans,moyenTrans,,high,,,,/classes/class[@source='gest.intervention.IntervChronologie']/field[@source='mMoyenTrans']
class-field,gest.intervention.IntervChronologie,mRaisonDelai,raisonDelai,raisonDelai,,high,,,,/classes/class[@source='gest.intervention.IntervChronologie']/field[@source='mRaisonDelai']
class-field,gest.intervention.IntervChronologie,mRetour,retour,retour,,high,,,,/classes/class[@source='gest.intervention.IntervChronologie']/field[@source='mRetour']
class-field,gest.intervention.IntervChronologie,mTransmission,transmission,transmission,,high,,,,/classes/class[@source='gest.intervention.IntervChronologie']/field[@source='mTransmission']
class-field,gest.intervention.IntervCompteRendu,mCirconstance,circonstance,circonstance,,high,,,,/classes/class[@source='gest.intervention.IntervCompteRendu']/field[@source='mCirconstance']
class-field,gest.intervention.IntervCroquis,mIDFichier,idFichier,idFichier,,high,,,,/classes/class[@source='gest.intervention.IntervCroquis']/field[@source='mIDFichier']
class-field,gest.intervention.IntervDescBatiment,mPerte,perte,perte,,high,,,,/classes/class[@source='gest.intervention.IntervDescBatiment']/field[@source='mPerte']
class-field,gest.intervention.IntervDescBatiment,mProtection,protection,protection,,high,,,,/classes/class[@source='gest.intervention.IntervDescBatiment']/field[@source='mProtection']
class-field,gest.intervention.IntervDescBatiment,mRenovation,renovation,renovation,,high,,,,/classes/class[@source='gest.intervention.IntervDescBatiment']/field[@source='mRenovation']
class-field,gest.intervention.IntervEnquete,mDateRemis,dateRemis,dateRemis,date,review-needed,,,,/classes/class[@source='gest.intervention.IntervEnquete']/field[@source='mDateRemis']
class-field,gest.intervention.IntervEnquete,mDossierTransmisPolice,dossierTransmisPolice,dossierTransmisPolice,,high,,,,/classes/class[@source='gest.intervention.IntervEnquete']/field[@source='mDossierTransmisPolice']
class-field,gest.intervention.IntervEnquete,mMunicipalite,municipalite,municipalite,,high,,,,/classes/class[@source='gest.intervention.IntervEnquete']/field[@source='mMunicipalite']
class-field,gest.intervention.IntervEnquete,mNumDossierPolice,numDossierPolice,numeroDossierPolice,,high,,,,/classes/class[@source='gest.intervention.IntervEnquete']/field[@source='mNumDossierPolice']
class-field,gest.intervention.IntervEnquete,mRemisA,remisA,remisA,A,review-needed,,,,/classes/class[@source='gest.intervention.IntervEnquete']/field[@source='mRemisA']
class-field,gest.intervention.IntervEnquete,mIDRemisPar,idRemisPar,idRemisPar,Par,review-needed,,,,/classes/class[@source='gest.intervention.IntervEnquete']/field[@source='mIDRemisPar']
class-field,gest.intervention.IntervEquipement,mVectIntervMateriel,listeIntervMateriel,listeInterventionMateriel,,high,,,,/classes/class[@source='gest.intervention.IntervEquipement']/field[@source='mVectIntervMateriel']
class-field,gest.intervention.IntervFeuExterieur,mPerte,perte,perte,,high,,,,/classes/class[@source='gest.intervention.IntervFeuExterieur']/field[@source='mPerte']
class-field,gest.intervention.IntervFeuExterieur,mIDAssurance,idAssurance,idAssurance,,high,,,,/classes/class[@source='gest.intervention.IntervFeuExterieur']/field[@source='mIDAssurance']
class-field,gest.intervention.IntervIntervEmploye,mHeureDepart,heureDepart,heureDepart,,high,,,,/classes/class[@source='gest.intervention.IntervIntervEmploye']/field[@source='mHeureDepart']
class-field,gest.intervention.IntervIntervEmploye,mIDVehicule,idVehicule,idVehicule,,high,,,,/classes/class[@source='gest.intervention.IntervIntervEmploye']/field[@source='mIDVehicule']
class-field,gest.intervention.IntervIntervEntraide,mHreAppel,hreAppel,hreAppel,hre,review-needed,,,,/classes/class[@source='gest.intervention.IntervIntervEntraide']/field[@source='mHreAppel']
class-field,gest.intervention.IntervIntervEntraide,mHreArrivee,hreArrivee,hreArrivee,hre,review-needed,,,,/classes/class[@source='gest.intervention.IntervIntervEntraide']/field[@source='mHreArrivee']
class-field,gest.intervention.IntervIntervEntraide,mHreDepart,hreDepart,hreDepart,hre,review-needed,,,,/classes/class[@source='gest.intervention.IntervIntervEntraide']/field[@source='mHreDepart']
class-field,gest.intervention.IntervIntervEntraide,mNbrOfficier,nbrOfficier,nombreOfficier,,high,,,,/classes/class[@source='gest.intervention.IntervIntervEntraide']/field[@source='mNbrOfficier']
class-field,gest.intervention.IntervIntervEntraide,mNbrPompier,nbrPompier,nombrePompier,,high,,,,/classes/class[@source='gest.intervention.IntervIntervEntraide']/field[@source='mNbrPompier']
class-field,gest.intervention.IntervIntervEntraide,mVehiculeUtilise,vehiculeUtilise,vehiculeUtilise,,high,,,,/classes/class[@source='gest.intervention.IntervIntervEntraide']/field[@source='mVehiculeUtilise']
class-field,gest.intervention.IntervIntervEntraide,mVille,ville,ville,,high,,,,/classes/class[@source='gest.intervention.IntervIntervEntraide']/field[@source='mVille']
class-field,gest.intervention.IntervIntervEquipe,mHeureAppel,heureAppel,heureAppel,,high,,,,/classes/class[@source='gest.intervention.IntervIntervEquipe']/field[@source='mHeureAppel']
class-field,gest.intervention.IntervIntervEquipe,mHeureDispCaserne,heureDispCaserne,heureDispCaserne,Disp,review-needed,,,,/classes/class[@source='gest.intervention.IntervIntervEquipe']/field[@source='mHeureDispCaserne']
class-field,gest.intervention.IntervIntervEquipe,mHeureEnRoute,heureEnRoute,heureEnRoute,En,review-needed,,,,/classes/class[@source='gest.intervention.IntervIntervEquipe']/field[@source='mHeureEnRoute']
class-field,gest.intervention.IntervIntervEquipe,mHeureLieu,heureLieu,heureLieu,Lieu,review-needed,,,,/classes/class[@source='gest.intervention.IntervIntervEquipe']/field[@source='mHeureLieu']
class-field,gest.intervention.IntervIntervEquipe,mHeureRetour,heureRetour,heureRetour,,high,,,,/classes/class[@source='gest.intervention.IntervIntervEquipe']/field[@source='mHeureRetour']
class-field,gest.intervention.IntervIntervEquipe,mNbrIntervDansVeh,nbrIntervDansVeh,nombreInterventionDansVeh,Dans|Veh,review-needed,,,,/classes/class[@source='gest.intervention.IntervIntervEquipe']/field[@source='mNbrIntervDansVeh']
class-field,gest.intervention.IntervIntervEquipe,mIDEquipe,idEquipe,idEquipe,,high,,,,/classes/class[@source='gest.intervention.IntervIntervEquipe']/field[@source='mIDEquipe']
class-field,gest.intervention.IntervIntervEquipe,mIDVehicule,idVehicule,idVehicule,,high,,,,/classes/class[@source='gest.intervention.IntervIntervEquipe']/field[@source='mIDVehicule']
class-field,gest.intervention.IntervIntervRessource,mHeureAppel,heureAppel,heureAppel,,high,,,,/classes/class[@source='gest.intervention.IntervIntervRessource']/field[@source='mHeureAppel']
class-field,gest.intervention.IntervIntervRessource,mHeureArrivee,heureArrivee,heureArrivee,,high,,,,/classes/class[@source='gest.intervention.IntervIntervRessource']/field[@source='mHeureArrivee']
class-field,gest.intervention.IntervIntervRessource,mHeureTravailFait,heureTravailFait,heureTravailFait,Fait,review-needed,,,,/classes/class[@source='gest.intervention.IntervIntervRessource']/field[@source='mHeureTravailFait']
class-field,gest.intervention.IntervIntervRessource,mIDRessource,idRessource,idRessource,,high,,,,/classes/class[@source='gest.intervention.IntervIntervRessource']/field[@source='mIDRessource']
class-field,gest.intervention.IntervIntervenant,mInfoIntervEmploye,infoIntervEmploye,informationInterventionEmploye,,high,,,,/classes/class[@source='gest.intervention.IntervIntervenant']/field[@source='mInfoIntervEmploye']
class-field,gest.intervention.IntervIntervenant,mInfoIntervEmployeSupp,infoIntervEmployeSupp,informationInterventionEmployeSupp,Supp,review-needed,,,,/classes/class[@source='gest.intervention.IntervIntervenant']/field[@source='mInfoIntervEmployeSupp']
class-field,gest.intervention.IntervIntervenant,mVectIntervEntraide,listeIntervEntraide,listeInterventionEntraide,,high,,,,/classes/class[@source='gest.intervention.IntervIntervenant']/field[@source='mVectIntervEntraide']
class-field,gest.intervention.IntervIntervenant,mVectIntervEquipe,listeIntervEquipe,listeInterventionEquipe,,high,,,,/classes/class[@source='gest.intervention.IntervIntervenant']/field[@source='mVectIntervEquipe']
class-field,gest.intervention.IntervIntervenant,mVectIntervEquipeSupp,listeIntervEquipeSupp,listeInterventionEquipeSupp,Supp,review-needed,,,,/classes/class[@source='gest.intervention.IntervIntervenant']/field[@source='mVectIntervEquipeSupp']
class-field,gest.intervention.IntervIntervenant,mVectIntervRessource,listeIntervRessource,listeInterventionRessource,,high,,,,/classes/class[@source='gest.intervention.IntervIntervenant']/field[@source='mVectIntervRessource']
class-field,gest.intervention.IntervMateriel,mQuantite,quantite,quantite,,high,,,,/classes/class[@source='gest.intervention.IntervMateriel']/field[@source='mQuantite']
class-field,gest.intervention.IntervMateriel,mIDTypeEquipement,idTypeEquipement,idTypeEquipement,Type,review-needed,,,,/classes/class[@source='gest.intervention.IntervMateriel']/field[@source='mIDTypeEquipement']
class-field,gest.intervention.IntervMemoFacturation,mVectMemoFacturation,listeMemoFacturation,listeMemoFacturation,Memo,review-needed,,,,/classes/class[@source='gest.intervention.IntervMemoFacturation']/field[@source='mVectMemoFacturation']
class-field,gest.intervention.IntervPerte,mPerteBatiment,perteBatiment,perteBatiment,,high,,,,/classes/class[@source='gest.intervention.IntervPerte']/field[@source='mPerteBatiment']
class-field,gest.intervention.IntervPerte,mPerteContenu,perteContenu,perteContenu,,high,,,,/classes/class[@source='gest.intervention.IntervPerte']/field[@source='mPerteContenu']
class-field,gest.intervention.IntervPerte,mValeurBatiment,valeurBatiment,valeurBatiment,,high,,,,/classes/class[@source='gest.intervention.IntervPerte']/field[@source='mValeurBatiment']
class-field,gest.intervention.IntervPerte,mIDAssurance,idAssurance,idAssurance,,high,,,,/classes/class[@source='gest.intervention.IntervPerte']/field[@source='mIDAssurance']
class-field,gest.intervention.IntervPerteIndirecte,mPerte,perte,perte,,high,,,,/classes/class[@source='gest.intervention.IntervPerteIndirecte']/field[@source='mPerte']
class-field,gest.intervention.IntervPhotoSaisie,mNaturePiecePrelevee,naturePiecePrelevee,naturePiecePrelevee,,high,,,,/classes/class[@source='gest.intervention.IntervPhotoSaisie']/field[@source='mNaturePiecePrelevee']
class-field,gest.intervention.IntervPrevention,mAvisEmis,avisEmis,avisEmis,avis|Emis,review-needed,,,,/classes/class[@source='gest.intervention.IntervPrevention']/field[@source='mAvisEmis']
class-field,gest.intervention.IntervPrevention,mDateRemis,dateRemis,dateRemis,date,review-needed,,,,/classes/class[@source='gest.intervention.IntervPrevention']/field[@source='mDateRemis']
class-field,gest.intervention.IntervPrevention,mDossierRemis,dossierRemis,dossierRemis,,high,,,,/classes/class[@source='gest.intervention.IntervPrevention']/field[@source='mDossierRemis']
class-field,gest.intervention.IntervPrevention,mMotif,motif,motif,,high,,,,/classes/class[@source='gest.intervention.IntervPrevention']/field[@source='mMotif']
class-field,gest.intervention.IntervPrevention,mRemis,remis,remis,,high,,,,/classes/class[@source='gest.intervention.IntervPrevention']/field[@source='mRemis']
class-field,gest.intervention.IntervPrevention,mTypeAvis,typeAvis,typeAvis,type|Avis,review-needed,,,,/classes/class[@source='gest.intervention.IntervPrevention']/field[@source='mTypeAvis']
class-field,gest.intervention.IntervProtection,mNoteAvertFonctionne,noteAvertFonctionne,noteAvertFonctionne,note,review-needed,,,,/classes/class[@source='gest.intervention.IntervProtection']/field[@source='mNoteAvertFonctionne']
class-field,gest.intervention.IntervProtection,mNoteExtinctionFonctionne,noteExtinctionFonctionne,noteExtinctionFonctionne,note,review-needed,,,,/classes/class[@source='gest.intervention.IntervProtection']/field[@source='mNoteExtinctionFonctionne']
class-field,gest.intervention.IntervProtection,mNoteSystAlarmeFonctionne,noteSystAlarmeFonctionne,noteSystAlarmeFonctionne,note|Syst,review-needed,,,,/classes/class[@source='gest.intervention.IntervProtection']/field[@source='mNoteSystAlarmeFonctionne']
class-field,gest.intervention.IntervProtection,mIDAvertFonctionne,idAvertFonctionne,idAvertFonctionne,,high,,,,/classes/class[@source='gest.intervention.IntervProtection']/field[@source='mIDAvertFonctionne']
class-field,gest.intervention.IntervProtection,mIDExtinctionFonctionne,idExtinctionFonctionne,idExtinctionFonctionne,,high,,,,/classes/class[@source='gest.intervention.IntervProtection']/field[@source='mIDExtinctionFonctionne']
class-field,gest.intervention.IntervProtection,mIDSystAlarmeFonctionne,idSystAlarmeFonctionne,idSystAlarmeFonctionne,Syst,review-needed,,,,/classes/class[@source='gest.intervention.IntervProtection']/field[@source='mIDSystAlarmeFonctionne']
class-field,gest.intervention.IntervRemiseProp,mDateLibere,dateLibere,dateLibere,date,review-needed,,,,/classes/class[@source='gest.intervention.IntervRemiseProp']/field[@source='mDateLibere']
class-field,gest.intervention.IntervRemiseProp,mRemisA,remisA,remisA,A,review-needed,,,,/classes/class[@source='gest.intervention.IntervRemiseProp']/field[@source='mRemisA']
class-field,gest.intervention.IntervRemiseProp,mIDFichier,idFichier,idFichier,,high,,,,/classes/class[@source='gest.intervention.IntervRemiseProp']/field[@source='mIDFichier']
class-field,gest.intervention.IntervRepondant,mAdresseDifferente,adresseDifferente,adresseDifferente,,high,,,,/classes/class[@source='gest.intervention.IntervRepondant']/field[@source='mAdresseDifferente']
class-field,gest.intervention.IntervSauvetage,mNbrEvacuation,nbrEvacuation,nombreEvacuation,,high,,,,/classes/class[@source='gest.intervention.IntervSauvetage']/field[@source='mNbrEvacuation']
class-field,gest.intervention.IntervSauvetage,mNbrSauvetage,nbrSauvetage,nombreSauvetage,,high,,,,/classes/class[@source='gest.intervention.IntervSauvetage']/field[@source='mNbrSauvetage']
class-field,gest.intervention.IntervSauvetage,mIDEvacuation,idEvacuation,idEvacuation,,high,,,,/classes/class[@source='gest.intervention.IntervSauvetage']/field[@source='mIDEvacuation']
class-field,gest.intervention.IntervSauvetage,mIDSauvetage,idSauvetage,idSauvetage,,high,,,,/classes/class[@source='gest.intervention.IntervSauvetage']/field[@source='mIDSauvetage']
class-field,gest.intervention.IntervSourceChaleur,mAnneeFabrication,anneeFabrication,anneeFabrication,,high,,,,/classes/class[@source='gest.intervention.IntervSourceChaleur']/field[@source='mAnneeFabrication']
class-field,gest.intervention.IntervSourceChaleur,mCie,cie,cie,cie,review-needed,,,,/classes/class[@source='gest.intervention.IntervSourceChaleur']/field[@source='mCie']
class-field,gest.intervention.IntervSourceChaleur,mCommentaire,commentaire,commentaire,,high,,,,/classes/class[@source='gest.intervention.IntervSourceChaleur']/field[@source='mCommentaire']
class-field,gest.intervention.IntervSourceChaleur,mModele,modele,modele,,high,,,,/classes/class[@source='gest.intervention.IntervSourceChaleur']/field[@source='mModele']
class-field,gest.intervention.IntervSourceChaleur,mNumSerie,numSerie,numeroSerie,,high,,,,/classes/class[@source='gest.intervention.IntervSourceChaleur']/field[@source='mNumSerie']
class-field,gest.intervention.IntervTemperature,mChaussee,chaussee,chaussee,,high,,,,/classes/class[@source='gest.intervention.IntervTemperature']/field[@source='mChaussee']
class-field,gest.intervention.IntervTemperature,mChausseeAutre,chausseeAutre,chausseeAutre,,high,,,,/classes/class[@source='gest.intervention.IntervTemperature']/field[@source='mChausseeAutre']
class-field,gest.intervention.IntervTemperature,mDirection,direction,direction,,high,,,,/classes/class[@source='gest.intervention.IntervTemperature']/field[@source='mDirection']
class-field,gest.intervention.IntervTemperature,mDirectionDesc,directionDesc,directionDescription,,high,,,,/classes/class[@source='gest.intervention.IntervTemperature']/field[@source='mDirectionDesc']
class-field,gest.intervention.IntervTemperature,mMeteo,meteo,meteo,,high,,,,/classes/class[@source='gest.intervention.IntervTemperature']/field[@source='mMeteo']
class-field,gest.intervention.IntervTemperature,mMeteoAutre,meteoAutre,meteoAutre,,high,,,,/classes/class[@source='gest.intervention.IntervTemperature']/field[@source='mMeteoAutre']
class-field,gest.intervention.IntervTemperature,mTemperature,temperature,temperature,,high,,,,/classes/class[@source='gest.intervention.IntervTemperature']/field[@source='mTemperature']
class-field,gest.intervention.IntervTemperature,mVelocite,velocite,velocite,,high,,,,/classes/class[@source='gest.intervention.IntervTemperature']/field[@source='mVelocite']
class-field,gest.intervention.IntervTemperature,mVelociteDesc,velociteDesc,velociteDescription,,high,,,,/classes/class[@source='gest.intervention.IntervTemperature']/field[@source='mVelociteDesc']
class-field,gest.intervention.IntervVehAccident,mAccidentSurvenu,accidentSurvenu,accidentSurvenu,,high,,,,/classes/class[@source='gest.intervention.IntervVehAccident']/field[@source='mAccidentSurvenu']
class-field,gest.intervention.IntervVehAccident,mCompteRendu,compteRendu,compteRendu,,high,,,,/classes/class[@source='gest.intervention.IntervVehAccident']/field[@source='mCompteRendu']
class-field,gest.intervention.IntervVehAccident,mDemandePar,demandePar,demandePar,Par,review-needed,,,,/classes/class[@source='gest.intervention.IntervVehAccident']/field[@source='mDemandePar']
class-field,gest.intervention.IntervVehAccident,mDistanceParcourue,distanceParcourue,distanceParcourue,,high,,,,/classes/class[@source='gest.intervention.IntervVehAccident']/field[@source='mDistanceParcourue']
class-field,gest.intervention.IntervVehAccident,mGenererFormSAAQ,genererFormSAAQ,genererFormSaaq,Form|SAAQ,review-needed,,,,/classes/class[@source='gest.intervention.IntervVehAccident']/field[@source='mGenererFormSAAQ']
class-field,gest.intervention.IntervVehAccident,mMntBase,mntBase,mntBase,mnt|Base,review-needed,,,,/classes/class[@source='gest.intervention.IntervVehAccident']/field[@source='mMntBase']
class-field,gest.intervention.IntervVehAccident,mMntParKM,mntParKM,mntParKm,mnt|Par|KM,review-needed,,,,/classes/class[@source='gest.intervention.IntervVehAccident']/field[@source='mMntParKM']
class-field,gest.intervention.IntervVehAccident,mNbrKMPourExcedent,nbrKMPourExcedent,nombreKmPourExcedent,KM|Pour,review-needed,,,,/classes/class[@source='gest.intervention.IntervVehAccident']/field[@source='mNbrKMPourExcedent']
class-field,gest.intervention.IntervVehAccident,mResponsable,responsable,responsable,,high,,,,/classes/class[@source='gest.intervention.IntervVehAccident']/field[@source='mResponsable']
class-field,gest.intervention.IntervVehAccident,mIDFournSAAQ,idFournSAAQ,idFournSaaq,SAAQ,review-needed,,,,/classes/class[@source='gest.intervention.IntervVehAccident']/field[@source='mIDFournSAAQ']
class-field,gest.intervention.IntervVehFeu,mCirconstances,circonstances,circonstances,,high,,,,/classes/class[@source='gest.intervention.IntervVehFeu']/field[@source='mCirconstances']
class-field,gest.intervention.IntervVehFeu,mCompteRendu,compteRendu,compteRendu,,high,,,,/classes/class[@source='gest.intervention.IntervVehFeu']/field[@source='mCompteRendu']
class-field,gest.intervention.IntervVehFeu,mFeuSurvenu,feuSurvenu,feuSurvenu,feu,review-needed,,,,/classes/class[@source='gest.intervention.IntervVehFeu']/field[@source='mFeuSurvenu']
class-field,gest.intervention.IntervVehFeu,mGenererDSI,genererDSI,genererDsi,DSI,review-needed,,,,/classes/class[@source='gest.intervention.IntervVehFeu']/field[@source='mGenererDSI']
class-field,gest.intervention.IntervVehFeu,mIntervCauseIncendie,intervCauseIncendie,interventionCauseIncendie,,high,,,,/classes/class[@source='gest.intervention.IntervVehFeu']/field[@source='mIntervCauseIncendie']
class-field,gest.intervention.IntervVehFeu,mMaitrise,maitrise,maitrise,,high,,,,/classes/class[@source='gest.intervention.IntervVehFeu']/field[@source='mMaitrise']
class-field,gest.intervention.IntervVehFeu,mMaitriseDifferente,maitriseDifferente,maitriseDifferente,,high,,,,/classes/class[@source='gest.intervention.IntervVehFeu']/field[@source='mMaitriseDifferente']
class-field,gest.intervention.IntervVehFeu,mNbrEvacuation,nbrEvacuation,nombreEvacuation,,high,,,,/classes/class[@source='gest.intervention.IntervVehFeu']/field[@source='mNbrEvacuation']
class-field,gest.intervention.IntervVehFeu,mNbrSauvetage,nbrSauvetage,nombreSauvetage,,high,,,,/classes/class[@source='gest.intervention.IntervVehFeu']/field[@source='mNbrSauvetage']
class-field,gest.intervention.IntervVehFeu,mVectIntervVictimeDetail,listeIntervVictimeDetail,listeInterventionVictimeDetail,,high,,,,/classes/class[@source='gest.intervention.IntervVehFeu']/field[@source='mVectIntervVictimeDetail']
class-field,gest.intervention.IntervVehFeu,mIDEvacuation,idEvacuation,idEvacuation,,high,,,,/classes/class[@source='gest.intervention.IntervVehFeu']/field[@source='mIDEvacuation']
class-field,gest.intervention.IntervVehFeu,mIDSauvetage,idSauvetage,idSauvetage,,high,,,,/classes/class[@source='gest.intervention.IntervVehFeu']/field[@source='mIDSauvetage']
class-field,gest.intervention.IntervVehicule,mAssAdresse,assAdresse,assAdresse,ass,review-needed,,,,/classes/class[@source='gest.intervention.IntervVehicule']/field[@source='mAssAdresse']
class-field,gest.intervention.IntervVehicule,mAssNom,assNom,assNom,ass|Nom,review-needed,,,,/classes/class[@source='gest.intervention.IntervVehicule']/field[@source='mAssNom']
class-field,gest.intervention.IntervVehicule,mAssNumPolice,assNumPolice,assNumeroPolice,ass,review-needed,,,,/classes/class[@source='gest.intervention.IntervVehicule']/field[@source='mAssNumPolice']
class-field,gest.intervention.IntervVehicule,mIntervVehAccident,intervVehAccident,interventionVehAccident,Veh,review-needed,,,,/classes/class[@source='gest.intervention.IntervVehicule']/field[@source='mIntervVehAccident']
class-field,gest.intervention.IntervVehicule,mIntervVehFeu,intervVehFeu,interventionVehFeu,Veh|Feu,review-needed,,,,/classes/class[@source='gest.intervention.IntervVehicule']/field[@source='mIntervVehFeu']
class-field,gest.intervention.IntervVehicule,mPerte,perte,perte,,high,,,,/classes/class[@source='gest.intervention.IntervVehicule']/field[@source='mPerte']
class-field,gest.intervention.IntervVehicule,mPropAdresse,propAdresse,proprieteAdresse,,high,,,,/classes/class[@source='gest.intervention.IntervVehicule']/field[@source='mPropAdresse']
class-field,gest.intervention.IntervVehicule,mPropAutreQueRepondant,propAutreQueRepondant,proprieteAutreQueRepondant,Que,review-needed,,,,/classes/class[@source='gest.intervention.IntervVehicule']/field[@source='mPropAutreQueRepondant']
class-field,gest.intervention.IntervVehicule,mPropNom,propNom,proprieteNom,Nom,review-needed,,,,/classes/class[@source='gest.intervention.IntervVehicule']/field[@source='mPropNom']
class-field,gest.intervention.IntervVehicule,mVehAnnee,vehAnnee,vehAnnee,veh,review-needed,,,,/classes/class[@source='gest.intervention.IntervVehicule']/field[@source='mVehAnnee']
class-field,gest.intervention.IntervVehicule,mVehCommentaire,vehCommentaire,vehCommentaire,veh,review-needed,,,,/classes/class[@source='gest.intervention.IntervVehicule']/field[@source='mVehCommentaire']
class-field,gest.intervention.IntervVehicule,mVehCouleur,vehCouleur,vehCouleur,veh,review-needed,,,,/classes/class[@source='gest.intervention.IntervVehicule']/field[@source='mVehCouleur']
class-field,gest.intervention.IntervVehicule,mVehMarque,vehMarque,vehMarque,veh,review-needed,,,,/classes/class[@source='gest.intervention.IntervVehicule']/field[@source='mVehMarque']
class-field,gest.intervention.IntervVehicule,mVehModele,vehModele,vehModele,veh,review-needed,,,,/classes/class[@source='gest.intervention.IntervVehicule']/field[@source='mVehModele']
class-field,gest.intervention.IntervVehicule,mVehNumSerie,vehNumSerie,vehNumeroSerie,veh,review-needed,,,,/classes/class[@source='gest.intervention.IntervVehicule']/field[@source='mVehNumSerie']
class-field,gest.intervention.IntervVehicule,mVehPlaque,vehPlaque,vehPlaque,veh,review-needed,,,,/classes/class[@source='gest.intervention.IntervVehicule']/field[@source='mVehPlaque']
class-field,gest.intervention.IntervVehicule,mIDAssurance,idAssurance,idAssurance,,high,,,,/classes/class[@source='gest.intervention.IntervVehicule']/field[@source='mIDAssurance']
class-field,gest.intervention.IntervVictimeDetail,mAge,age,age,age,review-needed,,,,/classes/class[@source='gest.intervention.IntervVictimeDetail']/field[@source='mAge']
class-field,gest.intervention.IntervVictimeDetail,mEtat,etat,etat,etat,review-needed,,,,/classes/class[@source='gest.intervention.IntervVictimeDetail']/field[@source='mEtat']
class-field,gest.intervention.IntervVictimeDetail,mPremiersSoins,premiersSoins,premiersSoins,,high,,,,/classes/class[@source='gest.intervention.IntervVictimeDetail']/field[@source='mPremiersSoins']
class-field,gest.intervention.IntervVictimeDetail,mSexe,sexe,sexe,sexe,review-needed,,,,/classes/class[@source='gest.intervention.IntervVictimeDetail']/field[@source='mSexe']
class-field,gest.intervention.IntervVictimeDetail,mStatut,statut,statut,,high,,,,/classes/class[@source='gest.intervention.IntervVictimeDetail']/field[@source='mStatut']
class-field,gest.intervention.IntervVictimeDetail,mIDEtat,idEtat,idEtat,Etat,review-needed,,,,/classes/class[@source='gest.intervention.IntervVictimeDetail']/field[@source='mIDEtat']
class-field,gest.intervention.IntervVictimeDetail,mIDPremiersSoins,idPremiersSoins,idPremiersSoins,,high,,,,/classes/class[@source='gest.intervention.IntervVictimeDetail']/field[@source='mIDPremiersSoins']
class-field,gest.intervention.IntervVictimeDetail,mIDSexe,idSexe,idSexe,Sexe,review-needed,,,,/classes/class[@source='gest.intervention.IntervVictimeDetail']/field[@source='mIDSexe']
class-field,gest.intervention.IntervVictimeDetail,mIDStatut,idStatut,idStatut,,high,,,,/classes/class[@source='gest.intervention.IntervVictimeDetail']/field[@source='mIDStatut']
class-field,gest.intervention.IntervVieHumaine,mVectIntervSauvetage,listeIntervSauvetage,listeInterventionSauvetage,,high,,,,/classes/class[@source='gest.intervention.IntervVieHumaine']/field[@source='mVectIntervSauvetage']
class-field,gest.intervention.IntervVieHumaine,mVectIntervVictimeDetail,listeIntervVictimeDetail,listeInterventionVictimeDetail,,high,,,,/classes/class[@source='gest.intervention.IntervVieHumaine']/field[@source='mVectIntervVictimeDetail']
class-field,gest.intervention.Intervention,mAssocieDossierPrev,associeDossierPrev,associeDossierPrevision,,high,,,,/classes/class[@source='gest.intervention.Intervention']/field[@source='mAssocieDossierPrev']
class-field,gest.intervention.Intervention,mCarteAppel,carteAppel,carteAppel,,high,,,,/classes/class[@source='gest.intervention.Intervention']/field[@source='mCarteAppel']
class-field,gest.intervention.Intervention,mCauseIncendie,causeIncendie,causeIncendie,,high,,,,/classes/class[@source='gest.intervention.Intervention']/field[@source='mCauseIncendie']
class-field,gest.intervention.Intervention,mChronologie,chronologie,chronologie,,high,,,,/classes/class[@source='gest.intervention.Intervention']/field[@source='mChronologie']
class-field,gest.intervention.Intervention,mCompteRendu,compteRendu,compteRendu,,high,,,,/classes/class[@source='gest.intervention.Intervention']/field[@source='mCompteRendu']
class-field,gest.intervention.Intervention,mCompteRenduRaoEditable,compteRenduRaoEditable,compteRenduRaoEditable,Rao,review-needed,,,,/classes/class[@source='gest.intervention.Intervention']/field[@source='mCompteRenduRaoEditable']
class-field,gest.intervention.Intervention,mCoutTotal,coutTotal,coutTotal,cout,review-needed,,,,/classes/class[@source='gest.intervention.Intervention']/field[@source='mCoutTotal']
class-field,gest.intervention.Intervention,mCroquis,croquis,croquis,,high,,,,/classes/class[@source='gest.intervention.Intervention']/field[@source='mCroquis']
class-field,gest.intervention.Intervention,mDemanderActualiserCarteAppel,demanderActualiserCarteAppel,demanderActualiserCarteAppel,,high,,,,/classes/class[@source='gest.intervention.Intervention']/field[@source='mDemanderActualiserCarteAppel']
class-field,gest.intervention.Intervention,mDescBatiment,descriptionBatiment,descriptionBatiment,,high,,,,/classes/class[@source='gest.intervention.Intervention']/field[@source='mDescBatiment']
class-field,gest.intervention.Intervention,mDossPrevAValiderPourSub,dossierAdresseAValiderPourSub,dossierAdresseAValiderPourSub,A|Pour|Sub,review-needed,,,,/classes/class[@source='gest.intervention.Intervention']/field[@source='mDossPrevAValiderPourSub']
class-field,gest.intervention.Intervention,mEnquete,enquete,enquete,,high,,,,/classes/class[@source='gest.intervention.Intervention']/field[@source='mEnquete']
class-field,gest.intervention.Intervention,mEquipement,equipement,equipement,,high,,,,/classes/class[@source='gest.intervention.Intervention']/field[@source='mEquipement']
class-field,gest.intervention.Intervention,mGenererDSI2003,genererDSI2003,genererDsi2003,DSI|2003,review-needed,,,,/classes/class[@source='gest.intervention.Intervention']/field[@source='mGenererDSI2003']
class-field,gest.intervention.Intervention,mIdentJour,identJour,identJour,Jour,review-needed,,,,/classes/class[@source='gest.intervention.Intervention']/field[@source='mIdentJour']
class-field,gest.intervention.Intervention,mIntervFeuExterieur,interventionFeuExterieur,interventionFeuExterieur,Feu,review-needed,,,,/classes/class[@source='gest.intervention.Intervention']/field[@source='mIntervFeuExterieur']
class-field,gest.intervention.Intervention,mIntervMemoFacturation,interventionMemoFacturation,interventionMemoFacturation,Memo,review-needed,,,,/classes/class[@source='gest.intervention.Intervention']/field[@source='mIntervMemoFacturation']
class-field,gest.intervention.Intervention,mIntervPerteIndirecte,interventionPerteIndirecte,interventionPerteIndirecte,,high,,,,/classes/class[@source='gest.intervention.Intervention']/field[@source='mIntervPerteIndirecte']
class-field,gest.intervention.Intervention,mIntervenant,intervenant,intervenant,,high,,,,/classes/class[@source='gest.intervention.Intervention']/field[@source='mIntervenant']
class-field,gest.intervention.Intervention,mLieu,lieu,lieu,lieu,review-needed,,,,/classes/class[@source='gest.intervention.Intervention']/field[@source='mLieu']
class-field,gest.intervention.Intervention,mLieuArrond,lieuArrond,lieuArrond,lieu,review-needed,,,,/classes/class[@source='gest.intervention.Intervention']/field[@source='mLieuArrond']
class-field,gest.intervention.Intervention,mLieuCodeGeo,lieuCodeGeo,lieuCodeGeo,lieu|Code|Geo,review-needed,,,,/classes/class[@source='gest.intervention.Intervention']/field[@source='mLieuCodeGeo']
class-field,gest.intervention.Intervention,mLieuCodePost,lieuCodePost,lieuCodePost,lieu|Code|Post,review-needed,,,,/classes/class[@source='gest.intervention.Intervention']/field[@source='mLieuCodePost']
class-field,gest.intervention.Intervention,mLieuInterv,lieuInterv,lieuIntervention,lieu,review-needed,,,,/classes/class[@source='gest.intervention.Intervention']/field[@source='mLieuInterv']
class-field,gest.intervention.Intervention,mLieuSecteur,lieuSecteur,lieuSecteur,lieu,review-needed,,,,/classes/class[@source='gest.intervention.Intervention']/field[@source='mLieuSecteur']
class-field,gest.intervention.Intervention,mNumActivite,numeroActivite,numeroActivite,,high,,,,/classes/class[@source='gest.intervention.Intervention']/field[@source='mNumActivite']
class-field,gest.intervention.Intervention,mNumConfirmDSI2003,numeroConfirmationDSI2003,numeroConfirmationDsi2003,DSI|2003,review-needed,,,,/classes/class[@source='gest.intervention.Intervention']/field[@source='mNumConfirmDSI2003']
class-field,gest.intervention.Intervention,mNumDossierEntraide,numeroDossierEntraide,numeroDossierEntraide,,high,,,,/classes/class[@source='gest.intervention.Intervention']/field[@source='mNumDossierEntraide']
class-field,gest.intervention.Intervention,mNumDossierMemeInterv,numeroDossierMemeInterv,numeroDossierMemeIntervention,Meme,review-needed,,,,/classes/class[@source='gest.intervention.Intervention']/field[@source='mNumDossierMemeInterv']
class-field,gest.intervention.Intervention,mPhotoSaisie,photoSaisie,photoSaisie,,high,,,,/classes/class[@source='gest.intervention.Intervention']/field[@source='mPhotoSaisie']
class-field,gest.intervention.Intervention,mPrevention,prevention,prevention,,high,,,,/classes/class[@source='gest.intervention.Intervention']/field[@source='mPrevention']
class-field,gest.intervention.Intervention,mRemiseProp,remisePropriete,remisePropriete,,high,,,,/classes/class[@source='gest.intervention.Intervention']/field[@source='mRemiseProp']
class-field,gest.intervention.Intervention,mRepondant,repondant,repondant,,high,,,,/classes/class[@source='gest.intervention.Intervention']/field[@source='mRepondant']
class-field,gest.intervention.Intervention,mStatut,statut,statut,,high,,,,/classes/class[@source='gest.intervention.Intervention']/field[@source='mStatut']
class-field,gest.intervention.Intervention,mTemperature,temperature,temperature,,high,,,,/classes/class[@source='gest.intervention.Intervention']/field[@source='mTemperature']
class-field,gest.intervention.Intervention,mTypeEvenement,typeEvenement,typeEvenement,type,review-needed,,,,/classes/class[@source='gest.intervention.Intervention']/field[@source='mTypeEvenement']
class-field,gest.intervention.Intervention,mUtiliseCarteAppel,utiliseCarteAppel,utiliseCarteAppel,,high,,,,/classes/class[@source='gest.intervention.Intervention']/field[@source='mUtiliseCarteAppel']
class-field,gest.intervention.Intervention,mVectCarteAppelRenfort,listeCarteAppelRenfort,listeCarteAppelRenfort,,high,,,,/classes/class[@source='gest.intervention.Intervention']/field[@source='mVectCarteAppelRenfort']
class-field,gest.intervention.Intervention,mVectEtape,listeEtape,listeEtape,,high,,,,/classes/class[@source='gest.intervention.Intervention']/field[@source='mVectEtape']
class-field,gest.intervention.Intervention,mVectHistoActivite,listeHistoActivite,listeHistoActivite,,high,,,,/classes/class[@source='gest.intervention.Intervention']/field[@source='mVectHistoActivite']
class-field,gest.intervention.Intervention,mVectIntervAutreBatiment,listeIntervAutreBatiment,listeInterventionAutreBatiment,,high,,,,/classes/class[@source='gest.intervention.Intervention']/field[@source='mVectIntervAutreBatiment']
class-field,gest.intervention.Intervention,mVectIntervVehicule,listeIntervVehicule,listeInterventionVehicule,,high,,,,/classes/class[@source='gest.intervention.Intervention']/field[@source='mVectIntervVehicule']
class-field,gest.intervention.Intervention,mVectSuiviIntervention,listeSuiviIntervention,listeSuiviIntervention,,high,,,,/classes/class[@source='gest.intervention.Intervention']/field[@source='mVectSuiviIntervention']
class-field,gest.intervention.Intervention,mVectTabsStates,listeEtatOnglet,listeEtatOnglet,Etat,review-needed,,,,/classes/class[@source='gest.intervention.Intervention']/field[@source='mVectTabsStates']
class-field,gest.intervention.Intervention,mVieHumaine,vieHumaine,vieHumaine,vie,review-needed,,,,/classes/class[@source='gest.intervention.Intervention']/field[@source='mVieHumaine']
class-field,gest.intervention.Intervention,@mVectRapportOfficier,listeRapportOfficier,listeRapportOfficier,,high,,,,/classes/class[@source='gest.intervention.Intervention']/field[@source='@mVectRapportOfficier']
class-field,gest.intervention.Intervention,mVille,ville,ville,,high,,,,/classes/class[@source='gest.intervention.Intervention']/field[@source='mVille']
class-field,gest.intervention.Intervention,mIDAssigneA,idAssigneA,idAssigneA,A,review-needed,,,,/classes/class[@source='gest.intervention.Intervention']/field[@source='mIDAssigneA']
class-field,gest.intervention.Intervention,mIDAuteur,idAuteur,idAuteur,,high,,,,/classes/class[@source='gest.intervention.Intervention']/field[@source='mIDAuteur']
class-field,gest.intervention.Intervention,mIDCodeAppel,idCodeAppel,idCodeAppel,Code,review-needed,,,,/classes/class[@source='gest.intervention.Intervention']/field[@source='mIDCodeAppel']
class-field,gest.intervention.Intervention,mIDCodeAppelInitial,idCodeAppelInitial,idCodeAppelInitial,Code,review-needed,,,,/classes/class[@source='gest.intervention.Intervention']/field[@source='mIDCodeAppelInitial']
class-field,gest.intervention.Intervention,mIDFichAS805,idFichAS805,idFichAs805,Fich|AS|805,review-needed,,,,/classes/class[@source='gest.intervention.Intervention']/field[@source='mIDFichAS805']
class-field,gest.intervention.Intervention,mIDResponsable,idResponsable,idResponsable,,high,,,,/classes/class[@source='gest.intervention.Intervention']/field[@source='mIDResponsable']
class-field,gest.intervention.MemoFactDetail,mCodeProduit,codeProduit,codeProduit,code,review-needed,,,,/classes/class[@source='gest.intervention.MemoFactDetail']/field[@source='mCodeProduit']
class-field,gest.intervention.MemoFactDetail,mPosteBud,posteBud,posteBud,Bud,review-needed,,,,/classes/class[@source='gest.intervention.MemoFactDetail']/field[@source='mPosteBud']
class-field,gest.intervention.MemoFactDetail,mPrixUnitaire,prixUnitaire,prixUnitaire,prix,review-needed,,,,/classes/class[@source='gest.intervention.MemoFactDetail']/field[@source='mPrixUnitaire']
class-field,gest.intervention.MemoFactDetail,mQte,qte,quantite,,high,,,,/classes/class[@source='gest.intervention.MemoFactDetail']/field[@source='mQte']
class-field,gest.intervention.MemoFactDetail,mUniteMes,uniteMes,uniteMes,Mes,review-needed,,,,/classes/class[@source='gest.intervention.MemoFactDetail']/field[@source='mUniteMes']
class-field,gest.intervention.MemoFacturation,mDernExport,dernExport,dernExport,dern,review-needed,,,,/classes/class[@source='gest.intervention.MemoFacturation']/field[@source='mDernExport']
class-field,gest.intervention.MemoFacturation,mFactureAdresse,factureAdresse,factureAdresse,,high,,,,/classes/class[@source='gest.intervention.MemoFacturation']/field[@source='mFactureAdresse']
class-field,gest.intervention.MemoFacturation,mFactureDate,factureDate,factureDate,Date,review-needed,,,,/classes/class[@source='gest.intervention.MemoFacturation']/field[@source='mFactureDate']
class-field,gest.intervention.MemoFacturation,mFactureNom,factureNom,factureNom,Nom,review-needed,,,,/classes/class[@source='gest.intervention.MemoFacturation']/field[@source='mFactureNom']
class-field,gest.intervention.MemoFacturation,mFactureNum,factureNum,factureNumero,,high,,,,/classes/class[@source='gest.intervention.MemoFacturation']/field[@source='mFactureNum']
class-field,gest.intervention.MemoFacturation,mFactureNumClient,factureNumClient,factureNumeroClient,,high,,,,/classes/class[@source='gest.intervention.MemoFacturation']/field[@source='mFactureNumClient']
class-field,gest.intervention.MemoFacturation,mNumMemo,numMemo,numeroMemo,Memo,review-needed,,,,/classes/class[@source='gest.intervention.MemoFacturation']/field[@source='mNumMemo']
class-field,gest.intervention.MemoFacturation,mServDateDebut,servDateDebut,servDateDebut,serv|Date,review-needed,,,,/classes/class[@source='gest.intervention.MemoFacturation']/field[@source='mServDateDebut']
class-field,gest.intervention.MemoFacturation,mServDateFin,servDateFin,servDateFin,serv|Date,review-needed,,,,/classes/class[@source='gest.intervention.MemoFacturation']/field[@source='mServDateFin']
class-field,gest.intervention.MemoFacturation,mVectMemoFactDetail,listeMemoFactDetail,listeMemoFactDetail,Memo|Fact,review-needed,,,,/classes/class[@source='gest.intervention.MemoFacturation']/field[@source='mVectMemoFactDetail']
class-field,gest.intervention.MemoFacturation,mIDIntervention,idIntervention,idIntervention,,high,,,,/classes/class[@source='gest.intervention.MemoFacturation']/field[@source='mIDIntervention']
class-field,gest.intervention.ParamCarteAppel,mChampDeduitPremInterv,champDeduitPremInterv,champDeduitPremIntervention,Prem,review-needed,,,,/classes/class[@source='gest.intervention.ParamCarteAppel']/field[@source='mChampDeduitPremInterv']
class-field,gest.intervention.ParamCarteAppel,mCodeService,codeService,codeService,code,review-needed,,,,/classes/class[@source='gest.intervention.ParamCarteAppel']/field[@source='mCodeService']
class-field,gest.intervention.ParamCarteAppel,mConfirmReimportSiCarteAppelModif,confirmReimportSiCarteAppelModif,confirmReimportSiCarteAppelModif,Si,review-needed,,,,/classes/class[@source='gest.intervention.ParamCarteAppel']/field[@source='mConfirmReimportSiCarteAppelModif']
class-field,gest.intervention.ParamCarteAppel,mImporterNumActivite,importerNumActivite,importerNumeroActivite,,high,,,,/classes/class[@source='gest.intervention.ParamCarteAppel']/field[@source='mImporterNumActivite']
class-field,gest.intervention.ParamCarteAppel,mNbrMinutesDeduitPremInterv,nbrMinutesDeduitPremInterv,nombreMinutesDeduitPremIntervention,Prem,review-needed,,,,/classes/class[@source='gest.intervention.ParamCarteAppel']/field[@source='mNbrMinutesDeduitPremInterv']
class-field,gest.intervention.ParamCarteAppel,mNbrMinutesDelai,nbrMinutesDelai,nombreMinutesDelai,,high,,,,/classes/class[@source='gest.intervention.ParamCarteAppel']/field[@source='mNbrMinutesDelai']
class-field,gest.intervention.ParamCarteAppel,mPassword,password,password,,high,,,,/classes/class[@source='gest.intervention.ParamCarteAppel']/field[@source='mPassword']
class-field,gest.intervention.ParamCarteAppel,mRAO,rao,rao,rao,review-needed,,,,/classes/class[@source='gest.intervention.ParamCarteAppel']/field[@source='mRAO']
class-field,gest.intervention.ParamCarteAppel,mVectNValRempl,listeNValRempl,listeNValeurRempl,N,review-needed,,,,/classes/class[@source='gest.intervention.ParamCarteAppel']/field[@source='mVectNValRempl']
class-field,gest.intervention.ParamCarteAppel$NValRempl,iVal,val,valeur,,high,,,,/classes/class[@source='gest.intervention.ParamCarteAppel$NValRempl']/field[@source='iVal']
class-field,gest.intervention.ParamCarteAppel$NValRempl,iRempl,rempl,rempl,,high,,,,/classes/class[@source='gest.intervention.ParamCarteAppel$NValRempl']/field[@source='iRempl']
class-field,gest.intervention.ParamIntervDSI2003,mAffArronConformesSeulementDansDSI,affArronConformesSeulementDansDSI,affArronConformesSeulementDansDsi,aff|Dans|DSI,review-needed,,,,/classes/class[@source='gest.intervention.ParamIntervDSI2003']/field[@source='mAffArronConformesSeulementDansDSI']
class-field,gest.intervention.ParamIntervDSI2003,mAffArronDansDSI,affArronDansDSI,affArronDansDsi,aff|Dans|DSI,review-needed,,,,/classes/class[@source='gest.intervention.ParamIntervDSI2003']/field[@source='mAffArronDansDSI']
class-field,gest.intervention.ParamIntervDSI2003,mCourrielDSI2003,courrielDSI2003,courrielDsi2003,DSI|2003,review-needed,,,,/classes/class[@source='gest.intervention.ParamIntervDSI2003']/field[@source='mCourrielDSI2003']
class-field,gest.intervention.ParamIntervDSI2003,mMoyenTrans,moyenTrans,moyenTrans,,high,,,,/classes/class[@source='gest.intervention.ParamIntervDSI2003']/field[@source='mMoyenTrans']
class-field,gest.intervention.ParamIntervDSI2003,mTypeEnvoiDSI2003,typeEnvoiDSI2003,typeEnvoiDsi2003,type|DSI|2003,review-needed,,,,/classes/class[@source='gest.intervention.ParamIntervDSI2003']/field[@source='mTypeEnvoiDSI2003']
class-field,gest.intervention.ParamIntervDSI2003,mCodeUtilDSI2003,codeUtilDSI2003,codeUtilDsi2003,code|Util|DSI|2003,review-needed,,,,/classes/class[@source='gest.intervention.ParamIntervDSI2003']/field[@source='mCodeUtilDSI2003']
class-field,gest.intervention.ParamIntervDSI2003,mMotPasseDSI2003,motPasseDSI2003,motPasseDsi2003,mot|DSI|2003,review-needed,,,,/classes/class[@source='gest.intervention.ParamIntervDSI2003']/field[@source='mMotPasseDSI2003']
class-field,gest.intervention.ParamIntervention,mAddCompteRenduFirstRapportOnly,addCompteRenduFirstRapportOnly,addCompteRenduFirstRapportOnly,add|Only,review-needed,,,,/classes/class[@source='gest.intervention.ParamIntervention']/field[@source='mAddCompteRenduFirstRapportOnly']
class-field,gest.intervention.ParamIntervention,mAffArronDansDSI,affArronDansDSI,affArronDansDsi,aff|Dans|DSI,review-needed,,,,/classes/class[@source='gest.intervention.ParamIntervention']/field[@source='mAffArronDansDSI']
class-field,gest.intervention.ParamIntervention,mAjoutSeparateur,ajoutSeparateur,ajoutSeparateur,,high,,,,/classes/class[@source='gest.intervention.ParamIntervention']/field[@source='mAjoutSeparateur']
class-field,gest.intervention.ParamIntervention,mArrondirSecondes,arrondirSecondes,arrondirSecondes,,high,,,,/classes/class[@source='gest.intervention.ParamIntervention']/field[@source='mArrondirSecondes']
class-field,gest.intervention.ParamIntervention,mAutoCompleteOnglets,autoCompleteOnglets,automatiqueCompleteOnglets,,high,,,,/classes/class[@source='gest.intervention.ParamIntervention']/field[@source='mAutoCompleteOnglets']
class-field,gest.intervention.ParamIntervention,mCodeUtilDSI2003,codeUtilDSI2003,codeUtilDsi2003,code|Util|DSI|2003,review-needed,,,,/classes/class[@source='gest.intervention.ParamIntervention']/field[@source='mCodeUtilDSI2003']
class-field,gest.intervention.ParamIntervention,mCompteRenduDefaut,compteRenduDefaut,compteRenduDefaut,,high,,,,/classes/class[@source='gest.intervention.ParamIntervention']/field[@source='mCompteRenduDefaut']
class-field,gest.intervention.ParamIntervention,mConfigCompressionImages,configCompressionImages,configCompressionImages,,high,,,,/classes/class[@source='gest.intervention.ParamIntervention']/field[@source='mConfigCompressionImages']
class-field,gest.intervention.ParamIntervention,mCourrielDSI2003,courrielDSI2003,courrielDsi2003,DSI|2003,review-needed,,,,/classes/class[@source='gest.intervention.ParamIntervention']/field[@source='mCourrielDSI2003']
class-field,gest.intervention.ParamIntervention,mCourrielSAAQ,courrielSAAQ,courrielSaaq,SAAQ,review-needed,,,,/classes/class[@source='gest.intervention.ParamIntervention']/field[@source='mCourrielSAAQ']
class-field,gest.intervention.ParamIntervention,mEmployeLibere,employeLibere,employeLibere,,high,,,,/classes/class[@source='gest.intervention.ParamIntervention']/field[@source='mEmployeLibere']
class-field,gest.intervention.ParamIntervention,mEquipeGeneralePresente,equipeGeneralePresente,equipeGeneralePresente,,high,,,,/classes/class[@source='gest.intervention.ParamIntervention']/field[@source='mEquipeGeneralePresente']
class-field,gest.intervention.ParamIntervention,mMntBaseSAAQ,mntBaseSAAQ,mntBaseSaaq,mnt|Base|SAAQ,review-needed,,,,/classes/class[@source='gest.intervention.ParamIntervention']/field[@source='mMntBaseSAAQ']
class-field,gest.intervention.ParamIntervention,mMotPasseDSI2003,motPasseDSI2003,motPasseDsi2003,mot|DSI|2003,review-needed,,,,/classes/class[@source='gest.intervention.ParamIntervention']/field[@source='mMotPasseDSI2003']
class-field,gest.intervention.ParamIntervention,mMoyenTrans,moyenTrans,moyenTrans,,high,,,,/classes/class[@source='gest.intervention.ParamIntervention']/field[@source='mMoyenTrans']
class-field,gest.intervention.ParamIntervention,mNumDossPoliceDefaut,numDossPoliceDefaut,numeroDossPoliceDefaut,Doss,review-needed,,,,/classes/class[@source='gest.intervention.ParamIntervention']/field[@source='mNumDossPoliceDefaut']
class-field,gest.intervention.ParamIntervention,mStrategieNumerotationActivite,strategieNumerotationActivite,strategieNumerotationActivite,,high,,,,/classes/class[@source='gest.intervention.ParamIntervention']/field[@source='mStrategieNumerotationActivite']
class-field,gest.intervention.ParamIntervention,mTypeEnvoiDSI2003,typeEnvoiDSI2003,typeEnvoiDsi2003,type|DSI|2003,review-needed,,,,/classes/class[@source='gest.intervention.ParamIntervention']/field[@source='mTypeEnvoiDSI2003']
class-field,gest.intervention.ParamIntervention,mVectCausesProbables,listeCausesProbables,listeCausesProbables,,high,,,,/classes/class[@source='gest.intervention.ParamIntervention']/field[@source='mVectCausesProbables']
class-field,gest.intervention.ParamIntervention,mVectCompteursParCodesAppel,listeCompteursParCodesAppel,listeCompteursParCodesAppel,Par,review-needed,,,,/classes/class[@source='gest.intervention.ParamIntervention']/field[@source='mVectCompteursParCodesAppel']
class-field,gest.intervention.ParamIntervention,mVectFournSAAQ,listeFournSAAQ,listeFournSaaq,SAAQ,review-needed,,,,/classes/class[@source='gest.intervention.ParamIntervention']/field[@source='mVectFournSAAQ']
class-field,gest.intervention.ParamIntervention$NCompteurParCodeAppel,mSubPrefixe,subPrefixe,subPrefixe,sub,review-needed,,,,/classes/class[@source='gest.intervention.ParamIntervention$NCompteurParCodeAppel']/field[@source='mSubPrefixe']
class-field,gest.intervention.ParamIntervention$NCompteurParCodeAppel,mVectIDCodeAppel2,listeIDCodeAppel,listeIdCodeAppel,Code,review-needed,,,,/classes/class[@source='gest.intervention.ParamIntervention$NCompteurParCodeAppel']/field[@source='mVectIDCodeAppel2']
class-field,gest.intervention.ParamMemoFacturation,mExportActif,exportActif,exportActif,,high,,,,/classes/class[@source='gest.intervention.ParamMemoFacturation']/field[@source='mExportActif']
class-field,gest.intervention.ParamMemoFacturation,mFormatExport,formatExport,formatExport,,high,,,,/classes/class[@source='gest.intervention.ParamMemoFacturation']/field[@source='mFormatExport']
class-field,gest.intervention.ParamMemoFacturation,mFormatNumClient,formatNumClient,formatNumeroClient,,high,,,,/classes/class[@source='gest.intervention.ParamMemoFacturation']/field[@source='mFormatNumClient']
class-field,gest.intervention.ParamMemoFacturation,mPosteBudDefaut,posteBudDefaut,posteBudDefaut,Bud,review-needed,,,,/classes/class[@source='gest.intervention.ParamMemoFacturation']/field[@source='mPosteBudDefaut']
class-field,gest.intervention.ParamMemoFacturation,mRepert,repert,repert,,high,,,,/classes/class[@source='gest.intervention.ParamMemoFacturation']/field[@source='mRepert']
class-field,gest.intervention.ParamMemoFacturation,mSaveOnServer,saveOnServer,saveOnServer,save|On,review-needed,,,,/classes/class[@source='gest.intervention.ParamMemoFacturation']/field[@source='mSaveOnServer']
class-field,gest.intervention.ParamMemoFacturation,mUniteQte,uniteQte,uniteQuantite,,high,,,,/classes/class[@source='gest.intervention.ParamMemoFacturation']/field[@source='mUniteQte']
class-field,gest.intervention.ParamViewer,mAdresseRAO,adresseRAO,adresseRao,RAO,review-needed,,,,/classes/class[@source='gest.intervention.ParamViewer']/field[@source='mAdresseRAO']
class-field,gest.intervention.ParamViewer,mNomRAO,nomRAO,nomRao,nom|RAO,review-needed,,,,/classes/class[@source='gest.intervention.ParamViewer']/field[@source='mNomRAO']
class-field,gest.intervention.ParamViewer,mVehRegEx,vehRegEx,vehRegEx,veh|Reg|Ex,review-needed,,,,/classes/class[@source='gest.intervention.ParamViewer']/field[@source='mVehRegEx']
class-field,gest.intervention.ParamViewer,mIDExport,idExport,idExport,,high,,,,/classes/class[@source='gest.intervention.ParamViewer']/field[@source='mIDExport']
class-field,gest.intervention.ParamViewer,mIDLogoRAO,idLogoRAO,idLogoRao,Logo|RAO,review-needed,,,,/classes/class[@source='gest.intervention.ParamViewer']/field[@source='mIDLogoRAO']
class-field,gest.intervention.RapportOfficier,mCompteRendu,compteRendu,compteRendu,,high,,,,/classes/class[@source='gest.intervention.RapportOfficier']/field[@source='mCompteRendu']
class-field,gest.intervention.RapportOfficier,mRole,role,role,role,review-needed,,,,/classes/class[@source='gest.intervention.RapportOfficier']/field[@source='mRole']
class-field,gest.intervention.RapportOfficier,mSecteur,secteur,secteur,,high,,,,/classes/class[@source='gest.intervention.RapportOfficier']/field[@source='mSecteur']
class-field,gest.intervention.RapportOfficier,mIDCroquis,idCroquis,idCroquis,,high,,,,/classes/class[@source='gest.intervention.RapportOfficier']/field[@source='mIDCroquis']
class-field,gest.intervention.RapportOfficier,mIDEmploye,idEmploye,idEmploye,,high,,,,/classes/class[@source='gest.intervention.RapportOfficier']/field[@source='mIDEmploye']
class-field,gest.intervention.RapportOfficier,mIDIntervention,idIntervention,idIntervention,,high,,,,/classes/class[@source='gest.intervention.RapportOfficier']/field[@source='mIDIntervention']
class-field,gest.intervention.SuiviIntervention,mAspectAClarifier,aspectAClarifier,aspectAClarifier,A,review-needed,,,,/classes/class[@source='gest.intervention.SuiviIntervention']/field[@source='mAspectAClarifier']
class-field,gest.intervention.SuiviIntervention,mBudget,budget,budget,,high,,,,/classes/class[@source='gest.intervention.SuiviIntervention']/field[@source='mBudget']
class-field,gest.intervention.SuiviIntervention,mEcheance,echeance,echeance,,high,,,,/classes/class[@source='gest.intervention.SuiviIntervention']/field[@source='mEcheance']
class-field,gest.intervention.SuiviIntervention,mEtape,etape,etape,,high,,,,/classes/class[@source='gest.intervention.SuiviIntervention']/field[@source='mEtape']
class-field,gest.intervention.SuiviIntervention,mPointFaible,pointFaible,pointFaible,,high,,,,/classes/class[@source='gest.intervention.SuiviIntervention']/field[@source='mPointFaible']
class-field,gest.intervention.SuiviIntervention,mPointFort,pointFort,pointFort,Fort,review-needed,,,,/classes/class[@source='gest.intervention.SuiviIntervention']/field[@source='mPointFort']
class-field,gest.intervention.SuiviIntervention,mRecommandation,recommandation,recommandation,,high,,,,/classes/class[@source='gest.intervention.SuiviIntervention']/field[@source='mRecommandation']
class-field,gest.intervention.SuiviIntervention,mIDResponsable,idResponsable,idResponsable,,high,,,,/classes/class[@source='gest.intervention.SuiviIntervention']/field[@source='mIDResponsable']
class-field,gest.licence.Licence,mAdresseFact,adresseFact,adresseFact,Fact,review-needed,,,,/classes/class[@source='gest.licence.Licence']/field[@source='mAdresseFact']
class-field,gest.licence.Licence,mBloque,bloque,bloque,,high,,,,/classes/class[@source='gest.licence.Licence']/field[@source='mBloque']
class-field,gest.licence.Licence,mCodeGeo,codeGeo,codeGeo,code|Geo,review-needed,,,,/classes/class[@source='gest.licence.Licence']/field[@source='mCodeGeo']
class-field,gest.licence.Licence,mDBJPA,dBJPA,dBjpa,d|BJPA,review-needed,,,,/classes/class[@source='gest.licence.Licence']/field[@source='mDBJPA']
class-field,gest.licence.Licence,mDateFinEval,dateFinEval,dateFinEval,date|Eval,review-needed,,,,/classes/class[@source='gest.licence.Licence']/field[@source='mDateFinEval']
class-field,gest.licence.Licence,mDatePasCEDepuis,datePasCEDepuis,datePasCeDepuis,date|Pas|CE,review-needed,,,,/classes/class[@source='gest.licence.Licence']/field[@source='mDatePasCEDepuis']
class-field,gest.licence.Licence,mNbrDossPrev,nbrDossPrev,nombreDossPrevision,Doss,review-needed,,,,/classes/class[@source='gest.licence.Licence']/field[@source='mNbrDossPrev']
class-field,gest.licence.Licence,mNbrLicConcur,nbrLicConcur,nombreLicConcur,Lic,review-needed,,,,/classes/class[@source='gest.licence.Licence']/field[@source='mNbrLicConcur']
class-field,gest.licence.Licence,mNbrLicDedie,nbrLicDedie,nombreLicDedie,Lic,review-needed,,,,/classes/class[@source='gest.licence.Licence']/field[@source='mNbrLicDedie']
class-field,gest.licence.Licence,mNbrPosteMobile,nbrPosteMobile,nombrePosteMobile,,high,,,,/classes/class[@source='gest.licence.Licence']/field[@source='mNbrPosteMobile']
class-field,gest.licence.Licence,mNbrSSIMulti,nbrSSIMulti,nombreSsiMulti,SSI,review-needed,,,,/classes/class[@source='gest.licence.Licence']/field[@source='mNbrSSIMulti']
class-field,gest.licence.Licence,mPasCE,pasCE,pasCe,pas|CE,review-needed,,,,/classes/class[@source='gest.licence.Licence']/field[@source='mPasCE']
class-field,gest.licence.Licence,mTypeLicence,typeLicence,typeLicence,type,review-needed,,,,/classes/class[@source='gest.licence.Licence']/field[@source='mTypeLicence']
class-field,gest.licence.Licence,mVectModule,listeModule,listeModule,,high,,,,/classes/class[@source='gest.licence.Licence']/field[@source='mVectModule']
class-field,gest.licence.Licence,mVectOption,listeOption,listeOption,,high,,,,/classes/class[@source='gest.licence.Licence']/field[@source='mVectOption']
class-field,gest.listePerso.FormatDonnee,mClasseAssocieeSelonRenderer,classeAssocieeSelonRenderer,classeAssocieeSelonRenderer,,high,,,,/classes/class[@source='gest.listePerso.FormatDonnee']/field[@source='mClasseAssocieeSelonRenderer']
class-field,gest.listePerso.FormatDonnee,mClasseDonneeReelle,classeDonneeReelle,classeDonneeReelle,,high,,,,/classes/class[@source='gest.listePerso.FormatDonnee']/field[@source='mClasseDonneeReelle']
class-field,gest.listePerso.FormatDonnee,mClasseDonneeReellePrimarisee,classeDonneeReellePrimarisee,classeDonneeReellePrimarisee,,high,,,,/classes/class[@source='gest.listePerso.FormatDonnee']/field[@source='mClasseDonneeReellePrimarisee']
class-field,gest.listePerso.FormatDonnee,mClasseDonneeRendue,classeDonneeRendue,classeDonneeRendue,,high,,,,/classes/class[@source='gest.listePerso.FormatDonnee']/field[@source='mClasseDonneeRendue']
class-field,gest.listePerso.FormatDonnee,mClassePourPasserAJasper,classePourPasserAJasper,classePourPasserAJasper,Pour|A,review-needed,,,,/classes/class[@source='gest.listePerso.FormatDonnee']/field[@source='mClassePourPasserAJasper']
class-field,gest.listePerso.FormatDonnee,mClasseSelonEnteteTable,classeSelonEnteteTable,classeSelonEnteteTable,,high,,,,/classes/class[@source='gest.listePerso.FormatDonnee']/field[@source='mClasseSelonEnteteTable']
class-field,gest.listePerso.FormatDonnee,mClasseSelonRenderer,classeSelonRenderer,classeSelonRenderer,,high,,,,/classes/class[@source='gest.listePerso.FormatDonnee']/field[@source='mClasseSelonRenderer']
class-field,gest.listePerso.FormatDonnee,mNomChampRequeteAssocieeSelonRenderer,nomChampRequeteAssocieeSelonRenderer,nomChampRequeteAssocieeSelonRenderer,nom,review-needed,,,,/classes/class[@source='gest.listePerso.FormatDonnee']/field[@source='mNomChampRequeteAssocieeSelonRenderer']
class-field,gest.listePerso.FormatDonnee,mNomClasseDuRenderer,nomClasseDuRenderer,nomClasseDuRenderer,nom|Du,review-needed,,,,/classes/class[@source='gest.listePerso.FormatDonnee']/field[@source='mNomClasseDuRenderer']
class-field,gest.listePerso.FormatDonnee,mPatternDonneeDuRenderer,patternDonneeDuRenderer,patternDonneeDuRenderer,Du,review-needed,,,,/classes/class[@source='gest.listePerso.FormatDonnee']/field[@source='mPatternDonneeDuRenderer']
class-field,gest.listePerso.FormatDonnee,mPremiereValeurReelle,premiereValeurReelle,premiereValeurReelle,,high,,,,/classes/class[@source='gest.listePerso.FormatDonnee']/field[@source='mPremiereValeurReelle']
class-field,gest.listePerso.FormatDonnee,mPremiereValeurRendue,premiereValeurRendue,premiereValeurRendue,,high,,,,/classes/class[@source='gest.listePerso.FormatDonnee']/field[@source='mPremiereValeurRendue']
class-field,gest.listePerso.FormatDonnee,mTraceFormattage,traceFormattage,traceFormattage,,high,,,,/classes/class[@source='gest.listePerso.FormatDonnee']/field[@source='mTraceFormattage']
class-field,gest.listePerso.FormatDonnee,mValeurParDefaut,valeurParDefaut,valeurParDefaut,Par,review-needed,,,,/classes/class[@source='gest.listePerso.FormatDonnee']/field[@source='mValeurParDefaut']
class-field,gest.listePerso.ListePerso,mFormatPapier,formatPapier,formatPapier,,high,,,,/classes/class[@source='gest.listePerso.ListePerso']/field[@source='mFormatPapier']
class-field,gest.listePerso.ListePerso,mIDRapportExpert,idRapportExpert,idRapportExpert,,high,,,,/classes/class[@source='gest.listePerso.ListePerso']/field[@source='mIDRapportExpert']
class-field,gest.listePerso.ListePerso,mIdentHJTable,identHJTable,identHjTable,HJ,review-needed,,,,/classes/class[@source='gest.listePerso.ListePerso']/field[@source='mIdentHJTable']
class-field,gest.listePerso.ListePerso,mModeRapport,modeRapport,modeRapport,mode,review-needed,,,,/classes/class[@source='gest.listePerso.ListePerso']/field[@source='mModeRapport']
class-field,gest.listePerso.ListePerso,mOrientation,orientation,orientation,,high,,,,/classes/class[@source='gest.listePerso.ListePerso']/field[@source='mOrientation']
class-field,gest.listePerso.ListePerso,mTitre1,titre1,titre1,,high,,,,/classes/class[@source='gest.listePerso.ListePerso']/field[@source='mTitre1']
class-field,gest.listePerso.ListePerso,mTitre2,titre2,titre2,,high,,,,/classes/class[@source='gest.listePerso.ListePerso']/field[@source='mTitre2']
class-field,gest.listePerso.ListePerso,mVectNCol,listeNCol,listeNCol,N|Col,review-needed,,,,/classes/class[@source='gest.listePerso.ListePerso']/field[@source='mVectNCol']
class-field,gest.listePerso.ListePerso,mVectNGroupe,listeNGroupe,listeNGroupe,N,review-needed,,,,/classes/class[@source='gest.listePerso.ListePerso']/field[@source='mVectNGroupe']
class-field,gest.listePerso.ListePerso,mVectNTri,listeNTri,listeNTri,N|Tri,review-needed,,,,/classes/class[@source='gest.listePerso.ListePerso']/field[@source='mVectNTri']
class-field,gest.listePerso.ListePerso$NCol,iCalculerSommaire,iCalculerSommaire,iCalculerSommaire,i,review-needed,,,,/classes/class[@source='gest.listePerso.ListePerso$NCol']/field[@source='iCalculerSommaire']
class-field,gest.listePerso.ListePerso$NCol,iFormat,iFormat,iFormat,i,review-needed,,,,/classes/class[@source='gest.listePerso.ListePerso$NCol']/field[@source='iFormat']
class-field,gest.listePerso.ListePerso$NCol,iFormatDonnee,iFormatDonnee,iFormatDonnee,i,review-needed,,,,/classes/class[@source='gest.listePerso.ListePerso$NCol']/field[@source='iFormatDonnee']
class-field,gest.listePerso.ListePerso$NCol,iLargeur,iLargeur,iLargeur,i,review-needed,,,,/classes/class[@source='gest.listePerso.ListePerso$NCol']/field[@source='iLargeur']
class-field,gest.listePerso.ListePerso$NCol,iMoyenneGlobal,iMoyenneGlobal,iMoyenneGlobal,i,review-needed,,,,/classes/class[@source='gest.listePerso.ListePerso$NCol']/field[@source='iMoyenneGlobal']
class-field,gest.listePerso.ListePerso$NCol,iMoyenneGroupe,iMoyenneGroupe,iMoyenneGroupe,i,review-needed,,,,/classes/class[@source='gest.listePerso.ListePerso$NCol']/field[@source='iMoyenneGroupe']
class-field,gest.listePerso.ListePerso$NCol,iNom,iNom,iNom,i|Nom,review-needed,,,,/classes/class[@source='gest.listePerso.ListePerso$NCol']/field[@source='iNom']
class-field,gest.listePerso.ListePerso$NCol,iTotalGlobal,iTotalGlobal,iTotalGlobal,i,review-needed,,,,/classes/class[@source='gest.listePerso.ListePerso$NCol']/field[@source='iTotalGlobal']
class-field,gest.listePerso.ListePerso$NCol,iTotalGroupe,iTotalGroupe,iTotalGroupe,i,review-needed,,,,/classes/class[@source='gest.listePerso.ListePerso$NCol']/field[@source='iTotalGroupe']
class-field,gest.listePerso.ListePerso$NGroupe,iIdentCol,iIdentCol,iIdentCol,i|Col,review-needed,,,,/classes/class[@source='gest.listePerso.ListePerso$NGroupe']/field[@source='iIdentCol']
class-field,gest.listePerso.ListePerso$NGroupe,iInclureDonnees,iInclureDonnees,iInclureDonnees,i,review-needed,,,,/classes/class[@source='gest.listePerso.ListePerso$NGroupe']/field[@source='iInclureDonnees']
class-field,gest.listePerso.ListePerso$NGroupe,iInclureToutesLesPossibilites,iInclureToutesLesPossibilites,iInclureToutesLesPossibilites,i|Les,review-needed,,,,/classes/class[@source='gest.listePerso.ListePerso$NGroupe']/field[@source='iInclureToutesLesPossibilites']
class-field,gest.listePerso.ListePerso$NGroupe,iNom,iNom,iNom,i|Nom,review-needed,,,,/classes/class[@source='gest.listePerso.ListePerso$NGroupe']/field[@source='iNom']
class-field,gest.listePerso.ListePerso$NGroupe,iProvenanceValeursPossibles,iProvenanceValeursPossibles,iProvenanceValeursPossibles,i,review-needed,,,,/classes/class[@source='gest.listePerso.ListePerso$NGroupe']/field[@source='iProvenanceValeursPossibles']
class-field,gest.listePerso.ListePerso$NGroupe,iSommaire,iSommaire,iSommaire,i,review-needed,,,,/classes/class[@source='gest.listePerso.ListePerso$NGroupe']/field[@source='iSommaire']
class-field,gest.listePerso.ListePerso$NGroupe,iVectValeursSpecifiques,iVectValeursSpecifiques,iVectValeursSpecifiques,i|Vect,review-needed,,,,/classes/class[@source='gest.listePerso.ListePerso$NGroupe']/field[@source='iVectValeursSpecifiques']
class-field,gest.listePerso.ListePerso$NGroupe,mVectValeursSpecifiquesImportesIDs,listeValeursSpecifiquesImportesIDs,listeValeursSpecifiquesImportesIDs,I|Ds,review-needed,,,,/classes/class[@source='gest.listePerso.ListePerso$NGroupe']/field[@source='mVectValeursSpecifiquesImportesIDs']
class-field,gest.listePerso.ListePerso$NTri,iNom,iNom,iNom,i|Nom,review-needed,,,,/classes/class[@source='gest.listePerso.ListePerso$NTri']/field[@source='iNom']
class-field,gest.listePerso.ListePerso$NTri,iOrdreTri,iOrdreTri,iOrdreTri,i|Tri,review-needed,,,,/classes/class[@source='gest.listePerso.ListePerso$NTri']/field[@source='iOrdreTri']
class-field,gest.maintEquip.EtatEquipement,mComport,comport,comport,,high,,,,/classes/class[@source='gest.maintEquip.EtatEquipement']/field[@source='mComport']
class-field,gest.maintEquip.EtatEquipement,mEtatSysteme,etatSysteme,etatSysteme,etat,review-needed,,,,/classes/class[@source='gest.maintEquip.EtatEquipement']/field[@source='mEtatSysteme']
class-field,gest.maintEquip.EtatEquipement,mNouvMaintSurCompleter,nouvMaintSurCompleter,nouvMaintSurCompleter,nouv|Sur,review-needed,,,,/classes/class[@source='gest.maintEquip.EtatEquipement']/field[@source='mNouvMaintSurCompleter']
class-field,gest.maintEquip.EtatEquipement,mRestrictionCompleter,restrictionCompleter,restrictionCompleter,,high,,,,/classes/class[@source='gest.maintEquip.EtatEquipement']/field[@source='mRestrictionCompleter']
class-field,gest.maintEquip.EtatEquipement,mRestrictionUtilisation,restrictionUtilisation,restrictionUtilisation,,high,,,,/classes/class[@source='gest.maintEquip.EtatEquipement']/field[@source='mRestrictionUtilisation']
class-field,gest.maintEquip.EtatEquipement,mIDTypeMaintSurNouvMaint,idTypeMaintSurNouvMaint,idTypeMaintSurNouvMaint,Type|Sur|Nouv,review-needed,,,,/classes/class[@source='gest.maintEquip.EtatEquipement']/field[@source='mIDTypeMaintSurNouvMaint']
class-field,gest.maintEquip.EtatEquipement,mVectAnnexeMaintenance,listeAnnexeMaintenance,listeAnnexeMaintenance,,high,,,,/classes/class[@source='gest.maintEquip.EtatEquipement']/field[@source='mVectAnnexeMaintenance']
class-field,gest.maintEquip.MaintEquip,mIdentJour,identJour,identJour,Jour,review-needed,,,,/classes/class[@source='gest.maintEquip.MaintEquip']/field[@source='mIdentJour']
class-field,gest.maintEquip.MaintEquip,mInitEquipement,initEquipement,initEquipement,init,review-needed,,,,/classes/class[@source='gest.maintEquip.MaintEquip']/field[@source='mInitEquipement']
class-field,gest.maintEquip.MaintEquip,mMaintSurUnEquipExist,maintenanceSurUnEquipement,maintenanceSurUnEquipement,Sur|Un,review-needed,,,,/classes/class[@source='gest.maintEquip.MaintEquip']/field[@source='mMaintSurUnEquipExist']
class-field,gest.maintEquip.MaintEquip,mNumActivite,numActivite,numeroActivite,,high,,,,/classes/class[@source='gest.maintEquip.MaintEquip']/field[@source='mNumActivite']
class-field,gest.maintEquip.MaintEquip,mStatut,statut,statut,,high,,,,/classes/class[@source='gest.maintEquip.MaintEquip']/field[@source='mStatut']
class-field,gest.maintEquip.MaintEquip,mVectEtape,listeEtape,listeEtape,,high,,,,/classes/class[@source='gest.maintEquip.MaintEquip']/field[@source='mVectEtape']
class-field,gest.maintEquip.MaintEquip,mVectHistoActivite,listeHistoActivite,listeHistoActivite,,high,,,,/classes/class[@source='gest.maintEquip.MaintEquip']/field[@source='mVectHistoActivite']
class-field,gest.maintEquip.MaintEquip,mVectInfoHistoEmploye,listeInfoHistoEmploye,listeInformationHistoEmploye,,high,,,,/classes/class[@source='gest.maintEquip.MaintEquip']/field[@source='mVectInfoHistoEmploye']
class-field,gest.maintEquip.MaintEquip,mVectMaintEquipHisto,listeMaintEquipHisto,listeMaintEquipHisto,,high,,,,/classes/class[@source='gest.maintEquip.MaintEquip']/field[@source='mVectMaintEquipHisto']
class-field,gest.maintEquip.MaintEquip,mIDAssigneA,idAssigneA,idAssigneA,A,review-needed,,,,/classes/class[@source='gest.maintEquip.MaintEquip']/field[@source='mIDAssigneA']
class-field,gest.maintEquip.MaintEquip,mIDAuteur,idAuteur,idAuteur,,high,,,,/classes/class[@source='gest.maintEquip.MaintEquip']/field[@source='mIDAuteur']
class-field,gest.maintEquip.MaintEquip,mIDCaserneMaint,idCaserneMaint,idCaserneMaint,,high,,,,/classes/class[@source='gest.maintEquip.MaintEquip']/field[@source='mIDCaserneMaint']
class-field,gest.maintEquip.MaintEquip,mIDEmployeMaint,idEmployeMaint,idEmployeMaint,,high,,,,/classes/class[@source='gest.maintEquip.MaintEquip']/field[@source='mIDEmployeMaint']
class-field,gest.maintEquip.MaintEquip,mIDEquipExistAssemble,idEquipementAssemble,idEquipementAssemble,,high,,,,/classes/class[@source='gest.maintEquip.MaintEquip']/field[@source='mIDEquipExistAssemble']
class-field,gest.maintEquip.MaintEquip,mIDMaintenance,idMaintenance,idMaintenance,,high,,,,/classes/class[@source='gest.maintEquip.MaintEquip']/field[@source='mIDMaintenance']
class-field,gest.maintEquip.MaintEquip,mIDResponsable,idResponsable,idResponsable,,high,,,,/classes/class[@source='gest.maintEquip.MaintEquip']/field[@source='mIDResponsable']
class-field,gest.maintEquip.MaintEquip,mIDTypeEquipementMaint,idTypeEquipementMaint,idTypeEquipementMaint,Type,review-needed,,,,/classes/class[@source='gest.maintEquip.MaintEquip']/field[@source='mIDTypeEquipementMaint']
class-field,gest.maintEquip.MaintEquip,mIDTypeMaint,idTypeMaint,idTypeMaint,Type,review-needed,,,,/classes/class[@source='gest.maintEquip.MaintEquip']/field[@source='mIDTypeMaint']
class-field,gest.maintEquip.MaintEquip,mIDVehiculeMaint,idVehiculeMaint,idVehiculeMaint,,high,,,,/classes/class[@source='gest.maintEquip.MaintEquip']/field[@source='mIDVehiculeMaint']
class-field,gest.maintEquip.MaintEquipHisto,mActionDeplConsom,actionDeplConsom,actionDeplConsom,Depl,review-needed,,,,/classes/class[@source='gest.maintEquip.MaintEquipHisto']/field[@source='mActionDeplConsom']
class-field,gest.maintEquip.MaintEquipHisto,mAnnexesConsultes,annexesConsultes,annexesConsultes,,high,,,,/classes/class[@source='gest.maintEquip.MaintEquipHisto']/field[@source='mAnnexesConsultes']
class-field,gest.maintEquip.MaintEquipHisto,mCoutMaint,coutMaint,coutMaint,cout,review-needed,,,,/classes/class[@source='gest.maintEquip.MaintEquipHisto']/field[@source='mCoutMaint']
class-field,gest.maintEquip.MaintEquipHisto,mDateOper,dateOper,dateOper,date|Oper,review-needed,,,,/classes/class[@source='gest.maintEquip.MaintEquipHisto']/field[@source='mDateOper']
class-field,gest.maintEquip.MaintEquipHisto,mDateRetourPrevu,dateRetourPrevu,dateRetourPrevu,date,review-needed,,,,/classes/class[@source='gest.maintEquip.MaintEquipHisto']/field[@source='mDateRetourPrevu']
class-field,gest.maintEquip.MaintEquipHisto,mDernEffectue,dernEffectue,dernEffectue,dern,review-needed,,,,/classes/class[@source='gest.maintEquip.MaintEquipHisto']/field[@source='mDernEffectue']
class-field,gest.maintEquip.MaintEquipHisto,mEstLaMemeQte,estLaMemeQte,estLaMemeQuantite,est|La|Meme,review-needed,,,,/classes/class[@source='gest.maintEquip.MaintEquipHisto']/field[@source='mEstLaMemeQte']
class-field,gest.maintEquip.MaintEquipHisto,mEtat,etat,etat,etat,review-needed,,,,/classes/class[@source='gest.maintEquip.MaintEquipHisto']/field[@source='mEtat']
class-field,gest.maintEquip.MaintEquipHisto,mNouvelleQte,nouvelleQte,nouvelleQuantite,,high,,,,/classes/class[@source='gest.maintEquip.MaintEquipHisto']/field[@source='mNouvelleQte']
class-field,gest.maintEquip.MaintEquipHisto,mQteAjoutConsom,qteAjoutConsom,quantiteAjoutConsom,,high,,,,/classes/class[@source='gest.maintEquip.MaintEquipHisto']/field[@source='mQteAjoutConsom']
class-field,gest.maintEquip.MaintEquipHisto,mQteDebutConsom,qteDebutConsom,quantiteDebutConsom,,high,,,,/classes/class[@source='gest.maintEquip.MaintEquipHisto']/field[@source='mQteDebutConsom']
class-field,gest.maintEquip.MaintEquipHisto,mRefComptable,refComptable,referenceComptable,,high,,,,/classes/class[@source='gest.maintEquip.MaintEquipHisto']/field[@source='mRefComptable']
class-field,gest.maintEquip.MaintEquipHisto,mUtiliserNouvelleQteSiDisponible,utiliserNouvelleQteSiDisponible,utiliserNouvelleQuantiteSiDisponible,Si,review-needed,,,,/classes/class[@source='gest.maintEquip.MaintEquipHisto']/field[@source='mUtiliserNouvelleQteSiDisponible']
class-field,gest.maintEquip.MaintEquipHisto,mVectChampPerso,listeChampPerso,listeChampPerso,,high,,,,/classes/class[@source='gest.maintEquip.MaintEquipHisto']/field[@source='mVectChampPerso']
class-field,gest.maintEquip.MaintEquipHisto,mVectNDeplaceConsom,listeNDeplaceConsom,listeNDeplaceConsom,N,review-needed,,,,/classes/class[@source='gest.maintEquip.MaintEquipHisto']/field[@source='mVectNDeplaceConsom']
class-field,gest.maintEquip.MaintEquipHisto,mIDCentreServ,idCentreServ,idCentreServ,Serv,review-needed,,,,/classes/class[@source='gest.maintEquip.MaintEquipHisto']/field[@source='mIDCentreServ']
class-field,gest.maintEquip.MaintEquipHisto,mIDCompartiment,idCompartiment,idCompartiment,,high,,,,/classes/class[@source='gest.maintEquip.MaintEquipHisto']/field[@source='mIDCompartiment']
class-field,gest.maintEquip.MaintEquipHisto,mIDEmplAssoc,idEmplAssoc,idEmplAssociation,Empl,review-needed,,,,/classes/class[@source='gest.maintEquip.MaintEquipHisto']/field[@source='mIDEmplAssoc']
class-field,gest.maintEquip.MaintEquipHisto,mIDEquipConsom,idEquipConsom,idEquipConsom,,high,,,,/classes/class[@source='gest.maintEquip.MaintEquipHisto']/field[@source='mIDEquipConsom']
class-field,gest.maintEquip.MaintEquipHisto,mIDEquipExist,idEquipement,idEquipement,,high,,,,/classes/class[@source='gest.maintEquip.MaintEquipHisto']/field[@source='mIDEquipExist']
class-field,gest.maintEquip.MaintEquipHisto,mIDEquipExistAssemble,idEquipementAssemble,idEquipementAssemble,,high,,,,/classes/class[@source='gest.maintEquip.MaintEquipHisto']/field[@source='mIDEquipExistAssemble']
class-field,gest.maintEquip.MaintEquipHisto,mIDMaintEquip,idMaintEquip,idMaintEquip,,high,,,,/classes/class[@source='gest.maintEquip.MaintEquipHisto']/field[@source='mIDMaintEquip']
class-field,gest.maintEquip.MaintEquipHisto,mIDMaintEquipHistoOriginal,idMaintEquipHistoOriginal,idMaintEquipHistoOriginal,,high,,,,/classes/class[@source='gest.maintEquip.MaintEquipHisto']/field[@source='mIDMaintEquipHistoOriginal']
class-field,gest.maintEquip.MaintEquipHisto,mIDVehicule,idVehicule,idVehicule,,high,,,,/classes/class[@source='gest.maintEquip.MaintEquipHisto']/field[@source='mIDVehicule']
class-field,gest.maintEquip.MaintEquipHisto,mVectAnnexeMaintenance,listeAnnexeMaintenance,listeAnnexeMaintenance,,high,,,,/classes/class[@source='gest.maintEquip.MaintEquipHisto']/field[@source='mVectAnnexeMaintenance']
class-field,gest.maintEquip.ParamMaintEquip,mConfigCompressionImages,configCompressionImages,configCompressionImages,,high,,,,/classes/class[@source='gest.maintEquip.ParamMaintEquip']/field[@source='mConfigCompressionImages']
class-field,gest.maintEquip.ParamMaintEquip,mObligDetailDefect,obligDetailDefect,obligDetailDefect,,high,,,,/classes/class[@source='gest.maintEquip.ParamMaintEquip']/field[@source='mObligDetailDefect']
class-field,gest.maintEquip.ParamMaintEquip,mObligDetailRepar,obligDetailRepar,obligDetailRepar,,high,,,,/classes/class[@source='gest.maintEquip.ParamMaintEquip']/field[@source='mObligDetailRepar']
class-field,gest.maintEquip.ParamMaintEquip,mObligSelectionCaserne,obligSelectionCaserne,obligSelectionCaserne,,high,,,,/classes/class[@source='gest.maintEquip.ParamMaintEquip']/field[@source='mObligSelectionCaserne']
class-field,gest.maintEquip.ParamMaintEquip,mRechercheAutoAuDemarrage,rechercheAutoAuDemarrage,rechercheAutomatiqueAuDemarrage,Au,review-needed,,,,/classes/class[@source='gest.maintEquip.ParamMaintEquip']/field[@source='mRechercheAutoAuDemarrage']
class-field,gest.maintEquip.ParamMaintEquip,mStrategieNumerotationActivite,strategieNumerotationActivite,strategieNumerotationActivite,,high,,,,/classes/class[@source='gest.maintEquip.ParamMaintEquip']/field[@source='mStrategieNumerotationActivite']
class-field,gest.maintEquip.ParamMaintEquip,mVectConfigImprimCodeBar,listeConfigImprimCodeBar,listeConfigImprimCodeBar,Code|Bar,review-needed,,,,/classes/class[@source='gest.maintEquip.ParamMaintEquip']/field[@source='mVectConfigImprimCodeBar']
class-field,gest.maintEquip.ConfigImprimCodeBar,mNom,nom,nom,nom,review-needed,,,,/classes/class[@source='gest.maintEquip.ConfigImprimCodeBar']/field[@source='mNom']
class-field,gest.maintEquip.ConfigImprimCodeBar,mScript,script,script,,high,,,,/classes/class[@source='gest.maintEquip.ConfigImprimCodeBar']/field[@source='mScript']
class-field,gest.maintenance.Maintenance,mTypeEquip,typeEquip,typeEquip,type,review-needed,,,,/classes/class[@source='gest.maintenance.Maintenance']/field[@source='mTypeEquip']
class-field,gest.maintenance.Maintenance,mVectIDCaserne,listeIDCaserne,listeIdCaserne,,high,,,,/classes/class[@source='gest.maintenance.Maintenance']/field[@source='mVectIDCaserne']
class-field,gest.maintenance.Maintenance,mVectIDEmploye,listeIDEmploye,listeIdEmploye,,high,,,,/classes/class[@source='gest.maintenance.Maintenance']/field[@source='mVectIDEmploye']
class-field,gest.maintenance.Maintenance,mVectIDEquipExist,listeIDEquipement,listeIdEquipement,,high,,,,/classes/class[@source='gest.maintenance.Maintenance']/field[@source='mVectIDEquipExist']
class-field,gest.maintenance.Maintenance,mVectIDTypeEquipement,listeIDTypeEquipement,listeIdTypeEquipement,Type,review-needed,,,,/classes/class[@source='gest.maintenance.Maintenance']/field[@source='mVectIDTypeEquipement']
class-field,gest.maintenance.Maintenance,mVectIDVehicule,listeIDVehicule,listeIdVehicule,,high,,,,/classes/class[@source='gest.maintenance.Maintenance']/field[@source='mVectIDVehicule']
class-field,gest.maintenance.Maintenance,mVectPer,listePer,listePer,Per,review-needed,,,,/classes/class[@source='gest.maintenance.Maintenance']/field[@source='mVectPer']
class-field,gest.maintenance.Maintenance,mFormulairePerso,formulairePerso,formulairePerso,,high,,,,/classes/class[@source='gest.maintenance.Maintenance']/field[@source='mFormulairePerso']
class-field,gest.maintenance.Maintenance,mIDRapportPerso,idRapportPerso,idRapportPerso,,high,,,,/classes/class[@source='gest.maintenance.Maintenance']/field[@source='mIDRapportPerso']
class-field,gest.maintenance.Maintenance,mPeriodicite,periodicite,periodicite,,high,,,,/classes/class[@source='gest.maintenance.Maintenance']/field[@source='mPeriodicite']
class-field,gest.maintenance.Maintenance,mPeriodiciteActif,periodiciteActif,periodiciteActif,,high,,,,/classes/class[@source='gest.maintenance.Maintenance']/field[@source='mPeriodiciteActif']
class-field,gest.maintenance.Maintenance,mVectIDEquipement,listeIDEquipement,listeIdEquipement,,high,,,,/classes/class[@source='gest.maintenance.Maintenance']/field[@source='mVectIDEquipement']
class-field,gest.maintenance.TypeMaint,mEmpecherEquipementDansAutreMaintEquip,empecherEquipementDansAutreMaintEquip,empecherEquipementDansAutreMaintEquip,Dans,review-needed,,,,/classes/class[@source='gest.maintenance.TypeMaint']/field[@source='mEmpecherEquipementDansAutreMaintEquip']
class-field,gest.maintenance.TypeMaint,mEmpecherEquipementSiPeriodiqueDu,empecherEquipementSiPeriodiqueDu,empecherEquipementSiPeriodiqueDu,Si|Du,review-needed,,,,/classes/class[@source='gest.maintenance.TypeMaint']/field[@source='mEmpecherEquipementSiPeriodiqueDu']
class-field,gest.maintenance.TypeMaint,mFormElec,formElec,formElec,form|Elec,review-needed,,,,/classes/class[@source='gest.maintenance.TypeMaint']/field[@source='mFormElec']
class-field,gest.maintenance.TypeMaint,mFormulairePerso,formulairePerso,formulairePerso,,high,,,,/classes/class[@source='gest.maintenance.TypeMaint']/field[@source='mFormulairePerso']
class-field,gest.maintenance.TypeMaint,mInclureContenuAssemblage,inclureContenuAssemblage,inclureContenuAssemblage,,high,,,,/classes/class[@source='gest.maintenance.TypeMaint']/field[@source='mInclureContenuAssemblage']
class-field,gest.maintenance.TypeMaint,mInclureEnServiceOnly,inclureEnServiceOnly,inclureEnServiceOnly,En|Only,review-needed,,,,/classes/class[@source='gest.maintenance.TypeMaint']/field[@source='mInclureEnServiceOnly']
class-field,gest.maintenance.TypeMaint,mNouvEtatParDefaut,nouvEtatParDefaut,nouvEtatParDefaut,nouv|Etat|Par,review-needed,,,,/classes/class[@source='gest.maintenance.TypeMaint']/field[@source='mNouvEtatParDefaut']
class-field,gest.maintenance.TypeMaint,mPermetNouvEtatParDefaut,permetNouvEtatParDefaut,permetNouvEtatParDefaut,Nouv|Etat|Par,review-needed,,,,/classes/class[@source='gest.maintenance.TypeMaint']/field[@source='mPermetNouvEtatParDefaut']
class-field,gest.maintenance.TypeMaint,mPermisPourAssemblage,permisPourAssemblage,permisPourAssemblage,Pour,review-needed,,,,/classes/class[@source='gest.maintenance.TypeMaint']/field[@source='mPermisPourAssemblage']
class-field,gest.maintenance.TypeMaint,mPermisPourCaserne,permisPourCaserne,permisPourCaserne,Pour,review-needed,,,,/classes/class[@source='gest.maintenance.TypeMaint']/field[@source='mPermisPourCaserne']
class-field,gest.maintenance.TypeMaint,mPermisPourConsommable,permisPourConsommable,permisPourConsommable,Pour,review-needed,,,,/classes/class[@source='gest.maintenance.TypeMaint']/field[@source='mPermisPourConsommable']
class-field,gest.maintenance.TypeMaint,mPermisPourEmploye,permisPourEmploye,permisPourEmploye,Pour,review-needed,,,,/classes/class[@source='gest.maintenance.TypeMaint']/field[@source='mPermisPourEmploye']
class-field,gest.maintenance.TypeMaint,mPermisPourEquip,permisPourEquip,permisPourEquip,Pour,review-needed,,,,/classes/class[@source='gest.maintenance.TypeMaint']/field[@source='mPermisPourEquip']
class-field,gest.maintenance.TypeMaint,mPermisPourGroupeEquip,permisPourGroupeEquip,permisPourGroupeEquip,Pour,review-needed,,,,/classes/class[@source='gest.maintenance.TypeMaint']/field[@source='mPermisPourGroupeEquip']
class-field,gest.maintenance.TypeMaint,mPermisPourTypeEquip,permisPourTypeEquip,permisPourTypeEquip,Pour|Type,review-needed,,,,/classes/class[@source='gest.maintenance.TypeMaint']/field[@source='mPermisPourTypeEquip']
class-field,gest.maintenance.TypeMaint,mPermisPourVehicule,permisPourVehicule,permisPourVehicule,Pour,review-needed,,,,/classes/class[@source='gest.maintenance.TypeMaint']/field[@source='mPermisPourVehicule']
class-field,gest.maintenance.TypeMaint,mUtiliseFormElec,utiliseFormElec,utiliseFormElec,Form|Elec,review-needed,,,,/classes/class[@source='gest.maintenance.TypeMaint']/field[@source='mUtiliseFormElec']
class-field,gest.maintenance.TypeMaint,mVectTypeChampPerso,listeTypeChampPerso,listeTypeChampPerso,Type,review-needed,,,,/classes/class[@source='gest.maintenance.TypeMaint']/field[@source='mVectTypeChampPerso']
class-field,gest.maintenance.TypeMaint,mIDRapportPerso,idRapportPerso,idRapportPerso,,high,,,,/classes/class[@source='gest.maintenance.TypeMaint']/field[@source='mIDRapportPerso']
class-field,gest.mobile.Mobile,mDernSync,dernSync,dernSync,dern|Sync,review-needed,,,,/classes/class[@source='gest.mobile.Mobile']/field[@source='mDernSync']
class-field,gest.mobile.Mobile,mLastSyncSrvID,lastSyncSrvID,lastSyncServiceId,last|Sync,review-needed,,,,/classes/class[@source='gest.mobile.Mobile']/field[@source='mLastSyncSrvID']
class-field,gest.parement.Parement,mVectCodesSMI,listeCodesSMI,listeCodesSmi,SMI,review-needed,,,,/classes/class[@source='gest.parement.Parement']/field[@source='mVectCodesSMI']
class-field,gest.parement.Parement,mVectCodesSMICommercial,listeCodesSMICommercial,listeCodesSmiCommercial,SMI,review-needed,,,,/classes/class[@source='gest.parement.Parement']/field[@source='mVectCodesSMICommercial']
class-field,gest.parement.Parement,mVectCodesSMIFerme,listeCodesSMIFerme,listeCodesSmiFerme,SMI,review-needed,,,,/classes/class[@source='gest.parement.Parement']/field[@source='mVectCodesSMIFerme']
class-field,gest.plageHoraire.PlageHoraire,mAnnee,annee,annee,,high,,,,/classes/class[@source='gest.plageHoraire.PlageHoraire']/field[@source='mAnnee']
class-field,gest.plageHoraire.PlageHoraire,mHeure,heure,heure,,high,,,,/classes/class[@source='gest.plageHoraire.PlageHoraire']/field[@source='mHeure']
class-field,gest.plageHoraire.PlageHoraire,mJourMois,jourMois,jourMois,jour|Mois,review-needed,,,,/classes/class[@source='gest.plageHoraire.PlageHoraire']/field[@source='mJourMois']
class-field,gest.plageHoraire.PlageHoraire,mJourNum,jourNum,jourNumero,jour,review-needed,,,,/classes/class[@source='gest.plageHoraire.PlageHoraire']/field[@source='mJourNum']
class-field,gest.plageHoraire.PlageHoraire,mJourSem,jourSem,jourSem,jour|Sem,review-needed,,,,/classes/class[@source='gest.plageHoraire.PlageHoraire']/field[@source='mJourSem']
class-field,gest.plageHoraire.PlageHoraire,mMois,mois,mois,mois,review-needed,,,,/classes/class[@source='gest.plageHoraire.PlageHoraire']/field[@source='mMois']
class-field,gest.plageHoraire.PlageHoraire,mMoisNum,moisNum,moisNumero,mois,review-needed,,,,/classes/class[@source='gest.plageHoraire.PlageHoraire']/field[@source='mMoisNum']
class-field,gest.plageHoraire.PlageHoraire,mVectIntervalleHeure,listeIntervalleHeure,listeIntervalleHeure,,high,,,,/classes/class[@source='gest.plageHoraire.PlageHoraire']/field[@source='mVectIntervalleHeure']
class-field,gest.plageHoraire.PlageHoraire,mVectIntervalleIntAnnee,listeIntervalleIntAnnee,listeIntervalleIntAnnee,Int,review-needed,,,,/classes/class[@source='gest.plageHoraire.PlageHoraire']/field[@source='mVectIntervalleIntAnnee']
class-field,gest.plageHoraire.PlageHoraire,mVectIntervalleIntJourMois,listeIntervalleIntJourMois,listeIntervalleIntJourMois,Int|Jour|Mois,review-needed,,,,/classes/class[@source='gest.plageHoraire.PlageHoraire']/field[@source='mVectIntervalleIntJourMois']
class-field,gest.planInterv.BatDebitNecessaire,mComm,comm,commentaire,,high,,,,/classes/class[@source='gest.planInterv.BatDebitNecessaire']/field[@source='mComm']
class-field,gest.planInterv.BatDebitNecessaire,mCommLong,commLong,commentaireLong,Long,review-needed,,,,/classes/class[@source='gest.planInterv.BatDebitNecessaire']/field[@source='mCommLong']
class-field,gest.planInterv.BatDebitNecessaire,mCommProtOuv,commProtOuv,commentaireProtOuv,Prot|Ouv,review-needed,,,,/classes/class[@source='gest.planInterv.BatDebitNecessaire']/field[@source='mCommProtOuv']
class-field,gest.planInterv.BatDebitNecessaire,mDebitRequis,debitRequis,debitRequis,,high,,,,/classes/class[@source='gest.planInterv.BatDebitNecessaire']/field[@source='mDebitRequis']
class-field,gest.planInterv.BatDebitNecessaire,mDebitRequisCalculAuto,debitRequisCalculAuto,debitRequisCalculAutomatique,,high,,,,/classes/class[@source='gest.planInterv.BatDebitNecessaire']/field[@source='mDebitRequisCalculAuto']
class-field,gest.planInterv.BatDebitNecessaire,mExpo,expo,expo,expo,review-needed,,,,/classes/class[@source='gest.planInterv.BatDebitNecessaire']/field[@source='mExpo']
class-field,gest.planInterv.BatDebitNecessaire,mExpoDist,expoDist,expoDist,expo|Dist,review-needed,,,,/classes/class[@source='gest.planInterv.BatDebitNecessaire']/field[@source='mExpoDist']
class-field,gest.planInterv.BatDebitNecessaire,mExpoMur,expoMur,expoMur,expo|Mur,review-needed,,,,/classes/class[@source='gest.planInterv.BatDebitNecessaire']/field[@source='mExpoMur']
class-field,gest.planInterv.BatDebitNecessaire,mExpoProtOuv,expoProtOuv,expoProtOuv,expo|Prot|Ouv,review-needed,,,,/classes/class[@source='gest.planInterv.BatDebitNecessaire']/field[@source='mExpoProtOuv']
class-field,gest.planInterv.BatDebitNecessaire,mGicReduct,gicReduct,gicReduct,gic,review-needed,,,,/classes/class[@source='gest.planInterv.BatDebitNecessaire']/field[@source='mGicReduct']
class-field,gest.planInterv.BatDebitNecessaire,mHaut,haut,haut,haut,review-needed,,,,/classes/class[@source='gest.planInterv.BatDebitNecessaire']/field[@source='mHaut']
class-field,gest.planInterv.BatDebitNecessaire,mLarg,larg,larg,larg,review-needed,,,,/classes/class[@source='gest.planInterv.BatDebitNecessaire']/field[@source='mLarg']
class-field,gest.planInterv.BatDebitNecessaire,mLieu,lieu,lieu,lieu,review-needed,,,,/classes/class[@source='gest.planInterv.BatDebitNecessaire']/field[@source='mLieu']
class-field,gest.planInterv.BatDebitNecessaire,mLong,long,long,long,review-needed,,,,/classes/class[@source='gest.planInterv.BatDebitNecessaire']/field[@source='mLong']
class-field,gest.planInterv.BatDebitNecessaire,mMethodeCalcul,methodeCalcul,methodeCalcul,,high,,,,/classes/class[@source='gest.planInterv.BatDebitNecessaire']/field[@source='mMethodeCalcul']
class-field,gest.planInterv.BatDebitNecessaire,mNbrEtage,nbrEtage,nombreEtage,,high,,,,/classes/class[@source='gest.planInterv.BatDebitNecessaire']/field[@source='mNbrEtage']
class-field,gest.planInterv.BatDebitNecessaire,mNbrEtageExpo,nbrEtageExpo,nombreEtageExpo,Expo,review-needed,,,,/classes/class[@source='gest.planInterv.BatDebitNecessaire']/field[@source='mNbrEtageExpo']
class-field,gest.planInterv.BatDebitNecessaire,mRisqueDanger,risqueDanger,risqueDanger,,high,,,,/classes/class[@source='gest.planInterv.BatDebitNecessaire']/field[@source='mRisqueDanger']
class-field,gest.planInterv.BatDebitNecessaire,mRisqueExposition,risqueExposition,risqueExposition,,high,,,,/classes/class[@source='gest.planInterv.BatDebitNecessaire']/field[@source='mRisqueExposition']
class-field,gest.planInterv.BatDebitNecessaire,mRisqueProximite,risqueProximite,risqueProximite,,high,,,,/classes/class[@source='gest.planInterv.BatDebitNecessaire']/field[@source='mRisqueProximite']
class-field,gest.planInterv.BatDebitNecessaire,mRisqueThermique,risqueThermique,risqueThermique,,high,,,,/classes/class[@source='gest.planInterv.BatDebitNecessaire']/field[@source='mRisqueThermique']
class-field,gest.planInterv.BatDebitNecessaire,mSuperficie,superficie,superficie,,high,,,,/classes/class[@source='gest.planInterv.BatDebitNecessaire']/field[@source='mSuperficie']
class-field,gest.planInterv.BatDebitNecessaire,mSuperficieCalculAuto,superficieCalculAuto,superficieCalculAutomatique,,high,,,,/classes/class[@source='gest.planInterv.BatDebitNecessaire']/field[@source='mSuperficieCalculAuto']
class-field,gest.planInterv.BatDebitNecessaire,mTypeConst,typeConst,typeConst,type,review-needed,,,,/classes/class[@source='gest.planInterv.BatDebitNecessaire']/field[@source='mTypeConst']
class-field,gest.planInterv.BatDebitNecessaire,mTypeOcc,typeOcc,typeOcc,type|Occ,review-needed,,,,/classes/class[@source='gest.planInterv.BatDebitNecessaire']/field[@source='mTypeOcc']
class-field,gest.planInterv.ConfigSectionEtatInitialPourPlan,mVectEtatSections,listeEtatSections,listeEtatSections,Etat,review-needed,,,,/classes/class[@source='gest.planInterv.ConfigSectionEtatInitialPourPlan']/field[@source='mVectEtatSections']
class-field,gest.planInterv.ConfigSectionEtatInitialPourPlan,mIDCategRisque,idCategRisque,idCategRisque,,high,,,,/classes/class[@source='gest.planInterv.ConfigSectionEtatInitialPourPlan']/field[@source='mIDCategRisque']
class-field,gest.planInterv.EtatSection,mEtatInitial,etatInitial,etatInitial,etat,review-needed,,,,/classes/class[@source='gest.planInterv.EtatSection']/field[@source='mEtatInitial']
class-field,gest.planInterv.EtatSection,mSectionId,sectionId,sectionId,,high,,,,/classes/class[@source='gest.planInterv.EtatSection']/field[@source='mSectionId']
class-field,gest.planInterv.InfoServPub,mIDRessource,idRessource,idRessource,,high,,,,/classes/class[@source='gest.planInterv.InfoServPub']/field[@source='mIDRessource']
class-field,gest.planInterv.InfoServPub,mEmplFerm,emplFerm,emplFerm,empl|Ferm,review-needed,,,,/classes/class[@source='gest.planInterv.InfoServPub']/field[@source='mEmplFerm']
class-field,gest.planInterv.InfoServPub,mImpactProcede,impactProcede,impactProcede,,high,,,,/classes/class[@source='gest.planInterv.InfoServPub']/field[@source='mImpactProcede']
class-field,gest.planInterv.InfoServPub,mImpactOccupant,impactOccupant,impactOccupant,,high,,,,/classes/class[@source='gest.planInterv.InfoServPub']/field[@source='mImpactOccupant']
class-field,gest.planInterv.ParamPlanInterv,mAutoCompleteOnglets,autoCompleteOnglets,automatiqueCompleteOnglets,,high,,,,/classes/class[@source='gest.planInterv.ParamPlanInterv']/field[@source='mAutoCompleteOnglets']
class-field,gest.planInterv.ParamPlanInterv,mConfigCompressionImages,configCompressionImages,configCompressionImages,,high,,,,/classes/class[@source='gest.planInterv.ParamPlanInterv']/field[@source='mConfigCompressionImages']
class-field,gest.planInterv.PlanAcces,mAccesPrincipal,accesPrincipal,accesPrincipal,,high,,,,/classes/class[@source='gest.planInterv.PlanAcces']/field[@source='mAccesPrincipal']
class-field,gest.planInterv.PlanAcces,mCloture,cloture,cloture,,high,,,,/classes/class[@source='gest.planInterv.PlanAcces']/field[@source='mCloture']
class-field,gest.planInterv.PlanAcces,mEchelleToit,echelleToit,echelleToit,Toit,review-needed,,,,/classes/class[@source='gest.planInterv.PlanAcces']/field[@source='mEchelleToit']
class-field,gest.planInterv.PlanAcces,mInterieur,interieur,interieur,,high,,,,/classes/class[@source='gest.planInterv.PlanAcces']/field[@source='mInterieur']
class-field,gest.planInterv.PlanAcces,mObstrucEchelle,obstrucEchelle,obstrucEchelle,,high,,,,/classes/class[@source='gest.planInterv.PlanAcces']/field[@source='mObstrucEchelle']
class-field,gest.planInterv.PlanAcces,mPorteExt,porteExt,porteExterne,,high,,,,/classes/class[@source='gest.planInterv.PlanAcces']/field[@source='mPorteExt']
class-field,gest.planInterv.PlanAcces,mToit,toit,toit,toit,review-needed,,,,/classes/class[@source='gest.planInterv.PlanAcces']/field[@source='mToit']
class-field,gest.planInterv.PlanAdresseContact,mVectPlanContact,listePlanContact,listePlanContact,Plan,review-needed,,,,/classes/class[@source='gest.planInterv.PlanAdresseContact']/field[@source='mVectPlanContact']
class-field,gest.planInterv.PlanAdresseContact,mVectPlanHreExploit,listePlanHreExploit,listePlanHreExploit,Plan|Hre,review-needed,,,,/classes/class[@source='gest.planInterv.PlanAdresseContact']/field[@source='mVectPlanHreExploit']
class-field,gest.planInterv.PlanAlarme,mCommunicationPhonique,communicationPhonique,communicationPhonique,,high,,,,/classes/class[@source='gest.planInterv.PlanAlarme']/field[@source='mCommunicationPhonique']
class-field,gest.planInterv.PlanAlarme,mEmplPanneau,emplPanneau,emplPanneau,empl,review-needed,,,,/classes/class[@source='gest.planInterv.PlanAlarme']/field[@source='mEmplPanneau']
class-field,gest.planInterv.PlanAlarme,mEmplRepart,emplRepart,emplRepart,empl,review-needed,,,,/classes/class[@source='gest.planInterv.PlanAlarme']/field[@source='mEmplRepart']
class-field,gest.planInterv.PlanAlarme,mPortee,portee,portee,,high,,,,/classes/class[@source='gest.planInterv.PlanAlarme']/field[@source='mPortee']
class-field,gest.planInterv.PlanAlarme,mSurveillance,surveillance,surveillance,,high,,,,/classes/class[@source='gest.planInterv.PlanAlarme']/field[@source='mSurveillance']
class-field,gest.planInterv.PlanAlarme,mSurveille,surveille,surveille,,high,,,,/classes/class[@source='gest.planInterv.PlanAlarme']/field[@source='mSurveille']
class-field,gest.planInterv.PlanAlarme,mType,type,type,type,review-needed,,,,/classes/class[@source='gest.planInterv.PlanAlarme']/field[@source='mType']
class-field,gest.planInterv.PlanAlimEau,mArrayDebitsUnit,arrayDebitsUnit,arrayDebitsUnit,Unit,review-needed,,,,/classes/class[@source='gest.planInterv.PlanAlimEau']/field[@source='mArrayDebitsUnit']
class-field,gest.planInterv.PlanAlimEau,mScenPourcOptimiste,scenPourcOptimiste,scenPourcOptimiste,scen,review-needed,,,,/classes/class[@source='gest.planInterv.PlanAlimEau']/field[@source='mScenPourcOptimiste']
class-field,gest.planInterv.PlanAlimEau,mScenPourcPessimiste,scenPourcPessimiste,scenPourcPessimiste,scen,review-needed,,,,/classes/class[@source='gest.planInterv.PlanAlimEau']/field[@source='mScenPourcPessimiste']
class-field,gest.planInterv.PlanAlimEau,mVectAlimEauPrive,listeAlimEauPrive,listeAlimEauPrive,Alim|Eau,review-needed,,,,/classes/class[@source='gest.planInterv.PlanAlimEau']/field[@source='mVectAlimEauPrive']
class-field,gest.planInterv.PlanAlimEau,mVectAlimPompe,listeAlimPompe,listeAlimPompe,Alim,review-needed,,,,/classes/class[@source='gest.planInterv.PlanAlimEau']/field[@source='mVectAlimPompe']
class-field,gest.planInterv.PlanAlimEau,mVectAlimPrinc,listeAlimPrinc,listeAlimPrinc,Alim,review-needed,,,,/classes/class[@source='gest.planInterv.PlanAlimEau']/field[@source='mVectAlimPrinc']
class-field,gest.planInterv.PlanAlimEau,mVectAlimSecours,listeAlimSecours,listeAlimSecours,Alim,review-needed,,,,/classes/class[@source='gest.planInterv.PlanAlimEau']/field[@source='mVectAlimSecours']
class-field,gest.planInterv.PlanAlimEau,mVectBatDebitNecessaire,listeBatDebitNecessaire,listeBatDebitNecessaire,Bat,review-needed,,,,/classes/class[@source='gest.planInterv.PlanAlimEau']/field[@source='mVectBatDebitNecessaire']
class-field,gest.planInterv.AlimEauPrive,mType,type,type,type,review-needed,,,,/classes/class[@source='gest.planInterv.AlimEauPrive']/field[@source='mType']
class-field,gest.planInterv.AlimEauPrive,mDetail,detail,detail,,high,,,,/classes/class[@source='gest.planInterv.AlimEauPrive']/field[@source='mDetail']
class-field,gest.planInterv.AlimPompe,mType,type,type,type,review-needed,,,,/classes/class[@source='gest.planInterv.AlimPompe']/field[@source='mType']
class-field,gest.planInterv.AlimPompe,mEmplacement,emplacement,emplacement,,high,,,,/classes/class[@source='gest.planInterv.AlimPompe']/field[@source='mEmplacement']
class-field,gest.planInterv.AlimPompe,mReseauPrive,reseauPrive,reseauPrive,,high,,,,/classes/class[@source='gest.planInterv.AlimPompe']/field[@source='mReseauPrive']
class-field,gest.planInterv.AlimPompe,mReseauPublic,reseauPublic,reseauPublic,,high,,,,/classes/class[@source='gest.planInterv.AlimPompe']/field[@source='mReseauPublic']
class-field,gest.planInterv.AlimPompe,mDemarrageAuto,demarrageAutomatique,demarrageAutomatique,,high,,,,/classes/class[@source='gest.planInterv.AlimPompe']/field[@source='mDemarrageAuto']
class-field,gest.planInterv.AlimDisp,mDetail,detail,detail,,high,,,,/classes/class[@source='gest.planInterv.AlimDisp']/field[@source='mDetail']
class-field,gest.planInterv.AlimDisp,mIDBorne,idBorne,idBorne,,high,,,,/classes/class[@source='gest.planInterv.AlimDisp']/field[@source='mIDBorne']
class-field,gest.planInterv.AlimDisp,mIDVehicule,idVehicule,idVehicule,,high,,,,/classes/class[@source='gest.planInterv.AlimDisp']/field[@source='mIDVehicule']
class-field,gest.planInterv.AlimDisp,mDebitCalcAuto,debitCalculAutomatique,debitCalculAutomatique,,high,,,,/classes/class[@source='gest.planInterv.AlimDisp']/field[@source='mDebitCalcAuto']
class-field,gest.planInterv.AlimDisp,mDebit,debit,debit,,high,,,,/classes/class[@source='gest.planInterv.AlimDisp']/field[@source='mDebit']
class-field,gest.planInterv.AlimDisp,mDebitRemplissage,debitRemplissage,debitRemplissage,,high,,,,/classes/class[@source='gest.planInterv.AlimDisp']/field[@source='mDebitRemplissage']
class-field,gest.planInterv.AlimDisp,mDistance,distance,distance,,high,,,,/classes/class[@source='gest.planInterv.AlimDisp']/field[@source='mDistance']
class-field,gest.planInterv.AlimDisp,mVitesseMoyenne,vitesseMoyenne,vitesseMoyenne,,high,,,,/classes/class[@source='gest.planInterv.AlimDisp']/field[@source='mVitesseMoyenne']
class-field,gest.planInterv.PlanConst,mAscCommEmpl,ascCommEmpl,ascCommentaireEmpl,asc|Empl,review-needed,,,,/classes/class[@source='gest.planInterv.PlanConst']/field[@source='mAscCommEmpl']
class-field,gest.planInterv.PlanConst,mAscEmpl,ascEmpl,ascEmpl,asc|Empl,review-needed,,,,/classes/class[@source='gest.planInterv.PlanConst']/field[@source='mAscEmpl']
class-field,gest.planInterv.PlanConst,mAscMecEmpl,ascMecEmpl,ascMecEmpl,asc|Mec|Empl,review-needed,,,,/classes/class[@source='gest.planInterv.PlanConst']/field[@source='mAscMecEmpl']
class-field,gest.planInterv.PlanConst,mAscMecEmplCle,ascMecEmplCle,ascMecEmplCle,asc|Mec|Empl|Cle,review-needed,,,,/classes/class[@source='gest.planInterv.PlanConst']/field[@source='mAscMecEmplCle']
class-field,gest.planInterv.PlanConst,mAscNbr,ascNbr,ascNombre,asc,review-needed,,,,/classes/class[@source='gest.planInterv.PlanConst']/field[@source='mAscNbr']
class-field,gest.planInterv.PlanConst,mAscZoneDesservTotal,ascZoneDesservTotal,ascZoneDesservTotal,asc|Zone,review-needed,,,,/classes/class[@source='gest.planInterv.PlanConst']/field[@source='mAscZoneDesservTotal']
class-field,gest.planInterv.PlanConst,mAscZonePrec,ascZonePrec,ascZonePrec,asc|Zone|Prec,review-needed,,,,/classes/class[@source='gest.planInterv.PlanConst']/field[@source='mAscZonePrec']
class-field,gest.planInterv.PlanConst,mEmplCle,emplCle,emplCle,empl|Cle,review-needed,,,,/classes/class[@source='gest.planInterv.PlanConst']/field[@source='mEmplCle']
class-field,gest.planInterv.PlanConst,mEscalEmpl,escalEmpl,escalEmpl,Empl,review-needed,,,,/classes/class[@source='gest.planInterv.PlanConst']/field[@source='mEscalEmpl']
class-field,gest.planInterv.PlanConst,mEscalNbr,escalNbr,escalNombre,,high,,,,/classes/class[@source='gest.planInterv.PlanConst']/field[@source='mEscalNbr']
class-field,gest.planInterv.PlanConst,mEscalObstruc,escalObstruc,escalObstruc,,high,,,,/classes/class[@source='gest.planInterv.PlanConst']/field[@source='mEscalObstruc']
class-field,gest.planInterv.PlanConst,mEtageHautPartielle,etageHautPartielle,etageHautPartielle,Haut,review-needed,,,,/classes/class[@source='gest.planInterv.PlanConst']/field[@source='mEtageHautPartielle']
class-field,gest.planInterv.PlanConst,mModeServiceIncendie,modeServiceIncendie,modeServiceIncendie,mode,review-needed,,,,/classes/class[@source='gest.planInterv.PlanConst']/field[@source='mModeServiceIncendie']
class-field,gest.planInterv.PlanConst,mMurConstruction,murConstruction,murConstruction,mur,review-needed,,,,/classes/class[@source='gest.planInterv.PlanConst']/field[@source='mMurConstruction']
class-field,gest.planInterv.PlanConst,mOuvEmpl,ouvEmpl,ouvEmpl,ouv|Empl,review-needed,,,,/classes/class[@source='gest.planInterv.PlanConst']/field[@source='mOuvEmpl']
class-field,gest.planInterv.PlanConst,mOuvType,ouvType,ouvType,ouv|Type,review-needed,,,,/classes/class[@source='gest.planInterv.PlanConst']/field[@source='mOuvType']
class-field,gest.planInterv.PlanConst,mPlancherConstruction,plancherConstruction,plancherConstruction,,high,,,,/classes/class[@source='gest.planInterv.PlanConst']/field[@source='mPlancherConstruction']
class-field,gest.planInterv.PlanConst,mPlancherFermeToit,plancherFermeToit,plancherFermeToit,Toit,review-needed,,,,/classes/class[@source='gest.planInterv.PlanConst']/field[@source='mPlancherFermeToit']
class-field,gest.planInterv.PlanConst,mSeparEmpl,separEmpl,separEmpl,Empl,review-needed,,,,/classes/class[@source='gest.planInterv.PlanConst']/field[@source='mSeparEmpl']
class-field,gest.planInterv.PlanConst,mSeparOuv,separOuv,separOuv,Ouv,review-needed,,,,/classes/class[@source='gest.planInterv.PlanConst']/field[@source='mSeparOuv']
class-field,gest.planInterv.PlanConst,mSousSolHautPartielle,sousSolHautPartielle,sousSolHautPartielle,sous|Sol|Haut,review-needed,,,,/classes/class[@source='gest.planInterv.PlanConst']/field[@source='mSousSolHautPartielle']
class-field,gest.planInterv.PlanConst,mTerrasseMateriau,terrasseMateriau,terrasseMateriau,,high,,,,/classes/class[@source='gest.planInterv.PlanConst']/field[@source='mTerrasseMateriau']
class-field,gest.planInterv.PlanConst,mTerrasseUsage,terrasseUsage,terrasseUsage,,high,,,,/classes/class[@source='gest.planInterv.PlanConst']/field[@source='mTerrasseUsage']
class-field,gest.planInterv.PlanConst,mToitConstruction,toitConstruction,toitConstruction,toit,review-needed,,,,/classes/class[@source='gest.planInterv.PlanConst']/field[@source='mToitConstruction']
class-field,gest.planInterv.PlanConst,mToitCouverture,toitCouverture,toitCouverture,toit,review-needed,,,,/classes/class[@source='gest.planInterv.PlanConst']/field[@source='mToitCouverture']
class-field,gest.planInterv.PlanConst,mToitFermeToit,toitFermeToit,toitFermeToit,toit|Toit,review-needed,,,,/classes/class[@source='gest.planInterv.PlanConst']/field[@source='mToitFermeToit']
class-field,gest.planInterv.PlanConst,mUsageGeneral,usageGeneral,usageGeneral,,high,,,,/classes/class[@source='gest.planInterv.PlanConst']/field[@source='mUsageGeneral']
class-field,gest.planInterv.PlanConst,mVectAscPJ,listeAscenseurPieceJointe,listeAscenseurPieceJointe,,high,,,,/classes/class[@source='gest.planInterv.PlanConst']/field[@source='mVectAscPJ']
class-field,gest.planInterv.PlanConst,mVectConstVide,listeConstVide,listeConstVide,Vide,review-needed,,,,/classes/class[@source='gest.planInterv.PlanConst']/field[@source='mVectConstVide']
class-field,gest.planInterv.PlanConst,mVectEscalPJ,listeEscalierPieceJointe,listeEscalierPieceJointe,,high,,,,/classes/class[@source='gest.planInterv.PlanConst']/field[@source='mVectEscalPJ']
class-field,gest.planInterv.PlanConst,mVentil,ventil,ventil,,high,,,,/classes/class[@source='gest.planInterv.PlanConst']/field[@source='mVentil']
class-field,gest.planInterv.PlanConst,mVidePrecision,videPrecision,videPrecision,vide,review-needed,,,,/classes/class[@source='gest.planInterv.PlanConst']/field[@source='mVidePrecision']
class-field,gest.planInterv.ConstVide,mType,type,type,type,review-needed,,,,/classes/class[@source='gest.planInterv.ConstVide']/field[@source='mType']
class-field,gest.planInterv.ConstVide,mDetail,detail,detail,,high,,,,/classes/class[@source='gest.planInterv.ConstVide']/field[@source='mDetail']
class-field,gest.planInterv.PlanContact,mAutreAdresse,autreAdresse,autreAdresse,,high,,,,/classes/class[@source='gest.planInterv.PlanContact']/field[@source='mAutreAdresse']
class-field,gest.planInterv.PlanContact,mCell,cell,cell,cell,review-needed,,,,/classes/class[@source='gest.planInterv.PlanContact']/field[@source='mCell']
class-field,gest.planInterv.PlanContact,mNomPropOccup,nomPropOccup,nomProprieteOccup,nom,review-needed,,,,/classes/class[@source='gest.planInterv.PlanContact']/field[@source='mNomPropOccup']
class-field,gest.planInterv.PlanContact,mPropOccup,propOccup,proprieteOccup,,high,,,,/classes/class[@source='gest.planInterv.PlanContact']/field[@source='mPropOccup']
class-field,gest.planInterv.PlanContact,mTitre,titre,titre,,high,,,,/classes/class[@source='gest.planInterv.PlanContact']/field[@source='mTitre']
class-field,gest.planInterv.PlanContact,mToujoursDisp,toujoursDisp,toujoursDisp,Disp,review-needed,,,,/classes/class[@source='gest.planInterv.PlanContact']/field[@source='mToujoursDisp']
class-field,gest.planInterv.PlanContact,mVectPlageHoraire,listePlageHoraire,listePlageHoraire,,high,,,,/classes/class[@source='gest.planInterv.PlanContact']/field[@source='mVectPlageHoraire']
class-field,gest.planInterv.PlanContact,mIDPersonneRess,idPersonneRess,idPersonneRess,Ress,review-needed,,,,/classes/class[@source='gest.planInterv.PlanContact']/field[@source='mIDPersonneRess']
class-field,gest.planInterv.PlanExposition,mAutrePreoc,autrePreoc,autrePreoc,,high,,,,/classes/class[@source='gest.planInterv.PlanExposition']/field[@source='mAutrePreoc']
class-field,gest.planInterv.PlanExposition,mEmplAngleEleve,emplAngleEleve,emplAngleEleve,empl,review-needed,,,,/classes/class[@source='gest.planInterv.PlanExposition']/field[@source='mEmplAngleEleve']
class-field,gest.planInterv.PlanExposition,mEmplEspClos,emplEspClos,emplEspClos,empl|Esp|Clos,review-needed,,,,/classes/class[@source='gest.planInterv.PlanExposition']/field[@source='mEmplEspClos']
class-field,gest.planInterv.PlanExposition,mVectExposition,listeExposition,listeExposition,,high,,,,/classes/class[@source='gest.planInterv.PlanExposition']/field[@source='mVectExposition']
class-field,gest.planInterv.PlanHreExploit,mNbrPers,nbrPers,nombrePersonne,,high,,,,/classes/class[@source='gest.planInterv.PlanHreExploit']/field[@source='mNbrPers']
class-field,gest.planInterv.PlanHreExploit,mToujoursDisp,toujoursDisp,toujoursDisp,Disp,review-needed,,,,/classes/class[@source='gest.planInterv.PlanHreExploit']/field[@source='mToujoursDisp']
class-field,gest.planInterv.PlanHreExploit,mTypeOccup,typeOccup,typeOccup,type,review-needed,,,,/classes/class[@source='gest.planInterv.PlanHreExploit']/field[@source='mTypeOccup']
class-field,gest.planInterv.PlanHreExploit,mVectPlageHoraire,listePlageHoraire,listePlageHoraire,,high,,,,/classes/class[@source='gest.planInterv.PlanHreExploit']/field[@source='mVectPlageHoraire']
class-field,gest.planInterv.PlanInterv,mDatePlanDetectRecupParRAO,datePlanDetectRecupParRAO,datePlanDetectRecupParRao,date|Plan|Par|RAO,review-needed,,,,/classes/class[@source='gest.planInterv.PlanInterv']/field[@source='mDatePlanDetectRecupParRAO']
class-field,gest.planInterv.PlanInterv,mDatePlanLastEnvoiAuRAO,datePlanLastEnvoiAuRAO,datePlanLastEnvoiAuRao,date|Plan|Last|Au|RAO,review-needed,,,,/classes/class[@source='gest.planInterv.PlanInterv']/field[@source='mDatePlanLastEnvoiAuRAO']
class-field,gest.planInterv.PlanInterv,mLastPlanRAOName,lastPlanRAOName,lastPlanRaoName,last|Plan|RAO|Name,review-needed,,,,/classes/class[@source='gest.planInterv.PlanInterv']/field[@source='mLastPlanRAOName']
class-field,gest.planInterv.PlanInterv,mMergePlanImplantation,mergePlanImplantation,mergePlanImplantation,Plan,review-needed,,,,/classes/class[@source='gest.planInterv.PlanInterv']/field[@source='mMergePlanImplantation']
class-field,gest.planInterv.PlanInterv,mPhotoFich,photoFich,photoFich,Fich,review-needed,,,,/classes/class[@source='gest.planInterv.PlanInterv']/field[@source='mPhotoFich']
class-field,gest.planInterv.PlanInterv,mPlanAcces,planAcces,planAcces,plan,review-needed,,,,/classes/class[@source='gest.planInterv.PlanInterv']/field[@source='mPlanAcces']
class-field,gest.planInterv.PlanInterv,mPlanAdresseContact,planAdresseContact,planAdresseContact,plan,review-needed,,,,/classes/class[@source='gest.planInterv.PlanInterv']/field[@source='mPlanAdresseContact']
class-field,gest.planInterv.PlanInterv,mPlanAlarme,planAlarme,planAlarme,plan,review-needed,,,,/classes/class[@source='gest.planInterv.PlanInterv']/field[@source='mPlanAlarme']
class-field,gest.planInterv.PlanInterv,mPlanAlimEau,planAlimEau,planAlimEau,plan|Alim|Eau,review-needed,,,,/classes/class[@source='gest.planInterv.PlanInterv']/field[@source='mPlanAlimEau']
class-field,gest.planInterv.PlanInterv,mPlanConst,planConst,planConst,plan,review-needed,,,,/classes/class[@source='gest.planInterv.PlanInterv']/field[@source='mPlanConst']
class-field,gest.planInterv.PlanInterv,mPlanCroquis,planCroquis,planCroquis,plan,review-needed,,,,/classes/class[@source='gest.planInterv.PlanInterv']/field[@source='mPlanCroquis']
class-field,gest.planInterv.PlanInterv,mPlanEnPDF,planEnPDF,planEnPdf,plan|En|PDF,review-needed,,,,/classes/class[@source='gest.planInterv.PlanInterv']/field[@source='mPlanEnPDF']
class-field,gest.planInterv.PlanInterv,mPlanExposition,planExposition,planExposition,plan,review-needed,,,,/classes/class[@source='gest.planInterv.PlanInterv']/field[@source='mPlanExposition']
class-field,gest.planInterv.PlanInterv,mPlanProtection,planProtection,planProtection,plan,review-needed,,,,/classes/class[@source='gest.planInterv.PlanInterv']/field[@source='mPlanProtection']
class-field,gest.planInterv.PlanInterv,mPlanRepartiteur,planRepartiteur,planRepartiteur,plan,review-needed,,,,/classes/class[@source='gest.planInterv.PlanInterv']/field[@source='mPlanRepartiteur']
class-field,gest.planInterv.PlanInterv,mPlanRisque,planRisque,planRisque,plan,review-needed,,,,/classes/class[@source='gest.planInterv.PlanInterv']/field[@source='mPlanRisque']
class-field,gest.planInterv.PlanInterv,mPlanSecurite,planSecurite,planSecurite,plan,review-needed,,,,/classes/class[@source='gest.planInterv.PlanInterv']/field[@source='mPlanSecurite']
class-field,gest.planInterv.PlanInterv,mPlanServPub,planServPub,planServPub,plan|Serv|Pub,review-needed,,,,/classes/class[@source='gest.planInterv.PlanInterv']/field[@source='mPlanServPub']
class-field,gest.planInterv.PlanInterv,mStatut,statut,statut,,high,,,,/classes/class[@source='gest.planInterv.PlanInterv']/field[@source='mStatut']
class-field,gest.planInterv.PlanInterv,mStatutPlanRAO,statutPlanRAO,statutPlanRao,Plan|RAO,review-needed,,,,/classes/class[@source='gest.planInterv.PlanInterv']/field[@source='mStatutPlanRAO']
class-field,gest.planInterv.PlanInterv,mVectEtape,listeEtape,listeEtape,,high,,,,/classes/class[@source='gest.planInterv.PlanInterv']/field[@source='mVectEtape']
class-field,gest.planInterv.PlanInterv,mVectTabsStates,listeTabsStates,listeTabsStates,Tabs,review-needed,,,,/classes/class[@source='gest.planInterv.PlanInterv']/field[@source='mVectTabsStates']
class-field,gest.planInterv.PlanInterv,mIDAssigneA,idAssigneA,idAssigneA,A,review-needed,,,,/classes/class[@source='gest.planInterv.PlanInterv']/field[@source='mIDAssigneA']
class-field,gest.planInterv.PlanInterv,mIDAuteur,idAuteur,idAuteur,,high,,,,/classes/class[@source='gest.planInterv.PlanInterv']/field[@source='mIDAuteur']
class-field,gest.planInterv.PlanInterv,mIDGraph,idGraph,idGraph,,high,,,,/classes/class[@source='gest.planInterv.PlanInterv']/field[@source='mIDGraph']
class-field,gest.planInterv.PlanInterv,mIDPlanImplantation,idPlanImplantation,idPlanImplantation,Plan,review-needed,,,,/classes/class[@source='gest.planInterv.PlanInterv']/field[@source='mIDPlanImplantation']
class-field,gest.planInterv.PlanInterv,mIDResponsable,idResponsable,idResponsable,,high,,,,/classes/class[@source='gest.planInterv.PlanInterv']/field[@source='mIDResponsable']
class-field,gest.planInterv.PlanProtection,mVectColonneMontante,listeColonneMontante,listeColonneMontante,,high,,,,/classes/class[@source='gest.planInterv.PlanProtection']/field[@source='mVectColonneMontante']
class-field,gest.planInterv.PlanProtection,mVectGicleur,listeGicleur,listeGicleur,,high,,,,/classes/class[@source='gest.planInterv.PlanProtection']/field[@source='mVectGicleur']
class-field,gest.planInterv.PlanProtection,mVectProtSpec,listeProtSpec,listeProtSpec,Prot|Spec,review-needed,,,,/classes/class[@source='gest.planInterv.PlanProtection']/field[@source='mVectProtSpec']
class-field,gest.planInterv.Gicleur,mIDRaccord,idRaccord,idRaccord,,high,,,,/classes/class[@source='gest.planInterv.Gicleur']/field[@source='mIDRaccord']
class-field,gest.planInterv.Gicleur,mPlanCouvSystVanne,planCouvSystVanne,planCouvSystVanne,plan|Couv|Syst,review-needed,,,,/classes/class[@source='gest.planInterv.Gicleur']/field[@source='mPlanCouvSystVanne']
class-field,gest.planInterv.Gicleur,mPorteeTotal,porteeTotale,porteeTotale,,high,,,,/classes/class[@source='gest.planInterv.Gicleur']/field[@source='mPorteeTotal']
class-field,gest.planInterv.Gicleur,mEmpl,emplacement,emplacement,,high,,,,/classes/class[@source='gest.planInterv.Gicleur']/field[@source='mEmpl']
class-field,gest.planInterv.Gicleur,mModele,modele,modele,,high,,,,/classes/class[@source='gest.planInterv.Gicleur']/field[@source='mModele']
class-field,gest.planInterv.Gicleur,mVannePrincEmpl,vannePrincipaleEmplacement,vannePrincipaleEmplacement,,high,,,,/classes/class[@source='gest.planInterv.Gicleur']/field[@source='mVannePrincEmpl']
class-field,gest.planInterv.Gicleur,mVanneSectEmpl,vanneSectEmplacement,vanneSectEmplacement,Sect,review-needed,,,,/classes/class[@source='gest.planInterv.Gicleur']/field[@source='mVanneSectEmpl']
class-field,gest.planInterv.Gicleur,mLieuInteret,lieuInteret,lieuInteret,lieu,review-needed,,,,/classes/class[@source='gest.planInterv.Gicleur']/field[@source='mLieuInteret']
class-field,gest.planInterv.Gicleur,mZoneProt,zoneProtegee,zoneProtegee,zone,review-needed,,,,/classes/class[@source='gest.planInterv.Gicleur']/field[@source='mZoneProt']
class-field,gest.planInterv.ColonneMontante,mIDRaccord,idRaccord,idRaccord,,high,,,,/classes/class[@source='gest.planInterv.ColonneMontante']/field[@source='mIDRaccord']
class-field,gest.planInterv.ColonneMontante,mIDRaccordCageEscalier,idRaccordCageEscalier,idRaccordCageEscalier,Cage,review-needed,,,,/classes/class[@source='gest.planInterv.ColonneMontante']/field[@source='mIDRaccordCageEscalier']
class-field,gest.planInterv.ColonneMontante,mIDRaccordPlafondSolive,idRaccordPlafondSolive,idRaccordPlafondSolive,,high,,,,/classes/class[@source='gest.planInterv.ColonneMontante']/field[@source='mIDRaccordPlafondSolive']
class-field,gest.planInterv.ColonneMontante,mCageEscalier,cageEscalier,cageEscalier,cage,review-needed,,,,/classes/class[@source='gest.planInterv.ColonneMontante']/field[@source='mCageEscalier']
class-field,gest.planInterv.ColonneMontante,mConnectIdentiqueSSI,connectIdentiqueSSI,connectIdentiqueSsi,SSI,review-needed,,,,/classes/class[@source='gest.planInterv.ColonneMontante']/field[@source='mConnectIdentiqueSSI']
class-field,gest.planInterv.ColonneMontante,mPlafondSolive,plafondSolive,plafondSolive,,high,,,,/classes/class[@source='gest.planInterv.ColonneMontante']/field[@source='mPlafondSolive']
class-field,gest.planInterv.ColonneMontante,mPorteeTotale,porteeTotale,porteeTotale,,high,,,,/classes/class[@source='gest.planInterv.ColonneMontante']/field[@source='mPorteeTotale']
class-field,gest.planInterv.ColonneMontante,mCombineGicleur,combineGicleur,combineGicleur,,high,,,,/classes/class[@source='gest.planInterv.ColonneMontante']/field[@source='mCombineGicleur']
class-field,gest.planInterv.ColonneMontante,mEmpl,empl,empl,empl,review-needed,,,,/classes/class[@source='gest.planInterv.ColonneMontante']/field[@source='mEmpl']
class-field,gest.planInterv.ColonneMontante,mEmplAutre,emplAutre,emplAutre,empl,review-needed,,,,/classes/class[@source='gest.planInterv.ColonneMontante']/field[@source='mEmplAutre']
class-field,gest.planInterv.ColonneMontante,mType,type,type,type,review-needed,,,,/classes/class[@source='gest.planInterv.ColonneMontante']/field[@source='mType']
class-field,gest.planInterv.ColonneMontante,mZoneProt,zoneProt,zoneProt,zone|Prot,review-needed,,,,/classes/class[@source='gest.planInterv.ColonneMontante']/field[@source='mZoneProt']
class-field,gest.planInterv.ProtSpec,mPorteeTotale,porteeTotale,porteeTotale,,high,,,,/classes/class[@source='gest.planInterv.ProtSpec']/field[@source='mPorteeTotale']
class-field,gest.planInterv.ProtSpec,mEmpl,emplacement,emplacement,,high,,,,/classes/class[@source='gest.planInterv.ProtSpec']/field[@source='mEmpl']
class-field,gest.planInterv.ProtSpec,mType,type,type,type,review-needed,,,,/classes/class[@source='gest.planInterv.ProtSpec']/field[@source='mType']
class-field,gest.planInterv.ProtSpec,mZoneProt,zoneProtegee,zoneProtegee,zone,review-needed,,,,/classes/class[@source='gest.planInterv.ProtSpec']/field[@source='mZoneProt']
class-field,gest.planInterv.Exposition,mChargeThermique,chargeThermique,chargeThermique,,high,,,,/classes/class[@source='gest.planInterv.Exposition']/field[@source='mChargeThermique']
class-field,gest.planInterv.Exposition,mDanger,danger,danger,,high,,,,/classes/class[@source='gest.planInterv.Exposition']/field[@source='mDanger']
class-field,gest.planInterv.Exposition,mNom,nom,nom,nom,review-needed,,,,/classes/class[@source='gest.planInterv.Exposition']/field[@source='mNom']
class-field,gest.planInterv.Exposition,mPriorite,priorite,priorite,,high,,,,/classes/class[@source='gest.planInterv.Exposition']/field[@source='mPriorite']
class-field,gest.planInterv.Exposition,mGicleur,gicleur,gicleur,,high,,,,/classes/class[@source='gest.planInterv.Exposition']/field[@source='mGicleur']
class-field,gest.planInterv.Exposition,mEspacement,espacement,espacement,,high,,,,/classes/class[@source='gest.planInterv.Exposition']/field[@source='mEspacement']
class-field,gest.planInterv.Exposition,mConst,construction,construction,,high,,,,/classes/class[@source='gest.planInterv.Exposition']/field[@source='mConst']
class-field,gest.planInterv.PlanRepartiteur,mLieuInteret,lieuInteret,lieuInteret,lieu,review-needed,,,,/classes/class[@source='gest.planInterv.PlanRepartiteur']/field[@source='mLieuInteret']
class-field,gest.planInterv.PlanRepartiteur,mVectRepartDirective,listeRepartDirective,listeRepartDirective,,high,,,,/classes/class[@source='gest.planInterv.PlanRepartiteur']/field[@source='mVectRepartDirective']
class-field,gest.planInterv.RepartDirective,mVectDirective,listeDirective,listeDirective,,high,,,,/classes/class[@source='gest.planInterv.RepartDirective']/field[@source='mVectDirective']
class-field,gest.planInterv.RepartDirective,mVectPlageHoraire,listePlageHoraire,listePlageHoraire,,high,,,,/classes/class[@source='gest.planInterv.RepartDirective']/field[@source='mVectPlageHoraire']
class-field,gest.planInterv.RepartDirective,mVectIDCodeAppel,listeIDCodeAppel,listeIdCodeAppel,Code,review-needed,,,,/classes/class[@source='gest.planInterv.RepartDirective']/field[@source='mVectIDCodeAppel']
class-field,gest.secCiv.DroitAccesRessSecCiv,mIDRessSecCiv,idRessourceSecuriteCivile,idRessourceSecuriteCivile,,high,,,,/classes/class[@source='gest.secCiv.DroitAccesRessSecCiv']/field[@source='mIDRessSecCiv']
class-field,gest.secCiv.DroitAccesRessSecCiv,mDroitAcces,droitAcces,droitAcces,,high,,,,/classes/class[@source='gest.secCiv.DroitAccesRessSecCiv']/field[@source='mDroitAcces']
class-field,gest.planInterv.PlanRisque,mDangEmpl,dangEmpl,dangEmpl,dang|Empl,review-needed,,,,/classes/class[@source='gest.planInterv.PlanRisque']/field[@source='mDangEmpl']
class-field,gest.planInterv.PlanRisque,mDangEmplInvent,dangEmplInvent,dangEmplInvent,dang|Empl,review-needed,,,,/classes/class[@source='gest.planInterv.PlanRisque']/field[@source='mDangEmplInvent']
class-field,gest.planInterv.PlanRisque,mDangInvent,dangInvent,dangInvent,dang,review-needed,,,,/classes/class[@source='gest.planInterv.PlanRisque']/field[@source='mDangInvent']
class-field,gest.planInterv.PlanRisque,mOrdChute,ordChute,ordChute,ord,review-needed,,,,/classes/class[@source='gest.planInterv.PlanRisque']/field[@source='mOrdChute']
class-field,gest.planInterv.PlanRisque,mOrdChuteGicleur,ordChuteGicleur,ordChuteGicleur,ord,review-needed,,,,/classes/class[@source='gest.planInterv.PlanRisque']/field[@source='mOrdChuteGicleur']
class-field,gest.planInterv.PlanRisque,mOrdCompact,ordCompact,ordCompact,ord,review-needed,,,,/classes/class[@source='gest.planInterv.PlanRisque']/field[@source='mOrdCompact']
class-field,gest.planInterv.PlanRisque,mOrdCompactRelieInt,ordCompactRelieInt,ordCompactRelieInt,ord|Int,review-needed,,,,/classes/class[@source='gest.planInterv.PlanRisque']/field[@source='mOrdCompactRelieInt']
class-field,gest.planInterv.PlanRisque,mOrdDetail,ordDetail,ordDetail,ord,review-needed,,,,/classes/class[@source='gest.planInterv.PlanRisque']/field[@source='mOrdDetail']
class-field,gest.planInterv.PlanRisque,mOrdIncinerateur,ordIncinerateur,ordIncinerateur,ord,review-needed,,,,/classes/class[@source='gest.planInterv.PlanRisque']/field[@source='mOrdIncinerateur']
class-field,gest.planInterv.PlanRisque,mProcEmpl,procEmpl,processusEmpl,Empl,review-needed,,,,/classes/class[@source='gest.planInterv.PlanRisque']/field[@source='mProcEmpl']
class-field,gest.planInterv.PlanRisque,mRadioEmpl,radioEmpl,radioEmpl,Empl,review-needed,,,,/classes/class[@source='gest.planInterv.PlanRisque']/field[@source='mRadioEmpl']
class-field,gest.planInterv.PlanRisque,mReagEmpl,reagEmpl,reagEmpl,reag|Empl,review-needed,,,,/classes/class[@source='gest.planInterv.PlanRisque']/field[@source='mReagEmpl']
class-field,gest.planInterv.PlanRisque,mReagType,reagType,reagType,reag|Type,review-needed,,,,/classes/class[@source='gest.planInterv.PlanRisque']/field[@source='mReagType']
class-field,gest.planInterv.PlanRisque,mRisquesAuPersonnel,risquesAuPersonnel,risquesAuPersonnel,Au,review-needed,,,,/classes/class[@source='gest.planInterv.PlanRisque']/field[@source='mRisquesAuPersonnel']
class-field,gest.planInterv.PlanSecurite,mPersonnesNecessitantAssistance,personnesNecessitantAssistance,personnesNecessitantAssistance,,high,,,,/classes/class[@source='gest.planInterv.PlanSecurite']/field[@source='mPersonnesNecessitantAssistance']
class-field,gest.planInterv.PlanSecurite,mPlanSecurite,planSecurite,planSecurite,plan,review-needed,,,,/classes/class[@source='gest.planInterv.PlanSecurite']/field[@source='mPlanSecurite']
class-field,gest.planInterv.PlanSecurite,mPointRassemblement,pointRassemblement,pointRassemblement,,high,,,,/classes/class[@source='gest.planInterv.PlanSecurite']/field[@source='mPointRassemblement']
class-field,gest.planInterv.PlanSecurite,mSecurPersonne,securPersonne,securPersonne,,high,,,,/classes/class[@source='gest.planInterv.PlanSecurite']/field[@source='mSecurPersonne']
class-field,gest.planInterv.PlanServPub,mPreocOccup,preocOccup,preocOccup,,high,,,,/classes/class[@source='gest.planInterv.PlanServPub']/field[@source='mPreocOccup']
class-field,gest.planInterv.PlanServPub,mPreocOccupPersRess,preocOccupPersRess,preocOccupPersonneRess,Ress,review-needed,,,,/classes/class[@source='gest.planInterv.PlanServPub']/field[@source='mPreocOccupPersRess']
class-field,gest.planInterv.PlanServPub,mPreocProc,preocProc,preocProcessus,,high,,,,/classes/class[@source='gest.planInterv.PlanServPub']/field[@source='mPreocProc']
class-field,gest.planInterv.PlanServPub,mPreocProcPersRess,preocProcPersRess,preocProcessusPersonneRess,Ress,review-needed,,,,/classes/class[@source='gest.planInterv.PlanServPub']/field[@source='mPreocProcPersRess']
class-field,gest.planInterv.PlanServPub,mRessSpec,ressSpec,ressSpec,ress|Spec,review-needed,,,,/classes/class[@source='gest.planInterv.PlanServPub']/field[@source='mRessSpec']
class-field,gest.planInterv.PlanServPub,mVectInfoServPub,listeInfoServPub,listeInformationServPub,Serv|Pub,review-needed,,,,/classes/class[@source='gest.planInterv.PlanServPub']/field[@source='mVectInfoServPub']
class-field,gest.plancher.Plancher,mVectCodesAgricole,listeCodesAgricole,listeCodesAgricole,,high,,,,/classes/class[@source='gest.plancher.Plancher']/field[@source='mVectCodesAgricole']
class-field,gest.plancher.Plancher,mVectCodesSMI,listeCodesSMI,listeCodesSmi,SMI,review-needed,,,,/classes/class[@source='gest.plancher.Plancher']/field[@source='mVectCodesSMI']
class-field,gest.plancher.Plancher,mVectCodesSMICommercial,listeCodesSMICommercial,listeCodesSmiCommercial,SMI,review-needed,,,,/classes/class[@source='gest.plancher.Plancher']/field[@source='mVectCodesSMICommercial']
class-field,gest.preference.Preference,mElement,element,element,,high,,,,/classes/class[@source='gest.preference.Preference']/field[@source='mElement']
class-field,gest.preference.Preference,mFrame,frame,frame,,high,,,,/classes/class[@source='gest.preference.Preference']/field[@source='mFrame']
class-field,gest.preference.Preference,mIDUtilGroupe,idUtilGroupe,idUtilGroupe,Util,review-needed,,,,/classes/class[@source='gest.preference.Preference']/field[@source='mIDUtilGroupe']
class-field,gest.preference.Preference,mMethode,methode,methode,,high,,,,/classes/class[@source='gest.preference.Preference']/field[@source='mMethode']
class-field,gest.preference.Preference,mValeur,valeur,valeur,,high,,,,/classes/class[@source='gest.preference.Preference']/field[@source='mValeur']
class-field,gest.prevention.ParamFormWebParSSI,mClientID,clientId,clientId,,high,,,,/classes/class[@source='gest.prevention.ParamFormWebParSSI']/field[@source='mClientID']
class-field,gest.prevention.ParamFormWebParSSI,mCodeUsager,codeUsager,codeUsager,code,review-needed,,,,/classes/class[@source='gest.prevention.ParamFormWebParSSI']/field[@source='mCodeUsager']
class-field,gest.prevention.ParamFormWebParSSI,mPassword,password,password,,high,,,,/classes/class[@source='gest.prevention.ParamFormWebParSSI']/field[@source='mPassword']
class-field,gest.prevention.ParamPrevention,mConfigCompressionImages,configCompressionImages,configCompressionImages,,high,,,,/classes/class[@source='gest.prevention.ParamPrevention']/field[@source='mConfigCompressionImages']
class-field,gest.prevention.ParamPrevention,mDefautEmission,defautEmission,defautEmission,,high,,,,/classes/class[@source='gest.prevention.ParamPrevention']/field[@source='mDefautEmission']
class-field,gest.prevention.ParamPrevention,mFormatNumerotationReinspection,formatNumerotationReinspection,formatNumerotationReinspection,,high,,,,/classes/class[@source='gest.prevention.ParamPrevention']/field[@source='mFormatNumerotationReinspection']
class-field,gest.prevention.ParamPrevention,mInclureAnomCorrigeDansAvis,inclureAnomCorrigeDansAvis,inclureAnomCorrigeDansAvis,Anom|Dans|Avis,review-needed,,,,/classes/class[@source='gest.prevention.ParamPrevention']/field[@source='mInclureAnomCorrigeDansAvis']
class-field,gest.prevention.ParamPrevention,mOngletAPlanifier,ongletAPlanifier,ongletAPlanifier,A,review-needed,,,,/classes/class[@source='gest.prevention.ParamPrevention']/field[@source='mOngletAPlanifier']
class-field,gest.prevention.ParamPrevention,mParamExportDonnees,paramExportDonnees,parametreExportDonnees,,high,,,,/classes/class[@source='gest.prevention.ParamPrevention']/field[@source='mParamExportDonnees']
class-field,gest.prevention.ParamPrevention,mPeriodicite,periodicite,periodicite,,high,,,,/classes/class[@source='gest.prevention.ParamPrevention']/field[@source='mPeriodicite']
class-field,gest.prevention.ParamPrevention,mPrevAvis,prevAvis,previsionAvis,Avis,review-needed,,,,/classes/class[@source='gest.prevention.ParamPrevention']/field[@source='mPrevAvis']
class-field,gest.prevention.ParamPrevention,mPrevForm,prevForm,previsionForm,Form,review-needed,,,,/classes/class[@source='gest.prevention.ParamPrevention']/field[@source='mPrevForm']
class-field,gest.prevention.ParamPrevention,mRechercheAutoAuDemarrage,rechercheAutoAuDemarrage,rechercheAutomatiqueAuDemarrage,Au,review-needed,,,,/classes/class[@source='gest.prevention.ParamPrevention']/field[@source='mRechercheAutoAuDemarrage']
class-field,gest.prevention.ParamPrevention,mStrategieNumerotationActivite,strategieNumerotationActivite,strategieNumerotationActivite,,high,,,,/classes/class[@source='gest.prevention.ParamPrevention']/field[@source='mStrategieNumerotationActivite']
class-field,gest.prevention.ParamPrevention,mTypeReinspection,typeReinspection,typeReinspection,type,review-needed,,,,/classes/class[@source='gest.prevention.ParamPrevention']/field[@source='mTypeReinspection']
class-field,gest.prevention.ParamPrevention,mVectCompteursParTypePrev,listeCompteursParTypePrev,listeCompteursParTypePrevision,Par|Type,review-needed,,,,/classes/class[@source='gest.prevention.ParamPrevention']/field[@source='mVectCompteursParTypePrev']
class-field,gest.prevention.ParamPrevention,mVectIDTypeChampPersoCol,listeIdTypeChampPersoCol,listeIdTypeChampPersoCol,Type|Col,review-needed,,,,/classes/class[@source='gest.prevention.ParamPrevention']/field[@source='mVectIDTypeChampPersoCol']
class-field,gest.prevention.ParamPrevention,mVectMotsClesAnom,listeMotsClesAnom,listeMotsClesAnom,Mots|Cles|Anom,review-needed,,,,/classes/class[@source='gest.prevention.ParamPrevention']/field[@source='mVectMotsClesAnom']
class-field,gest.prevention.ParamPrevention,mHashParamAvis,hashParamAvis,hashParametreAvis,hash|Avis,review-needed,,,,/classes/class[@source='gest.prevention.ParamPrevention']/field[@source='mHashParamAvis']
class-field,gest.prevention.AssocMotCleTexte,mNom,nom,nom,nom,review-needed,,,,/classes/class[@source='gest.prevention.AssocMotCleTexte']/field[@source='mNom']
class-field,gest.prevention.ParamPrevention$NCompteurParTypePrev,mParamActivite,paramActivite,parametreActivite,,high,,,,/classes/class[@source='gest.prevention.ParamPrevention$NCompteurParTypePrev']/field[@source='mParamActivite']
class-field,gest.prevention.ParamPrevention$NCompteurParTypePrev,mVectIDGroupe,listeIDGroupe,listeIdGroupe,,high,,,,/classes/class[@source='gest.prevention.ParamPrevention$NCompteurParTypePrev']/field[@source='mVectIDGroupe']
class-field,gest.gen.EntiteParam.NCompteur,mParamActivite,paramActivite,parametreActivite,,high,,,,/classes/class[@source='gest.gen.EntiteParam.NCompteur']/field[@source='mParamActivite']
class-field,gest.gen.EntiteParam.NCompteur,mVectIDGroupe,listeIDGroupe,listeIdGroupe,,high,,,,/classes/class[@source='gest.gen.EntiteParam.NCompteur']/field[@source='mVectIDGroupe']
class-field,gest.prevention.PhotoFichPrev,mCompteurReinspect,compteurReinspect,compteurReinspect,,high,,,,/classes/class[@source='gest.prevention.PhotoFichPrev']/field[@source='mCompteurReinspect']
class-field,gest.prevention.PhotoFichPrev,mEstUnAvis,estUnAvis,estUnAvis,est|Un|Avis,review-needed,,,,/classes/class[@source='gest.prevention.PhotoFichPrev']/field[@source='mEstUnAvis']
class-field,gest.prevention.PhotoFichPrev,mFormulaireWeb,formulaireWeb,formulaireWeb,Web,review-needed,,,,/classes/class[@source='gest.prevention.PhotoFichPrev']/field[@source='mFormulaireWeb']
class-field,gest.prevention.PhotoFichPrev,mInclureDansAvis,inclureDansAvis,inclureDansAvis,Dans|Avis,review-needed,,,,/classes/class[@source='gest.prevention.PhotoFichPrev']/field[@source='mInclureDansAvis']
class-field,gest.prevention.PrevAnom,mCmptReinspectLorsAjout,cmptReinspectLorsAjout,cmptReinspectLorsAjout,cmpt|Lors,review-needed,,,,/classes/class[@source='gest.prevention.PrevAnom']/field[@source='mCmptReinspectLorsAjout']
class-field,gest.prevention.PrevAnom,mCorrige,corrige,corrige,,high,,,,/classes/class[@source='gest.prevention.PrevAnom']/field[@source='mCorrige']
class-field,gest.prevention.PrevAnom,mDateCorrige,dateCorrige,dateCorrige,date,review-needed,,,,/classes/class[@source='gest.prevention.PrevAnom']/field[@source='mDateCorrige']
class-field,gest.prevention.PrevAnom,mDelaiDate,delaiDate,delaiDate,Date,review-needed,,,,/classes/class[@source='gest.prevention.PrevAnom']/field[@source='mDelaiDate']
class-field,gest.prevention.PrevAnom,mDelaiNbrJour,delaiNbrJour,delaiNombreJour,Jour,review-needed,,,,/classes/class[@source='gest.prevention.PrevAnom']/field[@source='mDelaiNbrJour']
class-field,gest.prevention.PrevAnom,mIdentParamFigureSaisie,identParamFigureSaisie,identParametreFigureSaisie,,high,,,,/classes/class[@source='gest.prevention.PrevAnom']/field[@source='mIdentParamFigureSaisie']
class-field,gest.prevention.PrevAnom,mIdentSection,identSection,identSection,,high,,,,/classes/class[@source='gest.prevention.PrevAnom']/field[@source='mIdentSection']
class-field,gest.prevention.PrevAnom,mIdentSectionConditionnelle,identSectionConditionnelle,identSectionConditionnelle,,high,,,,/classes/class[@source='gest.prevention.PrevAnom']/field[@source='mIdentSectionConditionnelle']
class-field,gest.prevention.PrevAnom,mLieu,lieu,lieu,lieu,review-needed,,,,/classes/class[@source='gest.prevention.PrevAnom']/field[@source='mLieu']
class-field,gest.prevention.PrevAnom,mReinspection,reinspection,reinspection,,high,,,,/classes/class[@source='gest.prevention.PrevAnom']/field[@source='mReinspection']
class-field,gest.prevention.PrevAnom,mTexteAnom,texteAnom,texteAnom,Anom,review-needed,,,,/classes/class[@source='gest.prevention.PrevAnom']/field[@source='mTexteAnom']
class-field,gest.prevention.PrevAnom,mTypeDelai,typeDelai,typeDelai,type,review-needed,,,,/classes/class[@source='gest.prevention.PrevAnom']/field[@source='mTypeDelai']
class-field,gest.prevention.PrevAnom,mIDTypeAnom,idTypeAnom,idTypeAnom,Type|Anom,review-needed,,,,/classes/class[@source='gest.prevention.PrevAnom']/field[@source='mIDTypeAnom']
class-field,gest.prevention.PrevAvis,mVectRapportAvis,listeRapportAvis,listeRapportAvis,Avis,review-needed,,,,/classes/class[@source='gest.prevention.PrevAvis']/field[@source='mVectRapportAvis']
class-field,gest.prevention.PrevAvis,mIDRappAvis1,idRappAvis1,idRappAvis1,Rapp,review-needed,,,,/classes/class[@source='gest.prevention.PrevAvis']/field[@source='mIDRappAvis1']
class-field,gest.prevention.PrevAvis,mIDRappAvis2,idRappAvis2,idRappAvis2,Rapp,review-needed,,,,/classes/class[@source='gest.prevention.PrevAvis']/field[@source='mIDRappAvis2']
class-field,gest.prevention.PrevAvis,mIDRappAvis3,idRappAvis3,idRappAvis3,Rapp,review-needed,,,,/classes/class[@source='gest.prevention.PrevAvis']/field[@source='mIDRappAvis3']
class-field,gest.prevention.PrevAvis,mIDRappAvisPrev,idRappAvisPrev,idRappAvisPrevision,Rapp|Avis,review-needed,,,,/classes/class[@source='gest.prevention.PrevAvis']/field[@source='mIDRappAvisPrev']
class-field,gest.prevention.PrevForm,mIDRappForm,idRappForm,idRappForm,Rapp|Form,review-needed,,,,/classes/class[@source='gest.prevention.PrevForm']/field[@source='mIDRappForm']
class-field,gest.prevention.PrevForm,mIDRappFormDefaut,idRappFormDefaut,idRappFormDefaut,Rapp|Form,review-needed,,,,/classes/class[@source='gest.prevention.PrevForm']/field[@source='mIDRappFormDefaut']
class-field,gest.prevention.Prevention,mAvisEmission,avisEmission,avisEmission,avis,review-needed,,,,/classes/class[@source='gest.prevention.Prevention']/field[@source='mAvisEmission']
class-field,gest.prevention.Prevention,mCmptInspect,cmptInspect,cmptInspect,cmpt,review-needed,,,,/classes/class[@source='gest.prevention.Prevention']/field[@source='mCmptInspect']
class-field,gest.prevention.Prevention,mCodeAccesFormWeb,codeAccesFormWeb,codeAccesFormWeb,code|Form|Web,review-needed,,,,/classes/class[@source='gest.prevention.Prevention']/field[@source='mCodeAccesFormWeb']
class-field,gest.prevention.Prevention,mIdentJour,identJour,identJour,Jour,review-needed,,,,/classes/class[@source='gest.prevention.Prevention']/field[@source='mIdentJour']
class-field,gest.prevention.Prevention,mMD5Avis,md5Avis,md5Avis,md5|Avis,review-needed,,,,/classes/class[@source='gest.prevention.Prevention']/field[@source='mMD5Avis']
class-field,gest.prevention.Prevention,mNarratif,narratif,narratif,,high,,,,/classes/class[@source='gest.prevention.Prevention']/field[@source='mNarratif']
class-field,gest.prevention.Prevention,mNarratifsPrec,narratifsPrec,narratifsPrec,Prec,review-needed,,,,/classes/class[@source='gest.prevention.Prevention']/field[@source='mNarratifsPrec']
class-field,gest.prevention.Prevention,mNumActivite,numActivite,numeroActivite,,high,,,,/classes/class[@source='gest.prevention.Prevention']/field[@source='mNumActivite']
class-field,gest.prevention.Prevention,mStatut,statut,statut,,high,,,,/classes/class[@source='gest.prevention.Prevention']/field[@source='mStatut']
class-field,gest.prevention.Prevention,mTexteAvis,texteAvis,texteAvis,Avis,review-needed,,,,/classes/class[@source='gest.prevention.Prevention']/field[@source='mTexteAvis']
class-field,gest.prevention.Prevention,mTexteIntro,texteIntro,texteIntro,,high,,,,/classes/class[@source='gest.prevention.Prevention']/field[@source='mTexteIntro']
class-field,gest.prevention.Prevention,mVectChampPerso,listeChampPerso,listeChampPerso,,high,,,,/classes/class[@source='gest.prevention.Prevention']/field[@source='mVectChampPerso']
class-field,gest.prevention.Prevention,mVectEtape,listeEtape,listeEtape,,high,,,,/classes/class[@source='gest.prevention.Prevention']/field[@source='mVectEtape']
class-field,gest.prevention.Prevention,mVectHistoActivite,listeHistoActivite,listeHistoActivite,,high,,,,/classes/class[@source='gest.prevention.Prevention']/field[@source='mVectHistoActivite']
class-field,gest.prevention.Prevention,mVectInfoHistoEmploye,listeInfoHistoEmploye,listeInformationHistoEmploye,,high,,,,/classes/class[@source='gest.prevention.Prevention']/field[@source='mVectInfoHistoEmploye']
class-field,gest.prevention.Prevention,mVectPrevAnom,listePrevAnom,listePrevisionAnom,Anom,review-needed,,,,/classes/class[@source='gest.prevention.Prevention']/field[@source='mVectPrevAnom']
class-field,gest.prevention.Prevention,mVectReport,listeReport,listeReport,,high,,,,/classes/class[@source='gest.prevention.Prevention']/field[@source='mVectReport']
class-field,gest.prevention.Prevention,mIDAssigneA,idAssigneA,idAssigneA,A,review-needed,,,,/classes/class[@source='gest.prevention.Prevention']/field[@source='mIDAssigneA']
class-field,gest.prevention.Prevention,mIDAuteur,idAuteur,idAuteur,,high,,,,/classes/class[@source='gest.prevention.Prevention']/field[@source='mIDAuteur']
class-field,gest.prevention.Prevention,mIDAvis,idAvis,idAvis,Avis,review-needed,,,,/classes/class[@source='gest.prevention.Prevention']/field[@source='mIDAvis']
class-field,gest.prevention.Prevention,mIDAvisAvecSignature,idAvisAvecSignature,idAvisAvecSignature,Avis|Avec,review-needed,,,,/classes/class[@source='gest.prevention.Prevention']/field[@source='mIDAvisAvecSignature']
class-field,gest.prevention.Prevention,mIDPrevAvisAssoc,idPrevAvisAssoc,idPrevisionAvisAssociation,Avis,review-needed,,,,/classes/class[@source='gest.prevention.Prevention']/field[@source='mIDPrevAvisAssoc']
class-field,gest.prevention.Prevention,mIDPrevSrc,idPrevSrc,idPrevisionSrc,Src,review-needed,,,,/classes/class[@source='gest.prevention.Prevention']/field[@source='mIDPrevSrc']
class-field,gest.prevention.Prevention,mIDPreventionSrc,idPreventionSrc,idPreventionSrc,Src,review-needed,,,,/classes/class[@source='gest.prevention.Prevention']/field[@source='mIDPreventionSrc']
class-field,gest.prevention.Prevention,mIDResponsable,idResponsable,idResponsable,,high,,,,/classes/class[@source='gest.prevention.Prevention']/field[@source='mIDResponsable']
class-field,gest.prevention.Prevention,mIDTypePrev,idTypePrev,idTypePrevision,Type,review-needed,,,,/classes/class[@source='gest.prevention.Prevention']/field[@source='mIDTypePrev']
class-field,gest.prevention.Prevention,mFormWebEnqueteUUID,formWebEnqueteUUID,formWebEnqueteUuid,form|Web|UUID,review-needed,,,,/classes/class[@source='gest.prevention.Prevention']/field[@source='mFormWebEnqueteUUID']
class-field,gest.prevention.Prevention,mFormWebOwnerUUID,formWebOwnerUUID,formWebOwnerUuid,form|Web|UUID,review-needed,,,,/classes/class[@source='gest.prevention.Prevention']/field[@source='mFormWebOwnerUUID']
class-field,gest.prevention.Prevention,mFormWebStatut,formWebStatut,formWebStatut,form|Web,review-needed,,,,/classes/class[@source='gest.prevention.Prevention']/field[@source='mFormWebStatut']
class-field,gest.prevention.Prevention,mHshSectCondValeurCPOri,hshSectCondValeurCPOri,hshSectCondValeurCodePostalOri,hsh|Sect|Cond|Ori,review-needed,,,,/classes/class[@source='gest.prevention.Prevention']/field[@source='mHshSectCondValeurCPOri']
class-field,gest.prevention.Prevention,mHshSectCondValeurCPOriDossPrev,hshSectCondValeurCPOriDossPrev,hshSectCondValeurCodePostalOriDossPrevision,hsh|Sect|Cond|Ori|Doss,review-needed,,,,/classes/class[@source='gest.prevention.Prevention']/field[@source='mHshSectCondValeurCPOriDossPrev']
class-field,gest.prevention.Prevention,mHshSectCondValeursOri,hshSectCondValeursOri,hshSectCondValeursOri,hsh|Sect|Cond|Ori,review-needed,,,,/classes/class[@source='gest.prevention.Prevention']/field[@source='mHshSectCondValeursOri']
class-field,gest.prevention.Prevention,mHshSectCondValeursOriDossPrev,hshSectCondValeursOriDossPrev,hshSectCondValeursOriDossPrevision,hsh|Sect|Cond|Ori|Doss,review-needed,,,,/classes/class[@source='gest.prevention.Prevention']/field[@source='mHshSectCondValeursOriDossPrev']
class-field,gest.prevention.RapportAvis,mTypeAvis,typeAvis,typeAvis,type|Avis,review-needed,,,,/classes/class[@source='gest.prevention.RapportAvis']/field[@source='mTypeAvis']
class-field,gest.prevention.RapportAvis,mIDRapport,idRapport,idRapport,,high,,,,/classes/class[@source='gest.prevention.RapportAvis']/field[@source='mIDRapport']
class-field,gest.processus.Etape,mMobile,mobile,mobile,,high,,,,/classes/class[@source='gest.processus.Etape']/field[@source='mMobile']
class-field,gest.processus.Etape,mNote,note,note,note,review-needed,,,,/classes/class[@source='gest.processus.Etape']/field[@source='mNote']
class-field,gest.processus.Etape,mOperation,operation,operation,,high,,,,/classes/class[@source='gest.processus.Etape']/field[@source='mOperation']
class-field,gest.processus.Etape,mStatut,statut,statut,,high,,,,/classes/class[@source='gest.processus.Etape']/field[@source='mStatut']
class-field,gest.processus.Etape,mIDAssigneA,idAssigneA,idAssigneA,A,review-needed,,,,/classes/class[@source='gest.processus.Etape']/field[@source='mIDAssigneA']
class-field,gest.quart.ParamQuart,mConfigCompressionImages,configCompressionImages,configCompressionImages,,high,,,,/classes/class[@source='gest.quart.ParamQuart']/field[@source='mConfigCompressionImages']
class-field,gest.quart.ParamQuart,mStrategieNumerotationActivite,strategieNumerotationActivite,strategieNumerotationActivite,,high,,,,/classes/class[@source='gest.quart.ParamQuart']/field[@source='mStrategieNumerotationActivite']
class-field,gest.quart.Quart,mHistoActivite,histoActivite,histoActivite,,high,,,,/classes/class[@source='gest.quart.Quart']/field[@source='mHistoActivite']
class-field,gest.quart.Quart,mIdentJour,identJour,identJour,Jour,review-needed,,,,/classes/class[@source='gest.quart.Quart']/field[@source='mIdentJour']
class-field,gest.quart.Quart,mInfoHistoEmploye,infoHistoEmploye,informationHistoEmploye,,high,,,,/classes/class[@source='gest.quart.Quart']/field[@source='mInfoHistoEmploye']
class-field,gest.quart.Quart,mNumActivite,numActivite,numeroActivite,,high,,,,/classes/class[@source='gest.quart.Quart']/field[@source='mNumActivite']
class-field,gest.quart.Quart,mStatut,statut,statut,,high,,,,/classes/class[@source='gest.quart.Quart']/field[@source='mStatut']
class-field,gest.quart.Quart,mVectEtape,listeEtape,listeEtape,,high,,,,/classes/class[@source='gest.quart.Quart']/field[@source='mVectEtape']
class-field,gest.quart.Quart,mIDAssigneA,idAssigneA,idAssigneA,A,review-needed,,,,/classes/class[@source='gest.quart.Quart']/field[@source='mIDAssigneA']
class-field,gest.quart.Quart,mIDAuteur,idAuteur,idAuteur,,high,,,,/classes/class[@source='gest.quart.Quart']/field[@source='mIDAuteur']
class-field,gest.quart.Quart,mIDEquipe,idEquipe,idEquipe,,high,,,,/classes/class[@source='gest.quart.Quart']/field[@source='mIDEquipe']
class-field,gest.quart.Quart,mIDResponsable,idResponsable,idResponsable,,high,,,,/classes/class[@source='gest.quart.Quart']/field[@source='mIDResponsable']
class-field,gest.raisonReport.RaisonReport,mUtiliserAvis,utiliserAvis,utiliserAvis,Avis,review-needed,,,,/classes/class[@source='gest.raisonReport.RaisonReport']/field[@source='mUtiliserAvis']
class-field,gest.raisonReport.RaisonReport,mIDRapport,idRapport,idRapport,,high,,,,/classes/class[@source='gest.raisonReport.RaisonReport']/field[@source='mIDRapport']
class-field,gest.rapport.Rapport,mAutoPrint,autoPrint,automatiquePrint,,high,,,,/classes/class[@source='gest.rapport.Rapport']/field[@source='mAutoPrint']
class-field,gest.rapport.Rapport,mClassPrintRapport,classPrintRapport,classPrintRapport,,high,,,,/classes/class[@source='gest.rapport.Rapport']/field[@source='mClassPrintRapport']
class-field,gest.rapport.Rapport,mModule,module,module,,high,,,,/classes/class[@source='gest.rapport.Rapport']/field[@source='mModule']
class-field,gest.rapport.Rapport,mNomFichierExportParDefaut,nomFichierExportParDefaut,nomFichierExportParDefaut,nom|Par,review-needed,,,,/classes/class[@source='gest.rapport.Rapport']/field[@source='mNomFichierExportParDefaut']
class-field,gest.rapport.Rapport,mNomPerso,nomPerso,nomPerso,nom,review-needed,,,,/classes/class[@source='gest.rapport.Rapport']/field[@source='mNomPerso']
class-field,gest.rapport.Rapport,mPeriodicite,periodicite,periodicite,,high,,,,/classes/class[@source='gest.rapport.Rapport']/field[@source='mPeriodicite']
class-field,gest.rapport.Rapport,mUtiliseDefaut,utiliseDefaut,utiliseDefaut,,high,,,,/classes/class[@source='gest.rapport.Rapport']/field[@source='mUtiliseDefaut']
class-field,gest.rapport.Rapport,mValidationV13Faite,validationV13Faite,validationV13Faite,V13,review-needed,,,,/classes/class[@source='gest.rapport.Rapport']/field[@source='mValidationV13Faite']
class-field,gest.rapport.Rapport,mVectPageSupp,listePageSupp,listePageSupp,Page|Supp,review-needed,,,,/classes/class[@source='gest.rapport.Rapport']/field[@source='mVectPageSupp']
class-field,gest.rapport.Rapport,mVectSousRapport,listeSousRapport,listeSousRapport,Sous,review-needed,,,,/classes/class[@source='gest.rapport.Rapport']/field[@source='mVectSousRapport']
class-field,gest.rapport.Rapport,mIDFichJasper,idFichJasper,idFichJasper,Fich,review-needed,,,,/classes/class[@source='gest.rapport.Rapport']/field[@source='mIDFichJasper']
class-field,gest.rapport.Rapport,mIDFichXML,idFichXML,idFichXml,Fich|XML,review-needed,,,,/classes/class[@source='gest.rapport.Rapport']/field[@source='mIDFichXML']
class-field,gest.rapport.RapportPerso,mUniquementSiAlimente,uniquementSiAlimente,uniquementSiAlimente,Si,review-needed,,,,/classes/class[@source='gest.rapport.RapportPerso']/field[@source='mUniquementSiAlimente']
class-field,gest.rapport.RapportPerso,mVectIDSection,listeIDSection,listeIdSection,,high,,,,/classes/class[@source='gest.rapport.RapportPerso']/field[@source='mVectIDSection']
class-field,gest.rapport.RapportPerso,mIDRapport,idRapport,idRapport,,high,,,,/classes/class[@source='gest.rapport.RapportPerso']/field[@source='mIDRapport']
class-field,gest.rapport.SousRapport,mIdentifiant,identifiant,identifiant,,high,,,,/classes/class[@source='gest.rapport.SousRapport']/field[@source='mIdentifiant']
class-field,gest.rapport.SousRapport,mPeutEtreSelectionne,peutEtreSelectionne,peutEtreSelectionne,peut|Etre,review-needed,,,,/classes/class[@source='gest.rapport.SousRapport']/field[@source='mPeutEtreSelectionne']
class-field,gest.rapport.SousRapport,mSectionVisible,sectionVisible,sectionVisible,,high,,,,/classes/class[@source='gest.rapport.SousRapport']/field[@source='mSectionVisible']
class-field,gest.rci.Combustible,mCombus,combus,combus,,high,,,,/classes/class[@source='gest.rci.Combustible']/field[@source='mCombus']
class-field,gest.rci.Combustible,mCombusDesc,combusDesc,combusDescription,,high,,,,/classes/class[@source='gest.rci.Combustible']/field[@source='mCombusDesc']
class-field,gest.rci.Combustible,mRetenu,retenu,retenu,,high,,,,/classes/class[@source='gest.rci.Combustible']/field[@source='mRetenu']
class-field,gest.rci.Constat,mArrivee,arrivee,arrivee,,high,,,,/classes/class[@source='gest.rci.Constat']/field[@source='mArrivee']
class-field,gest.rci.Constat,mComportDetail,comportDetail,comportDetail,,high,,,,/classes/class[@source='gest.rci.Constat']/field[@source='mComportDetail']
class-field,gest.rci.Constat,mComportVisage,comportVisage,comportVisage,,high,,,,/classes/class[@source='gest.rci.Constat']/field[@source='mComportVisage']
class-field,gest.rci.Constat,mCouleurFlamme,couleurFlamme,couleurFlamme,,high,,,,/classes/class[@source='gest.rci.Constat']/field[@source='mCouleurFlamme']
class-field,gest.rci.Constat,mCouleurFumee,couleurFumee,couleurFumee,,high,,,,/classes/class[@source='gest.rci.Constat']/field[@source='mCouleurFumee']
class-field,gest.rci.Constat,mEmploye,employe,employe,,high,,,,/classes/class[@source='gest.rci.Constat']/field[@source='mEmploye']
class-field,gest.rci.Constat,mOdeur,odeur,odeur,,high,,,,/classes/class[@source='gest.rci.Constat']/field[@source='mOdeur']
class-field,gest.rci.Constat,mPhaseIncendie,phaseIncendie,phaseIncendie,,high,,,,/classes/class[@source='gest.rci.Constat']/field[@source='mPhaseIncendie']
class-field,gest.rci.Constat,mVectAccumul,listeAccumul,listeAccumul,,high,,,,/classes/class[@source='gest.rci.Constat']/field[@source='mVectAccumul']
class-field,gest.rci.Constat,mVectDispositif,listeDispositif,listeDispositif,,high,,,,/classes/class[@source='gest.rci.Constat']/field[@source='mVectDispositif']
class-field,gest.rci.Constat,mVectEffraction,listeEffraction,listeEffraction,,high,,,,/classes/class[@source='gest.rci.Constat']/field[@source='mVectEffraction']
class-field,gest.rci.Constat,mVectFait,listeFait,listeFait,Fait,review-needed,,,,/classes/class[@source='gest.rci.Constat']/field[@source='mVectFait']
class-field,gest.rci.Constat,mVectLocInapprop,listeLocInapprop,listeLocalisationInapprop,,high,,,,/classes/class[@source='gest.rci.Constat']/field[@source='mVectLocInapprop']
class-field,gest.rci.Constat,mVectObservation,listeObservation,listeObservation,,high,,,,/classes/class[@source='gest.rci.Constat']/field[@source='mVectObservation']
class-field,gest.rci.Constat,mVectProduitAccel,listeProduitAccel,listeProduitAccel,,high,,,,/classes/class[@source='gest.rci.Constat']/field[@source='mVectProduitAccel']
class-field,gest.rci.Constat,mVectProtectDefect,listeProtectDefect,listeProtectDefect,,high,,,,/classes/class[@source='gest.rci.Constat']/field[@source='mVectProtectDefect']
class-field,gest.rci.Constat,mVectReactFeu,listeReactFeu,listeReactFeu,Feu,review-needed,,,,/classes/class[@source='gest.rci.Constat']/field[@source='mVectReactFeu']
class-field,gest.rci.Constat,mVitessePropag,vitessePropag,vitessePropag,,high,,,,/classes/class[@source='gest.rci.Constat']/field[@source='mVitessePropag']
class-field,gest.rci.Constat,mIDEmploye,idEmploye,idEmploye,,high,,,,/classes/class[@source='gest.rci.Constat']/field[@source='mIDEmploye']
class-field,gest.rci.Disjoncteur,mVectNFusible,listeNFusible,listeNFusible,N,review-needed,,,,/classes/class[@source='gest.rci.Disjoncteur']/field[@source='mVectNFusible']
class-field,gest.rci.Effraction,mEclatExt,eclatExt,eclatExterne,,high,,,,/classes/class[@source='gest.rci.Effraction']/field[@source='mEclatExt']
class-field,gest.rci.Effraction,mEclatInt,eclatInt,eclatInt,Int,review-needed,,,,/classes/class[@source='gest.rci.Effraction']/field[@source='mEclatInt']
class-field,gest.rci.Effraction,mEclatSuie,eclatSuie,eclatSuie,Suie,review-needed,,,,/classes/class[@source='gest.rci.Effraction']/field[@source='mEclatSuie']
class-field,gest.rci.Effraction,mTrace,trace,trace,,high,,,,/classes/class[@source='gest.rci.Effraction']/field[@source='mTrace']
class-field,gest.rci.ElecTrace,mTrace,trace,trace,,high,,,,/classes/class[@source='gest.rci.ElecTrace']/field[@source='mTrace']
class-field,gest.rci.Expertise,mArrive,arrive,arrive,,high,,,,/classes/class[@source='gest.rci.Expertise']/field[@source='mArrive']
class-field,gest.rci.Expertise,mDemande,demande,demande,,high,,,,/classes/class[@source='gest.rci.Expertise']/field[@source='mDemande']
class-field,gest.rci.Expertise,mExhibit,exhibit,exhibit,,high,,,,/classes/class[@source='gest.rci.Expertise']/field[@source='mExhibit']
class-field,gest.rci.Expertise,mFirme,firme,firme,,high,,,,/classes/class[@source='gest.rci.Expertise']/field[@source='mFirme']
class-field,gest.rci.Expertise,mRepr,repr,repr,repr,review-needed,,,,/classes/class[@source='gest.rci.Expertise']/field[@source='mRepr']
class-field,gest.rci.Expertise,mTitre,titre,titre,,high,,,,/classes/class[@source='gest.rci.Expertise']/field[@source='mTitre']
class-field,gest.rci.Observation,mObserv,observ,observ,,high,,,,/classes/class[@source='gest.rci.Observation']/field[@source='mObserv']
class-field,gest.rci.ParamRci,mAfficherNumeroPiece,afficherNumeroPiece,afficherNumeroPiece,,high,,,,/classes/class[@source='gest.rci.ParamRci']/field[@source='mAfficherNumeroPiece']
class-field,gest.rci.ParamRci,mConfigCompressionImages,configCompressionImages,configCompressionImages,,high,,,,/classes/class[@source='gest.rci.ParamRci']/field[@source='mConfigCompressionImages']
class-field,gest.rci.ParamRci,mStrategieNumerotationActivite,strategieNumerotationActivite,strategieNumerotationActivite,,high,,,,/classes/class[@source='gest.rci.ParamRci']/field[@source='mStrategieNumerotationActivite']
class-field,gest.rci.ProtLieu,mDebut,debut,debut,,high,,,,/classes/class[@source='gest.rci.ProtLieu']/field[@source='mDebut']
class-field,gest.rci.ProtLieu,mFin,fin,fin,,high,,,,/classes/class[@source='gest.rci.ProtLieu']/field[@source='mFin']
class-field,gest.rci.ProtLieu,mOrganisme,organisme,organisme,,high,,,,/classes/class[@source='gest.rci.ProtLieu']/field[@source='mOrganisme']
class-field,gest.rci.ProtLieu,mPersonne,personne,personne,,high,,,,/classes/class[@source='gest.rci.ProtLieu']/field[@source='mPersonne']
class-field,gest.rci.Rci,mDateRedact,dateRedact,dateRedact,date,review-needed,,,,/classes/class[@source='gest.rci.Rci']/field[@source='mDateRedact']
class-field,gest.rci.Rci,mEnqueteur,enqueteur,enqueteur,,high,,,,/classes/class[@source='gest.rci.Rci']/field[@source='mEnqueteur']
class-field,gest.rci.Rci,mIdentJour,identJour,identJour,Jour,review-needed,,,,/classes/class[@source='gest.rci.Rci']/field[@source='mIdentJour']
class-field,gest.rci.Rci,mIntensite,intensite,intensite,,high,,,,/classes/class[@source='gest.rci.Rci']/field[@source='mIntensite']
class-field,gest.rci.Rci,mIntervCause,intervCause,interventionCause,,high,,,,/classes/class[@source='gest.rci.Rci']/field[@source='mIntervCause']
class-field,gest.rci.Rci,mMandat,mandat,mandat,,high,,,,/classes/class[@source='gest.rci.Rci']/field[@source='mMandat']
class-field,gest.rci.Rci,mMandataire,mandataire,mandataire,,high,,,,/classes/class[@source='gest.rci.Rci']/field[@source='mMandataire']
class-field,gest.rci.Rci,mNumActivite,numActivite,numeroActivite,,high,,,,/classes/class[@source='gest.rci.Rci']/field[@source='mNumActivite']
class-field,gest.rci.Rci,mRciAnalyse,rciAnalyse,rciAnalyse,rci,review-needed,,,,/classes/class[@source='gest.rci.Rci']/field[@source='mRciAnalyse']
class-field,gest.rci.Rci,mRciCause,rciCause,rciCause,rci,review-needed,,,,/classes/class[@source='gest.rci.Rci']/field[@source='mRciCause']
class-field,gest.rci.Rci,mRciConclusion,rciConclusion,rciConclusion,rci,review-needed,,,,/classes/class[@source='gest.rci.Rci']/field[@source='mRciConclusion']
class-field,gest.rci.Rci,mRciDescBatiment,rciDescBatiment,rciDescriptionBatiment,rci,review-needed,,,,/classes/class[@source='gest.rci.Rci']/field[@source='mRciDescBatiment']
class-field,gest.rci.Rci,mRciDescExt,rciDescExt,rciDescriptionExterne,rci,review-needed,,,,/classes/class[@source='gest.rci.Rci']/field[@source='mRciDescExt']
class-field,gest.rci.Rci,mRciDescInt,rciDescInt,rciDescriptionInt,rci|Int,review-needed,,,,/classes/class[@source='gest.rci.Rci']/field[@source='mRciDescInt']
class-field,gest.rci.Rci,mRciEntrevue,rciEntrevue,rciEntrevue,rci,review-needed,,,,/classes/class[@source='gest.rci.Rci']/field[@source='mRciEntrevue']
class-field,gest.rci.Rci,mRciInfluence,rciInfluence,rciInfluence,rci,review-needed,,,,/classes/class[@source='gest.rci.Rci']/field[@source='mRciInfluence']
class-field,gest.rci.Rci,mRciRapportEnquete,rciRapportEnquete,rciRapportEnquete,rci,review-needed,,,,/classes/class[@source='gest.rci.Rci']/field[@source='mRciRapportEnquete']
class-field,gest.rci.Rci,mSSIImplique,sSIImplique,sSiImplique,s|SI,review-needed,,,,/classes/class[@source='gest.rci.Rci']/field[@source='mSSIImplique']
class-field,gest.rci.Rci,mStatut,statut,statut,,high,,,,/classes/class[@source='gest.rci.Rci']/field[@source='mStatut']
class-field,gest.rci.Rci,mVectEtape,listeEtape,listeEtape,,high,,,,/classes/class[@source='gest.rci.Rci']/field[@source='mVectEtape']
class-field,gest.rci.Rci,mVectExpertise,listeExpertise,listeExpertise,,high,,,,/classes/class[@source='gest.rci.Rci']/field[@source='mVectExpertise']
class-field,gest.rci.Rci,mVectHistoActivite,listeHistoActivite,listeHistoActivite,,high,,,,/classes/class[@source='gest.rci.Rci']/field[@source='mVectHistoActivite']
class-field,gest.rci.Rci,mVectInfoHistoEmploye,listeInfoHistoEmploye,listeInformationHistoEmploye,,high,,,,/classes/class[@source='gest.rci.Rci']/field[@source='mVectInfoHistoEmploye']
class-field,gest.rci.Rci,mVectProtLieu,listeProtLieu,listeProtLieu,Prot|Lieu,review-needed,,,,/classes/class[@source='gest.rci.Rci']/field[@source='mVectProtLieu']
class-field,gest.rci.Rci,mVectSaisie,listeSaisie,listeSaisie,,high,,,,/classes/class[@source='gest.rci.Rci']/field[@source='mVectSaisie']
class-field,gest.rci.Rci,mVectSuivi,listeSuivi,listeSuivi,,high,,,,/classes/class[@source='gest.rci.Rci']/field[@source='mVectSuivi']
class-field,gest.rci.Rci,mVectTemoin,listeTemoin,listeTemoin,,high,,,,/classes/class[@source='gest.rci.Rci']/field[@source='mVectTemoin']
class-field,gest.rci.Rci,mVectVehImplique,listeVehImplique,listeVehImplique,Veh,review-needed,,,,/classes/class[@source='gest.rci.Rci']/field[@source='mVectVehImplique']
class-field,gest.rci.Rci,mVerificateur,verificateur,verificateur,,high,,,,/classes/class[@source='gest.rci.Rci']/field[@source='mVerificateur']
class-field,gest.rci.Rci,mIDAssigneA,idAssigneA,idAssigneA,A,review-needed,,,,/classes/class[@source='gest.rci.Rci']/field[@source='mIDAssigneA']
class-field,gest.rci.Rci,mIDAuteur,idAuteur,idAuteur,,high,,,,/classes/class[@source='gest.rci.Rci']/field[@source='mIDAuteur']
class-field,gest.rci.Rci,mIDEnqueteur,idEnqueteur,idEnqueteur,,high,,,,/classes/class[@source='gest.rci.Rci']/field[@source='mIDEnqueteur']
class-field,gest.rci.Rci,mIDIntervention,idIntervention,idIntervention,,high,,,,/classes/class[@source='gest.rci.Rci']/field[@source='mIDIntervention']
class-field,gest.rci.Rci,mIDMandataire,idMandataire,idMandataire,,high,,,,/classes/class[@source='gest.rci.Rci']/field[@source='mIDMandataire']
class-field,gest.rci.Rci,mIDResponsable,idResponsable,idResponsable,,high,,,,/classes/class[@source='gest.rci.Rci']/field[@source='mIDResponsable']
class-field,gest.rci.Rci,mIDVerificateur,idVerificateur,idVerificateur,,high,,,,/classes/class[@source='gest.rci.Rci']/field[@source='mIDVerificateur']
class-field,gest.rci.RciAnalyse,mAmpleurIncendieDetail,ampleurIncendieDetail,ampleurIncendieDetail,,high,,,,/classes/class[@source='gest.rci.RciAnalyse']/field[@source='mAmpleurIncendieDetail']
class-field,gest.rci.RciAnalyse,mDommageDetail,dommageDetail,dommageDetail,,high,,,,/classes/class[@source='gest.rci.RciAnalyse']/field[@source='mDommageDetail']
class-field,gest.rci.RciAnalyse,mLieuOrigine,lieuOrigine,lieuOrigine,lieu,review-needed,,,,/classes/class[@source='gest.rci.RciAnalyse']/field[@source='mLieuOrigine']
class-field,gest.rci.RciAnalyse,mPointOrigine,pointOrigine,pointOrigine,,high,,,,/classes/class[@source='gest.rci.RciAnalyse']/field[@source='mPointOrigine']
class-field,gest.rci.RciAnalyse,mPropagationDetail,propagationDetail,propagationDetail,,high,,,,/classes/class[@source='gest.rci.RciAnalyse']/field[@source='mPropagationDetail']
class-field,gest.rci.RciAnalyse,mVectRciLieu,listeRciLieu,listeRciLieu,Rci|Lieu,review-needed,,,,/classes/class[@source='gest.rci.RciAnalyse']/field[@source='mVectRciLieu']
class-field,gest.rci.RciAnalyse,mIDFichCroquisLieu,idFichCroquisLieu,idFichCroquisLieu,Fich|Lieu,review-needed,,,,/classes/class[@source='gest.rci.RciAnalyse']/field[@source='mIDFichCroquisLieu']
class-field,gest.rci.RciAnalyse,mIDFichCroquisOrigine,idFichCroquisOrigine,idFichCroquisOrigine,Fich,review-needed,,,,/classes/class[@source='gest.rci.RciAnalyse']/field[@source='mIDFichCroquisOrigine']
class-field,gest.rci.RciAnalyse,mIDGraphCroquisLieu,idGraphCroquisLieu,idGraphCroquisLieu,Lieu,review-needed,,,,/classes/class[@source='gest.rci.RciAnalyse']/field[@source='mIDGraphCroquisLieu']
class-field,gest.rci.RciAnalyse,mIDGraphCroquisOrigine,idGraphCroquisOrigine,idGraphCroquisOrigine,,high,,,,/classes/class[@source='gest.rci.RciAnalyse']/field[@source='mIDGraphCroquisOrigine']
class-field,gest.rci.RciCause,mCirconstances,circonstances,circonstances,,high,,,,/classes/class[@source='gest.rci.RciCause']/field[@source='mCirconstances']
class-field,gest.rci.RciCause,mEnergieDetail,energieDetail,energieDetail,,high,,,,/classes/class[@source='gest.rci.RciCause']/field[@source='mEnergieDetail']
class-field,gest.rci.RciCause,mModeInflammationDetail,modeInflammationDetail,modeInflammationDetail,mode,review-needed,,,,/classes/class[@source='gest.rci.RciCause']/field[@source='mModeInflammationDetail']
class-field,gest.rci.RciCause,mPremMatEnflammeDetail,premMatEnflammeDetail,premMatEnflammeDetail,prem|Mat,review-needed,,,,/classes/class[@source='gest.rci.RciCause']/field[@source='mPremMatEnflammeDetail']
class-field,gest.rci.RciCause,mVectCombustible,listeCombustible,listeCombustible,,high,,,,/classes/class[@source='gest.rci.RciCause']/field[@source='mVectCombustible']
class-field,gest.rci.RciCause,mVectSourceChaleur,listeSourceChaleur,listeSourceChaleur,,high,,,,/classes/class[@source='gest.rci.RciCause']/field[@source='mVectSourceChaleur']
class-field,gest.rci.RciConclusion,mCause,cause,cause,,high,,,,/classes/class[@source='gest.rci.RciConclusion']/field[@source='mCause']
class-field,gest.rci.RciConclusion,mTypeConclusion,typeConclusion,typeConclusion,type,review-needed,,,,/classes/class[@source='gest.rci.RciConclusion']/field[@source='mTypeConclusion']
class-field,gest.rci.RciDescBatiment,mDefaillancePanneau,defaillancePanneau,defaillancePanneau,,high,,,,/classes/class[@source='gest.rci.RciDescBatiment']/field[@source='mDefaillancePanneau']
class-field,gest.rci.RciDescBatiment,mDisjoncteur,disjoncteur,disjoncteur,,high,,,,/classes/class[@source='gest.rci.RciDescBatiment']/field[@source='mDisjoncteur']
class-field,gest.rci.RciDescBatiment,mFilAluminium,filAluminium,filAluminium,fil,review-needed,,,,/classes/class[@source='gest.rci.RciDescBatiment']/field[@source='mFilAluminium']
class-field,gest.rci.RciDescBatiment,mFilCuivre,filCuivre,filCuivre,fil,review-needed,,,,/classes/class[@source='gest.rci.RciDescBatiment']/field[@source='mFilCuivre']
class-field,gest.rci.RciDescBatiment,mFusOuvert,fusOuvert,fusOuvert,fus,review-needed,,,,/classes/class[@source='gest.rci.RciDescBatiment']/field[@source='mFusOuvert']
class-field,gest.rci.RciDescBatiment,mFusPrec,fusPrec,fusPrec,fus|Prec,review-needed,,,,/classes/class[@source='gest.rci.RciDescBatiment']/field[@source='mFusPrec']
class-field,gest.rci.RciDescBatiment,mFusType,fusType,fusType,fus|Type,review-needed,,,,/classes/class[@source='gest.rci.RciDescBatiment']/field[@source='mFusType']
class-field,gest.rci.RciDescBatiment,mVectDisjoncteurs,listeDisjoncteurs,listeDisjoncteurs,,high,,,,/classes/class[@source='gest.rci.RciDescBatiment']/field[@source='mVectDisjoncteurs']
class-field,gest.rci.RciDescBatiment,mVectFusibles,listeFusibles,listeFusibles,,high,,,,/classes/class[@source='gest.rci.RciDescBatiment']/field[@source='mVectFusibles']
class-field,gest.rci.RciDescBatiment,mVectTrace,listeTrace,listeTrace,,high,,,,/classes/class[@source='gest.rci.RciDescBatiment']/field[@source='mVectTrace']
class-field,gest.rci.RciDescBatiment$NElementPanneauElectrique,iNom,iNom,iNom,i|Nom,review-needed,,,,/classes/class[@source='gest.rci.RciDescBatiment$NElementPanneauElectrique']/field[@source='iNom']
class-field,gest.rci.RciDescBatiment$NElementPanneauElectrique,iStatut,iStatut,iStatut,i,review-needed,,,,/classes/class[@source='gest.rci.RciDescBatiment$NElementPanneauElectrique']/field[@source='iStatut']
class-field,gest.rci.RciDescBatiment$NFusible,iType,iType,iType,i|Type,review-needed,,,,/classes/class[@source='gest.rci.RciDescBatiment$NFusible']/field[@source='iType']
class-field,gest.rci.RciEntrevue,mVectConstat,listeConstat,listeConstat,,high,,,,/classes/class[@source='gest.rci.RciEntrevue']/field[@source='mVectConstat']
class-field,gest.rci.RciEntrevue,mVectTemoin,listeTemoin,listeTemoin,,high,,,,/classes/class[@source='gest.rci.RciEntrevue']/field[@source='mVectTemoin']
class-field,gest.rci.RciLieu,mCauseProbableDesc,causeProbableDesc,causeProbableDescription,,high,,,,/classes/class[@source='gest.rci.RciLieu']/field[@source='mCauseProbableDesc']
class-field,gest.rci.RciLieu,mDetailDansRappEnquete,detailDansRappEnquete,detailDansRappEnquete,Dans|Rapp,review-needed,,,,/classes/class[@source='gest.rci.RciLieu']/field[@source='mDetailDansRappEnquete']
class-field,gest.rci.RciLieu,mEnergieDesc,energieDesc,energieDescription,,high,,,,/classes/class[@source='gest.rci.RciLieu']/field[@source='mEnergieDesc']
class-field,gest.rci.RciLieu,mLieuOrigine,lieuOrigine,lieuOrigine,lieu,review-needed,,,,/classes/class[@source='gest.rci.RciLieu']/field[@source='mLieuOrigine']
class-field,gest.rci.RciLieu,mLieuOrigineDesc,lieuOrigineDesc,lieuOrigineDescription,lieu,review-needed,,,,/classes/class[@source='gest.rci.RciLieu']/field[@source='mLieuOrigineDesc']
class-field,gest.rci.RciLieu,mModeInflammationDesc,modeInflammationDesc,modeInflammationDescription,mode,review-needed,,,,/classes/class[@source='gest.rci.RciLieu']/field[@source='mModeInflammationDesc']
class-field,gest.rci.RciLieu,mPointOrigine,pointOrigine,pointOrigine,,high,,,,/classes/class[@source='gest.rci.RciLieu']/field[@source='mPointOrigine']
class-field,gest.rci.RciLieu,mPremMatDesc,premMatDesc,premMatDescription,prem|Mat,review-needed,,,,/classes/class[@source='gest.rci.RciLieu']/field[@source='mPremMatDesc']
class-field,gest.rci.RciLieu,mPropagationDesc,propagationDesc,propagationDescription,,high,,,,/classes/class[@source='gest.rci.RciLieu']/field[@source='mPropagationDesc']
class-field,gest.rci.RciLieu,mPropagationDetail,propagationDetail,propagationDetail,,high,,,,/classes/class[@source='gest.rci.RciLieu']/field[@source='mPropagationDetail']
class-field,gest.rci.RciLieu,mRciCause,rciCause,rciCause,rci,review-needed,,,,/classes/class[@source='gest.rci.RciLieu']/field[@source='mRciCause']
class-field,gest.rci.RciLieu,mIDCauseProbable,idCauseProbable,idCauseProbable,,high,,,,/classes/class[@source='gest.rci.RciLieu']/field[@source='mIDCauseProbable']
class-field,gest.rci.RciLieu,mIDEnergie,idEnergie,idEnergie,,high,,,,/classes/class[@source='gest.rci.RciLieu']/field[@source='mIDEnergie']
class-field,gest.rci.RciLieu,mIDFichCroquisLieu,idFichCroquisLieu,idFichCroquisLieu,Fich|Lieu,review-needed,,,,/classes/class[@source='gest.rci.RciLieu']/field[@source='mIDFichCroquisLieu']
class-field,gest.rci.RciLieu,mIDFichCroquisPoint,idFichCroquisPoint,idFichCroquisPoint,Fich,review-needed,,,,/classes/class[@source='gest.rci.RciLieu']/field[@source='mIDFichCroquisPoint']
class-field,gest.rci.RciLieu,mIDGraphCroquisLieu,idGraphCroquisLieu,idGraphCroquisLieu,Lieu,review-needed,,,,/classes/class[@source='gest.rci.RciLieu']/field[@source='mIDGraphCroquisLieu']
class-field,gest.rci.RciLieu,mIDGraphCroquisPoint,idGraphCroquisPoint,idGraphCroquisPoint,,high,,,,/classes/class[@source='gest.rci.RciLieu']/field[@source='mIDGraphCroquisPoint']
class-field,gest.rci.RciLieu,mIDLieuOrigine,idLieuOrigine,idLieuOrigine,Lieu,review-needed,,,,/classes/class[@source='gest.rci.RciLieu']/field[@source='mIDLieuOrigine']
class-field,gest.rci.RciLieu,mIDModeInflammation,idModeInflammation,idModeInflammation,Mode,review-needed,,,,/classes/class[@source='gest.rci.RciLieu']/field[@source='mIDModeInflammation']
class-field,gest.rci.RciLieu,mIDPremMatEnflamme,idPremMatEnflamme,idPremMatEnflamme,Prem|Mat,review-needed,,,,/classes/class[@source='gest.rci.RciLieu']/field[@source='mIDPremMatEnflamme']
class-field,gest.rci.RciLieu,mIDPropagation,idPropagation,idPropagation,,high,,,,/classes/class[@source='gest.rci.RciLieu']/field[@source='mIDPropagation']
class-field,gest.rci.RciRapportEnquete,mVectNIDPhotoFich,listeNIDPhotoFich,listeNidPhotoFich,NID|Fich,review-needed,,,,/classes/class[@source='gest.rci.RciRapportEnquete']/field[@source='mVectNIDPhotoFich']
class-field,gest.rci.RciRapportEnquete$NIDPhotoFich,iID,iID,iId,i,review-needed,,,,/classes/class[@source='gest.rci.RciRapportEnquete$NIDPhotoFich']/field[@source='iID']
class-field,gest.rci.Saisie,mAdressePersSaisie,adressePersSaisie,adressePersonneSaisie,,high,,,,/classes/class[@source='gest.rci.Saisie']/field[@source='mAdressePersSaisie']
class-field,gest.rci.Saisie,mDateSaisie,dateSaisie,dateSaisie,date,review-needed,,,,/classes/class[@source='gest.rci.Saisie']/field[@source='mDateSaisie']
class-field,gest.rci.Saisie,mLieu,lieu,lieu,lieu,review-needed,,,,/classes/class[@source='gest.rci.Saisie']/field[@source='mLieu']
class-field,gest.rci.Saisie,mNumSaisie,numSaisie,numeroSaisie,,high,,,,/classes/class[@source='gest.rci.Saisie']/field[@source='mNumSaisie']
class-field,gest.rci.Saisie,mPersSaisie,persSaisie,personneSaisie,,high,,,,/classes/class[@source='gest.rci.Saisie']/field[@source='mPersSaisie']
class-field,gest.rci.Saisie,mSaisissant,saisissant,saisissant,,high,,,,/classes/class[@source='gest.rci.Saisie']/field[@source='mSaisissant']
class-field,gest.rci.Saisie,mTemoins,temoins,temoins,,high,,,,/classes/class[@source='gest.rci.Saisie']/field[@source='mTemoins']
class-field,gest.rci.SourceChaleur,mRetenu,retenu,retenu,,high,,,,/classes/class[@source='gest.rci.SourceChaleur']/field[@source='mRetenu']
class-field,gest.rci.SourceChaleur,mSource,source,source,,high,,,,/classes/class[@source='gest.rci.SourceChaleur']/field[@source='mSource']
class-field,gest.rci.SourceChaleur,mSourceDesc,sourceDesc,sourceDescription,,high,,,,/classes/class[@source='gest.rci.SourceChaleur']/field[@source='mSourceDesc']
class-field,gest.rci.SourceChaleur,mSourceDetail,sourceDetail,sourceDetail,,high,,,,/classes/class[@source='gest.rci.SourceChaleur']/field[@source='mSourceDetail']
class-field,gest.rci.SourceChaleur,mVectCombustible,listeCombustible,listeCombustible,,high,,,,/classes/class[@source='gest.rci.SourceChaleur']/field[@source='mVectCombustible']
class-field,gest.rci.Suivi,mContactCie,contactCie,contactCie,Cie,review-needed,,,,/classes/class[@source='gest.rci.Suivi']/field[@source='mContactCie']
class-field,gest.rci.Suivi,mContactFonct,contactFonct,contactFonct,,high,,,,/classes/class[@source='gest.rci.Suivi']/field[@source='mContactFonct']
class-field,gest.rci.Suivi,mContactNom,contactNom,contactNom,Nom,review-needed,,,,/classes/class[@source='gest.rci.Suivi']/field[@source='mContactNom']
class-field,gest.rci.Suivi,mDateSuivi,dateSuivi,dateSuivi,date,review-needed,,,,/classes/class[@source='gest.rci.Suivi']/field[@source='mDateSuivi']
class-field,gest.rci.Suivi,mType,type,type,type,review-needed,,,,/classes/class[@source='gest.rci.Suivi']/field[@source='mType']
class-field,gest.rci.Temoin,mDateNaiss,dateNaiss,dateNaiss,date,review-needed,,,,/classes/class[@source='gest.rci.Temoin']/field[@source='mDateNaiss']
class-field,gest.rci.Temoin,mLieuNarration,lieuNarration,lieuNarration,lieu,review-needed,,,,/classes/class[@source='gest.rci.Temoin']/field[@source='mLieuNarration']
class-field,gest.rci.Temoin,mNarration,narration,narration,,high,,,,/classes/class[@source='gest.rci.Temoin']/field[@source='mNarration']
class-field,gest.ressource.Ressource,mCell,cell,cell,cell,review-needed,,,,/classes/class[@source='gest.ressource.Ressource']/field[@source='mCell']
class-field,gest.ressource.Ressource,mCodeRAO,codeRAO,codeRao,code|RAO,review-needed,,,,/classes/class[@source='gest.ressource.Ressource']/field[@source='mCodeRAO']
class-field,gest.ressource.Ressource,mPaget,paget,paget,,high,,,,/classes/class[@source='gest.ressource.Ressource']/field[@source='mPaget']
class-field,gest.ressource.Ressource,mTelTravail,telTravail,telephoneTravail,,high,,,,/classes/class[@source='gest.ressource.Ressource']/field[@source='mTelTravail']
class-field,gest.ressource.Ressource,mTelTravailExt,telTravailExt,telephoneTravailExterne,,high,,,,/classes/class[@source='gest.ressource.Ressource']/field[@source='mTelTravailExt']
class-field,gest.schema.ForceFrappe,mArrond,arrond,arrond,,high,,,,/classes/class[@source='gest.schema.ForceFrappe']/field[@source='mArrond']
class-field,gest.schema.ForceFrappe,mCategRisque,categRisque,categRisque,,high,,,,/classes/class[@source='gest.schema.ForceFrappe']/field[@source='mCategRisque']
class-field,gest.schema.ForceFrappe,mDistrict,district,district,,high,,,,/classes/class[@source='gest.schema.ForceFrappe']/field[@source='mDistrict']
class-field,gest.schema.ForceFrappe,mFrappe,frappe,frappe,,high,,,,/classes/class[@source='gest.schema.ForceFrappe']/field[@source='mFrappe']
class-field,gest.schema.ForceFrappe,mNbrMinute,nbrMinute,nombreMinute,,high,,,,/classes/class[@source='gest.schema.ForceFrappe']/field[@source='mNbrMinute']
class-field,gest.schema.ForceFrappe,mNomVille,nomVille,nomVille,nom,review-needed,,,,/classes/class[@source='gest.schema.ForceFrappe']/field[@source='mNomVille']
class-field,gest.schema.ForceFrappe,mTypeHoraire,typeHoraire,typeHoraire,type,review-needed,,,,/classes/class[@source='gest.schema.ForceFrappe']/field[@source='mTypeHoraire']
class-field,gest.schema.ForceFrappe,mVectPlageHoraire,listePlageHoraire,listePlageHoraire,,high,,,,/classes/class[@source='gest.schema.ForceFrappe']/field[@source='mVectPlageHoraire']
class-field,gest.schema.ParamSchema,mVectForceFrappe,listeForceFrappe,listeForceFrappe,,high,,,,/classes/class[@source='gest.schema.ParamSchema']/field[@source='mVectForceFrappe']
class-field,gest.secCiv.Alarme,mDateAlarme,dateAlarme,dateAlarme,date,review-needed,,,,/classes/class[@source='gest.secCiv.Alarme']/field[@source='mDateAlarme']
class-field,gest.secCiv.Alarme,mDelaiMillis,delaiMillis,delaiMillis,,high,,,,/classes/class[@source='gest.secCiv.Alarme']/field[@source='mDelaiMillis']
class-field,gest.secCiv.Alarme,mMessage,message,message,,high,,,,/classes/class[@source='gest.secCiv.Alarme']/field[@source='mMessage']
class-field,gest.secCiv.Alarme,mNbrRepetition,nbrRepetition,nombreRepetition,,high,,,,/classes/class[@source='gest.secCiv.Alarme']/field[@source='mNbrRepetition']
class-field,gest.secCiv.Alarme,mTypeDeclench,typeDeclench,typeDeclench,type,review-needed,,,,/classes/class[@source='gest.secCiv.Alarme']/field[@source='mTypeDeclench']
class-field,gest.secCiv.LogSinistre,mAction,action,action,,high,,,,/classes/class[@source='gest.secCiv.LogSinistre']/field[@source='mAction']
class-field,gest.secCiv.LogSinistre,mAlarme,alarme,alarme,,high,,,,/classes/class[@source='gest.secCiv.LogSinistre']/field[@source='mAlarme']
class-field,gest.secCiv.LogSinistre,mCP,cP,cP,c|P,review-needed,,,,/classes/class[@source='gest.secCiv.LogSinistre']/field[@source='mCP']
class-field,gest.secCiv.LogSinistre,mDate,date,date,date,review-needed,,,,/classes/class[@source='gest.secCiv.LogSinistre']/field[@source='mDate']
class-field,gest.secCiv.LogSinistre,mEtatVerif,etatVerif,etatVerif,etat,review-needed,,,,/classes/class[@source='gest.secCiv.LogSinistre']/field[@source='mEtatVerif']
class-field,gest.secCiv.LogSinistre,mPourcVerif,pourcVerif,pourcVerif,,high,,,,/classes/class[@source='gest.secCiv.LogSinistre']/field[@source='mPourcVerif']
class-field,gest.secCiv.LogSinistre,mIDMission,idMission,idMission,,high,,,,/classes/class[@source='gest.secCiv.LogSinistre']/field[@source='mIDMission']
class-field,gest.secCiv.LogSinistre,mIDNivAlerte,idNivAlerte,idNivAlerte,Niv,review-needed,,,,/classes/class[@source='gest.secCiv.LogSinistre']/field[@source='mIDNivAlerte']
class-field,gest.secCiv.LogSinistre,mIDObjectif,idObjectif,idObjectif,,high,,,,/classes/class[@source='gest.secCiv.LogSinistre']/field[@source='mIDObjectif']
class-field,gest.secCiv.LogSinistre,mIDPPI,idPPI,idPpi,PPI,review-needed,,,,/classes/class[@source='gest.secCiv.LogSinistre']/field[@source='mIDPPI']
class-field,gest.secCiv.LogSinistre,mIDRessSecCiv,idRessSecCiv,idRessSecCiv,Ress|Sec|Civ,review-needed,,,,/classes/class[@source='gest.secCiv.LogSinistre']/field[@source='mIDRessSecCiv']
class-field,gest.secCiv.LogSinistre,mIDSinistre,idSinistre,idSinistre,,high,,,,/classes/class[@source='gest.secCiv.LogSinistre']/field[@source='mIDSinistre']
class-field,gest.secCiv.LogSinistre,mIDVerif,idVerif,idVerif,,high,,,,/classes/class[@source='gest.secCiv.LogSinistre']/field[@source='mIDVerif']
class-field,gest.secCiv.NodeDocum,mIDDocum,idDocument,idDocument,,high,,,,/classes/class[@source='gest.secCiv.NodeDocum']/field[@source='mIDDocum']
class-field,gest.secCiv.NodeDocum,mVectNode,listePositionArborescenceDocument,listePositionArborescenceDocument,,high,,,,/classes/class[@source='gest.secCiv.NodeDocum']/field[@source='mVectNode']
class-field,gest.secCiv.NodeDocum,mNomRepertDocum,nomRepertDocum,nomRepertDocum,nom,review-needed,,,,/classes/class[@source='gest.secCiv.NodeDocum']/field[@source='mNomRepertDocum']
class-field,gest.secCiv.NodeDocum,mTypeNode,typeNode,typeNode,type|Node,review-needed,,,,/classes/class[@source='gest.secCiv.NodeDocum']/field[@source='mTypeNode']
class-field,gest.secCiv.NivAlerte,mColor,color,color,,high,,,,/classes/class[@source='gest.secCiv.NivAlerte']/field[@source='mColor']
class-field,gest.secCiv.ParamSecCiv,mConfigCompressionImages,configCompressionImages,configCompressionImages,,high,,,,/classes/class[@source='gest.secCiv.ParamSecCiv']/field[@source='mConfigCompressionImages']
class-field,gest.secCiv.ParamSecCiv,mCourrielEmetteurNotif,courrielEmetteurNotif,courrielEmetteurNotif,,high,,,,/classes/class[@source='gest.secCiv.ParamSecCiv']/field[@source='mCourrielEmetteurNotif']
class-field,gest.secCiv.ParamSecCiv,mHreEnvoiAutoNotif,hreEnvoiAutoNotif,hreEnvoiAutomatiqueNotif,hre,review-needed,,,,/classes/class[@source='gest.secCiv.ParamSecCiv']/field[@source='mHreEnvoiAutoNotif']
class-field,gest.secCiv.ParamSecCiv,mInclureInfosSSI,inclureInfosSSI,inclureInfosSsi,SSI,review-needed,,,,/classes/class[@source='gest.secCiv.ParamSecCiv']/field[@source='mInclureInfosSSI']
class-field,gest.secCiv.ParamSecCiv,mInclureNom,inclureNom,inclureNom,Nom,review-needed,,,,/classes/class[@source='gest.secCiv.ParamSecCiv']/field[@source='mInclureNom']
class-field,gest.secCiv.ParamSecCiv,mInclureRole,inclureRole,inclureRole,Role,review-needed,,,,/classes/class[@source='gest.secCiv.ParamSecCiv']/field[@source='mInclureRole']
class-field,gest.secCiv.ParamSecCiv,mInclureTelephone,inclureTelephone,inclureTelephone,,high,,,,/classes/class[@source='gest.secCiv.ParamSecCiv']/field[@source='mInclureTelephone']
class-field,gest.secCiv.ParamSecCiv,mNotifActif,notifActif,notifActif,,high,,,,/classes/class[@source='gest.secCiv.ParamSecCiv']/field[@source='mNotifActif']
class-field,gest.secCiv.ParamSecCiv,mVectNodeDocum,listeNodeDocum,listeNodeDocum,Node,review-needed,,,,/classes/class[@source='gest.secCiv.ParamSecCiv']/field[@source='mVectNodeDocum']
class-field,gest.secCiv.ParamSecCiv,mVectOutilExterne,listeOutilExterne,listeOutilExterne,,high,,,,/classes/class[@source='gest.secCiv.ParamSecCiv']/field[@source='mVectOutilExterne']
class-field,gest.secCiv.ParamSecCiv,mIDRessSecCiv,idRessSecCiv,idRessSecCiv,Ress|Sec|Civ,review-needed,,,,/classes/class[@source='gest.secCiv.ParamSecCiv']/field[@source='mIDRessSecCiv']
class-field,gest.secCiv.RessSecCiv,DernVerif,dernVerif,dernVerif,dern,review-needed,,,,/classes/class[@source='gest.secCiv.RessSecCiv']/field[@source='DernVerif']
class-field,gest.secCiv.RessSecCiv,mCell,cell,cell,cell,review-needed,,,,/classes/class[@source='gest.secCiv.RessSecCiv']/field[@source='mCell']
class-field,gest.secCiv.RessSecCiv,mIdentImport,identImport,identImport,,high,,,,/classes/class[@source='gest.secCiv.RessSecCiv']/field[@source='mIdentImport']
class-field,gest.secCiv.RessSecCiv,mLieu,lieu,lieu,lieu,review-needed,,,,/classes/class[@source='gest.secCiv.RessSecCiv']/field[@source='mLieu']
class-field,gest.secCiv.RessSecCiv,mPaget,paget,paget,,high,,,,/classes/class[@source='gest.secCiv.RessSecCiv']/field[@source='mPaget']
class-field,gest.secCiv.RessSecCiv,mPartageUtilisateurAvecEmploye,partageUtilisateurAvecEmploye,partageUtilisateurAvecEmploye,Avec,review-needed,,,,/classes/class[@source='gest.secCiv.RessSecCiv']/field[@source='mPartageUtilisateurAvecEmploye']
class-field,gest.secCiv.RessSecCiv,mPermettreSMSsurCell,permettreSMSsurCell,permettreSmSsurCell,SM|Ssur|Cell,review-needed,,,,/classes/class[@source='gest.secCiv.RessSecCiv']/field[@source='mPermettreSMSsurCell']
class-field,gest.secCiv.RessSecCiv,mProvenance,provenance,provenance,,high,,,,/classes/class[@source='gest.secCiv.RessSecCiv']/field[@source='mProvenance']
class-field,gest.secCiv.RessSecCiv,mRole,role,role,role,review-needed,,,,/classes/class[@source='gest.secCiv.RessSecCiv']/field[@source='mRole']
class-field,gest.secCiv.RessSecCiv,mTelTravail,telTravail,telephoneTravail,,high,,,,/classes/class[@source='gest.secCiv.RessSecCiv']/field[@source='mTelTravail']
class-field,gest.secCiv.RessSecCiv,mTelTravailExt,telTravailExt,telephoneTravailExterne,,high,,,,/classes/class[@source='gest.secCiv.RessSecCiv']/field[@source='mTelTravailExt']
class-field,gest.secCiv.RessSecCiv,mUtiliseAdresse,utiliseAdresse,utiliseAdresse,,high,,,,/classes/class[@source='gest.secCiv.RessSecCiv']/field[@source='mUtiliseAdresse']
class-field,gest.secCiv.RessSecCiv,mVectIDMission,listeIDMission,listeIdMission,,high,,,,/classes/class[@source='gest.secCiv.RessSecCiv']/field[@source='mVectIDMission']
class-field,gest.secCiv.RessSecCiv,mVerif,verif,verif,,high,,,,/classes/class[@source='gest.secCiv.RessSecCiv']/field[@source='mVerif']
class-field,gest.secCiv.RessSecCiv,mVerifDateDebut,verifDateDebut,verifDateDebut,Date,review-needed,,,,/classes/class[@source='gest.secCiv.RessSecCiv']/field[@source='mVerifDateDebut']
class-field,gest.secCiv.RessSecCiv,mVerifMois,verifMois,verifMois,Mois,review-needed,,,,/classes/class[@source='gest.secCiv.RessSecCiv']/field[@source='mVerifMois']
class-field,gest.secCiv.RessSecCiv,mVerifTypeEnvoi,verifTypeEnvoi,verifTypeEnvoi,Type,review-needed,,,,/classes/class[@source='gest.secCiv.RessSecCiv']/field[@source='mVerifTypeEnvoi']
class-field,gest.secCiv.RessSecCiv,mIDEmploye,idEmploye,idEmploye,,high,,,,/classes/class[@source='gest.secCiv.RessSecCiv']/field[@source='mIDEmploye']
class-field,gest.secCiv.RessSecCiv,mIDFournisseur,idFournisseur,idFournisseur,,high,,,,/classes/class[@source='gest.secCiv.RessSecCiv']/field[@source='mIDFournisseur']
class-field,gest.secCiv.RessSecCiv,mIDRessource,idRessource,idRessource,,high,,,,/classes/class[@source='gest.secCiv.RessSecCiv']/field[@source='mIDRessource']
class-field,gest.secCiv.RessSecCiv,mIDUtilisateur,idUtilisateur,idUtilisateur,,high,,,,/classes/class[@source='gest.secCiv.RessSecCiv']/field[@source='mIDUtilisateur']
class-field,gest.secCiv.Sinistre,mEtatSituation,etatSituation,etatSituation,etat,review-needed,,,,/classes/class[@source='gest.secCiv.Sinistre']/field[@source='mEtatSituation']
class-field,gest.secCiv.Sinistre,mInfoPublique,infoPublique,informationPublique,,high,,,,/classes/class[@source='gest.secCiv.Sinistre']/field[@source='mInfoPublique']
class-field,gest.secCiv.Sinistre,mSimulation,simulation,simulation,,high,,,,/classes/class[@source='gest.secCiv.Sinistre']/field[@source='mSimulation']
class-field,gest.secCiv.Sinistre,mStatut,statut,statut,,high,,,,/classes/class[@source='gest.secCiv.Sinistre']/field[@source='mStatut']
class-field,gest.secCiv.Sinistre,mVectIDMission,listeIDMission,listeIdMission,,high,,,,/classes/class[@source='gest.secCiv.Sinistre']/field[@source='mVectIDMission']
class-field,gest.secCiv.Sinistre,mVectIDPPI,listeIDPPI,listeIdppi,,high,,,,/classes/class[@source='gest.secCiv.Sinistre']/field[@source='mVectIDPPI']
class-field,gest.secCiv.Sinistre,mIDAuteur,idAuteur,idAuteur,,high,,,,/classes/class[@source='gest.secCiv.Sinistre']/field[@source='mIDAuteur']
class-field,gest.secCiv.Sinistre,mIDNivAlerte,idNivAlerte,idNivAlerte,Niv,review-needed,,,,/classes/class[@source='gest.secCiv.Sinistre']/field[@source='mIDNivAlerte']
class-field,gest.secCiv.Sinistre,mIDResponsable,idResponsable,idResponsable,,high,,,,/classes/class[@source='gest.secCiv.Sinistre']/field[@source='mIDResponsable']
class-field,gest.typeAnom.TypeAnom,mNbrJourDelai,nbrJourDelai,nombreJourDelai,Jour,review-needed,,,,/classes/class[@source='gest.typeAnom.TypeAnom']/field[@source='mNbrJourDelai']
class-field,gest.typeAnom.TypeAnom,mVectIDCodeRef,listeIDCodeRef,listeIdCodeReference,Code,review-needed,,,,/classes/class[@source='gest.typeAnom.TypeAnom']/field[@source='mVectIDCodeRef']
class-field,gest.typeAssistanceParticuliere.AssistanceParticuliere,mInformationsAdditionnelles,informationsAdditionnelles,informationsAdditionnelles,,high,,,,/classes/class[@source='gest.typeAssistanceParticuliere.AssistanceParticuliere']/field[@source='mInformationsAdditionnelles']
class-field,gest.typeAssistanceParticuliere.AssistanceParticuliere,mIDTypeAssistanceParticuliere,idTypeAssistanceParticuliere,idTypeAssistanceParticuliere,Type,review-needed,,,,/classes/class[@source='gest.typeAssistanceParticuliere.AssistanceParticuliere']/field[@source='mIDTypeAssistanceParticuliere']
class-field,gest.typeAssistanceParticuliere.TypeAssistanceParticuliere,mCodeRaoCAUCA,codeRaoCAUCA,codeRaoCauca,code|Rao,review-needed,,,,/classes/class[@source='gest.typeAssistanceParticuliere.TypeAssistanceParticuliere']/field[@source='mCodeRaoCAUCA']
class-field,gest.typeAssistanceParticuliere.TypeAssistanceParticuliere,mCodeRaoEmergensys,codeRaoEmergensys,codeRaoEmergensys,code|Rao,review-needed,,,,/classes/class[@source='gest.typeAssistanceParticuliere.TypeAssistanceParticuliere']/field[@source='mCodeRaoEmergensys']
class-field,gest.typeAssistanceParticuliere.TypeAssistanceParticuliere,mCodeRaoLPL,codeRaoLPL,codeRaoLpl,code|Rao|LPL,review-needed,,,,/classes/class[@source='gest.typeAssistanceParticuliere.TypeAssistanceParticuliere']/field[@source='mCodeRaoLPL']
class-field,gest.typeAssistanceParticuliere.TypeAssistanceParticuliere,mTitre,titre,titre,,high,,,,/classes/class[@source='gest.typeAssistanceParticuliere.TypeAssistanceParticuliere']/field[@source='mTitre']
class-field,gest.typeChauffage.TypeChauffage,mUtiliseCheminee,utiliseCheminee,utiliseCheminee,,high,,,,/classes/class[@source='gest.typeChauffage.TypeChauffage']/field[@source='mUtiliseCheminee']
class-field,gest.typeChauffage.TypeChauffage,mVectCodesSMI,listeCodesSMI,listeCodesSmi,SMI,review-needed,,,,/classes/class[@source='gest.typeChauffage.TypeChauffage']/field[@source='mVectCodesSMI']
class-field,gest.typeChauffage.TypeChauffage,mVectCodesSMICommercial,listeCodesSMICommercial,listeCodesSmiCommercial,SMI,review-needed,,,,/classes/class[@source='gest.typeChauffage.TypeChauffage']/field[@source='mVectCodesSMICommercial']
class-field,gest.typeCheminee.TypeCheminee,mVectCodesSMI,listeCodesSMI,listeCodesSmi,SMI,review-needed,,,,/classes/class[@source='gest.typeCheminee.TypeCheminee']/field[@source='mVectCodesSMI']
class-field,gest.typeCheminee.TypeCheminee,mVectCodesSMICommercial,listeCodesSMICommercial,listeCodesSmiCommercial,SMI,review-needed,,,,/classes/class[@source='gest.typeCheminee.TypeCheminee']/field[@source='mVectCodesSMICommercial']
class-field,gest.typePrev.TypePrev,mAffectePeriodiciteDossPrev,affectePeriodiciteDossPrev,affectePeriodiciteDossPrevision,Doss,review-needed,,,,/classes/class[@source='gest.typePrev.TypePrev']/field[@source='mAffectePeriodiciteDossPrev']
class-field,gest.typePrev.TypePrev,mEmissionAvis,emissionAvis,emissionAvis,Avis,review-needed,,,,/classes/class[@source='gest.typePrev.TypePrev']/field[@source='mEmissionAvis']
class-field,gest.typePrev.TypePrev,mFormElec,formElec,formElec,form|Elec,review-needed,,,,/classes/class[@source='gest.typePrev.TypePrev']/field[@source='mFormElec']
class-field,gest.typePrev.TypePrev,mFormPerso,formPerso,formPerso,form,review-needed,,,,/classes/class[@source='gest.typePrev.TypePrev']/field[@source='mFormPerso']
class-field,gest.typePrev.TypePrev,mFormWebUUID,formWebUUID,formWebUuid,form|Web|UUID,review-needed,,,,/classes/class[@source='gest.typePrev.TypePrev']/field[@source='mFormWebUUID']
class-field,gest.typePrev.TypePrev,mHshSurveyName,hshSurveyName,hshSurveyName,hsh|Name,review-needed,,,,/classes/class[@source='gest.typePrev.TypePrev']/field[@source='mHshSurveyName']
class-field,gest.typePrev.TypePrev,mImpressionPJAnomalies,impressionPJAnomalies,impressionPjAnomalies,PJ,review-needed,,,,/classes/class[@source='gest.typePrev.TypePrev']/field[@source='mImpressionPJAnomalies']
class-field,gest.typePrev.TypePrev,mInspection,inspection,inspection,,high,,,,/classes/class[@source='gest.typePrev.TypePrev']/field[@source='mInspection']
class-field,gest.typePrev.TypePrev,mNecessiteSignature,necessiteSignature,necessiteSignature,,high,,,,/classes/class[@source='gest.typePrev.TypePrev']/field[@source='mNecessiteSignature']
class-field,gest.typePrev.TypePrev,mNomFormWeb,nomFormWeb,nomFormWeb,nom|Form|Web,review-needed,,,,/classes/class[@source='gest.typePrev.TypePrev']/field[@source='mNomFormWeb']
class-field,gest.typePrev.TypePrev,mPermetCompleterEnLot,permettCompleterEnLot,permettCompleterEnLot,En|Lot,review-needed,,,,/classes/class[@source='gest.typePrev.TypePrev']/field[@source='mPermetCompleterEnLot']
class-field,gest.typePrev.TypePrev,mPermetFormWeb,permettFormWeb,permettFormWeb,Form|Web,review-needed,,,,/classes/class[@source='gest.typePrev.TypePrev']/field[@source='mPermetFormWeb']
class-field,gest.typePrev.TypePrev,mPermetReinspection,permettReinspection,permettReinspection,,high,,,,/classes/class[@source='gest.typePrev.TypePrev']/field[@source='mPermetReinspection']
class-field,gest.typePrev.TypePrev,mPermettreAjoutSurMobile,permettreAjoutSurMobile,permettreAjoutSurMobile,Sur,review-needed,,,,/classes/class[@source='gest.typePrev.TypePrev']/field[@source='mPermettreAjoutSurMobile']
class-field,gest.typePrev.TypePrev,mPermettreAvisMultiPrev,permettreAvisMultiPrev,permettreAvisMultiPrevision,Avis,review-needed,,,,/classes/class[@source='gest.typePrev.TypePrev']/field[@source='mPermettreAvisMultiPrev']
class-field,gest.typePrev.TypePrev,mPrevAvis,prevAvis,previsionAvis,Avis,review-needed,,,,/classes/class[@source='gest.typePrev.TypePrev']/field[@source='mPrevAvis']
class-field,gest.typePrev.TypePrev,mPrevForm,prevForm,previsionForm,Form,review-needed,,,,/classes/class[@source='gest.typePrev.TypePrev']/field[@source='mPrevForm']
class-field,gest.typePrev.TypePrev,mSuivreDateDernPrevDansDossPrev,suivreDateDernPrevDansDossPrev,suivreDateDernPrevisionDansDossPrevision,Date|Dern|Dans|Doss,review-needed,,,,/classes/class[@source='gest.typePrev.TypePrev']/field[@source='mSuivreDateDernPrevDansDossPrev']
class-field,gest.typePrev.TypePrev,mSurveyWebUUID,surveyWebUUID,surveyWebUuid,Web|UUID,review-needed,,,,/classes/class[@source='gest.typePrev.TypePrev']/field[@source='mSurveyWebUUID']
class-field,gest.typePrev.TypePrev,mTexteConclusionDefaut,texteConclusionDefaut,texteConclusionDefaut,,high,,,,/classes/class[@source='gest.typePrev.TypePrev']/field[@source='mTexteConclusionDefaut']
class-field,gest.typePrev.TypePrev,mTexteIntroDefaut,texteIntroDefaut,texteIntroDefaut,,high,,,,/classes/class[@source='gest.typePrev.TypePrev']/field[@source='mTexteIntroDefaut']
class-field,gest.typePrev.TypePrev,mTousTypeAnom,tousTypeAnom,tousTypeAnom,tous|Type|Anom,review-needed,,,,/classes/class[@source='gest.typePrev.TypePrev']/field[@source='mTousTypeAnom']
class-field,gest.typePrev.TypePrev,mUtiliseFormElec,utiliseFormElec,utiliseFormElec,Form|Elec,review-needed,,,,/classes/class[@source='gest.typePrev.TypePrev']/field[@source='mUtiliseFormElec']
class-field,gest.typePrev.TypePrev,mVectIDTypeAnom,listeIdTypeAnom,listeIdTypeAnom,Type|Anom,review-needed,,,,/classes/class[@source='gest.typePrev.TypePrev']/field[@source='mVectIDTypeAnom']
class-field,gest.typePrev.TypePrev,mVectSignature,listeSignature,listeSignature,,high,,,,/classes/class[@source='gest.typePrev.TypePrev']/field[@source='mVectSignature']
class-field,gest.typePrev.TypePrev,mVectTypeAnom,listeTypeAnom,listeTypeAnom,Type|Anom,review-needed,,,,/classes/class[@source='gest.typePrev.TypePrev']/field[@source='mVectTypeAnom']
class-field,gest.typePrev.TypePrev,mVectTypeChampPerso,listeTypeChampPerso,listeTypeChampPerso,Type,review-needed,,,,/classes/class[@source='gest.typePrev.TypePrev']/field[@source='mVectTypeChampPerso']
class-field,gest.typePrev.TypePrev,mVectAssocExtraDataCP,listeAssocExtraDataCP,listeAssociationExtraDataCodePostal,Data,review-needed,,,,/classes/class[@source='gest.typePrev.TypePrev']/field[@source='mVectAssocExtraDataCP']
class-field,gest.utilGroupe.DroitAcces,mFiltreDossPrev,filtreDossPrev,filtreDossPrevision,Doss,review-needed,,,,/classes/class[@source='gest.utilGroupe.DroitAcces']/field[@source='mFiltreDossPrev']
class-field,gest.utilGroupe.DroitAcces,mSetDroits,setDroits,setDroits,set,review-needed,,,,/classes/class[@source='gest.utilGroupe.DroitAcces']/field[@source='mSetDroits']
class-field,gest.utilGroupe.DroitPourUtilisateurs,mDroitBoolean,droitBoolean,droitBoolean,,high,,,,/classes/class[@source='gest.utilGroupe.DroitPourUtilisateurs']/field[@source='mDroitBoolean']
class-field,gest.utilGroupe.DroitPourUtilisateurs,mVectIDEmploye,listeIDEmploye,listeIdEmploye,,high,,,,/classes/class[@source='gest.utilGroupe.DroitPourUtilisateurs']/field[@source='mVectIDEmploye']
class-field,gest.utilGroupe.DroitPourUtilisateurs,mVectIDGrade,listeIDGrade,listeIdGrade,,high,,,,/classes/class[@source='gest.utilGroupe.DroitPourUtilisateurs']/field[@source='mVectIDGrade']
class-field,gest.utilGroupe.DroitPourUtilisateurs,mVectIDGroupe,listeIDGroupe,listeIdGroupe,,high,,,,/classes/class[@source='gest.utilGroupe.DroitPourUtilisateurs']/field[@source='mVectIDGroupe']
class-field,gest.utilGroupe.Groupe,mDroit,droit,droit,,high,,,,/classes/class[@source='gest.utilGroupe.Groupe']/field[@source='mDroit']
class-field,gest.utilGroupe.Utilisateur,mCodeUtil,codeUtil,codeUtil,code|Util,review-needed,,,,/classes/class[@source='gest.utilGroupe.Utilisateur']/field[@source='mCodeUtil']
class-field,gest.utilGroupe.Utilisateur,mCodeUtilDSI2003,codeUtilDSI2003,codeUtilDsi2003,code|Util|DSI|2003,review-needed,,,,/classes/class[@source='gest.utilGroupe.Utilisateur']/field[@source='mCodeUtilDSI2003']
class-field,gest.utilGroupe.Utilisateur,mDroit,droit,droit,,high,,,,/classes/class[@source='gest.utilGroupe.Utilisateur']/field[@source='mDroit']
class-field,gest.utilGroupe.Utilisateur,mEtat,etat,etat,etat,review-needed,,,,/classes/class[@source='gest.utilGroupe.Utilisateur']/field[@source='mEtat']
class-field,gest.utilGroupe.Utilisateur,mMotPasse,motPasse,motPasse,mot,review-needed,,,,/classes/class[@source='gest.utilGroupe.Utilisateur']/field[@source='mMotPasse']
class-field,gest.utilGroupe.Utilisateur,mMotPasseDSI2003,motPasseDSI2003,motPasseDsi2003,mot|DSI|2003,review-needed,,,,/classes/class[@source='gest.utilGroupe.Utilisateur']/field[@source='mMotPasseDSI2003']
class-field,gest.utilGroupe.Utilisateur,mTypeLicence,typeLicence,typeLicence,type,review-needed,,,,/classes/class[@source='gest.utilGroupe.Utilisateur']/field[@source='mTypeLicence']
class-field,gest.utilGroupe.Utilisateur,mUtilCarto,utilCarto,utilCarto,util,review-needed,,,,/classes/class[@source='gest.utilGroupe.Utilisateur']/field[@source='mUtilCarto']
class-field,gest.utilGroupe.Utilisateur,mVectIDGroupeParents,listeIdGroupeParents,listeIdGroupeParents,,high,,,,/classes/class[@source='gest.utilGroupe.Utilisateur']/field[@source='mVectIDGroupeParents']
class-field,gest.utilGroupe.Utilisateur,mVectIDSSSI,listeIdsSSI,listeIdsSsi,SSI,review-needed,,,,/classes/class[@source='gest.utilGroupe.Utilisateur']/field[@source='mVectIDSSSI']
class-field,gest.utilGroupe.Utilisateur,mVectLicConcur,listeLicConcur,listeLicConcur,Lic,review-needed,,,,/classes/class[@source='gest.utilGroupe.Utilisateur']/field[@source='mVectLicConcur']
class-field,gest.utilGroupe.Utilisateur,mIDLangue,idLangue,idLangue,,high,,,,/classes/class[@source='gest.utilGroupe.Utilisateur']/field[@source='mIDLangue']
class-field,gest.utilGroupe.Utilisateur,mPreferences,preferences,preferences,,high,,,,/classes/class[@source='gest.utilGroupe.Utilisateur']/field[@source='mPreferences']
class-field,gest.vehicule.Compartiment,mIdentification,identification,identification,,high,,,,/classes/class[@source='gest.vehicule.Compartiment']/field[@source='mIdentification']
class-field,gest.vehicule.Compartiment,mReserve,reserve,reserve,,high,,,,/classes/class[@source='gest.vehicule.Compartiment']/field[@source='mReserve']
class-field,gest.vehicule.Compartiment,mIDParent,idParent,idParent,,high,,,,/classes/class[@source='gest.vehicule.Compartiment']/field[@source='mIDParent']
class-field,gest.vehicule.Vehicule,mCodeRAO,codeRAO,codeRao,code|RAO,review-needed,,,,/classes/class[@source='gest.vehicule.Vehicule']/field[@source='mCodeRAO']
class-field,gest.vehicule.Vehicule,mQteReservoir,qteReservoir,quantiteReservoir,,high,,,,/classes/class[@source='gest.vehicule.Vehicule']/field[@source='mQteReservoir']
class-field,gest.vehicule.Vehicule,mQteVidage,qteVidage,quantiteVidage,,high,,,,/classes/class[@source='gest.vehicule.Vehicule']/field[@source='mQteVidage']
class-field,gest.vehicule.Vehicule,mVectCompartiment,listeCompartiment,listeCompartiment,,high,,,,/classes/class[@source='gest.vehicule.Vehicule']/field[@source='mVectCompartiment']
class-field,gest.vehicule.Vehicule,mVectPer,listePer,listePer,Per,review-needed,,,,/classes/class[@source='gest.vehicule.Vehicule']/field[@source='mVectPer']
class-field,gest.vehicule.Vehicule,mVectQteRequise,listeQteRequise,listeQuantiteRequise,,high,,,,/classes/class[@source='gest.vehicule.Vehicule']/field[@source='mVectQteRequise']
class-field,gest.vehicule.Vehicule,mVehiculeIntervention,vehiculeIntervention,vehiculeIntervention,,high,,,,/classes/class[@source='gest.vehicule.Vehicule']/field[@source='mVehiculeIntervention']
class-field,gest.vehicule.Vehicule,mVehiculePR,vehiculePR,vehiculePr,PR,review-needed,,,,/classes/class[@source='gest.vehicule.Vehicule']/field[@source='mVehiculePR']
class-field,gest.vehicule.Vehicule,mIDGraph,idGraph,idGraph,,high,,,,/classes/class[@source='gest.vehicule.Vehicule']/field[@source='mIDGraph']
class-field,java.awt.Color,cs,cs,cs,cs,review-needed,,,,/classes/class[@source='java.awt.Color']/field[@source='cs']
class-field,java.awt.Color,falpha,falpha,falpha,,high,,,,/classes/class[@source='java.awt.Color']/field[@source='falpha']
class-field,java.awt.Color,frgbvalue,frgbvalue,frgbvalue,,high,,,,/classes/class[@source='java.awt.Color']/field[@source='frgbvalue']
class-field,java.awt.Color,fvalue,fvalue,fvalue,,high,,,,/classes/class[@source='java.awt.Color']/field[@source='fvalue']
class-field,java.awt.Color,value,value,value,,high,,,,/classes/class[@source='java.awt.Color']/field[@source='value']
class-field,java.awt.color.ColorSpace,numComponents,numComponents,numeroComponents,,high,,,,/classes/class[@source='java.awt.color.ColorSpace']/field[@source='numComponents']
class-field,java.awt.color.ColorSpace,type,type,type,type,review-needed,,,,/classes/class[@source='java.awt.color.ColorSpace']/field[@source='type']
class-field,java.lang.Class,com.db4o.config.TClass,TClass,tClass,T,review-needed,,,,/classes/class[@source='java.lang.Class']/field[@source='com.db4o.config.TClass']
class-field,java.util.AbstractCollection,com.db4o.config.TCollection,TCollection,tCollection,T,review-needed,,,,/classes/class[@source='java.util.AbstractCollection']/field[@source='com.db4o.config.TCollection']
class-field,java.util.AbstractList,com.db4o.config.TNull,TNull,tNull,T|Null,review-needed,,,,/classes/class[@source='java.util.AbstractList']/field[@source='com.db4o.config.TNull']
class-field,java.util.AbstractSet,com.db4o.config.TNull,TNull,tNull,T|Null,review-needed,,,,/classes/class[@source='java.util.AbstractSet']/field[@source='com.db4o.config.TNull']
class-field,java.util.HashSet,com.db4o.config.TNull,TNull,tNull,T|Null,review-needed,,,,/classes/class[@source='java.util.HashSet']/field[@source='com.db4o.config.TNull']
class-field,java.util.Hashtable,com.db4o.config.THashtable,THashtable,tHashtable,T,review-needed,,,,/classes/class[@source='java.util.Hashtable']/field[@source='com.db4o.config.THashtable']
class-field,java.util.UUID,leastSigBits,leastSigBits,leastSigBits,Sig|Bits,review-needed,,,,/classes/class[@source='java.util.UUID']/field[@source='leastSigBits']
class-field,java.util.UUID,mostSigBits,mostSigBits,mostSigBits,most|Sig|Bits,review-needed,,,,/classes/class[@source='java.util.UUID']/field[@source='mostSigBits']
class-field,java.util.Vector,com.db4o.config.TNull,TNull,tNull,T|Null,review-needed,,,,/classes/class[@source='java.util.Vector']/field[@source='com.db4o.config.TNull']
class-field,gest.borne.MaintBorne,mIDBorne,mIDBorne,mIdBorne,m,review-needed,,,,/classes/class[@source='gest.borne.MaintBorne']/field[@source='mIDBorne']
class-field,gest.borne.MaintBorne,mDateActivite,mDateActivite,mDateActivite,m|Date,review-needed,,,,/classes/class[@source='gest.borne.MaintBorne']/field[@source='mDateActivite']
class-field,gest.borne.MaintBorne,mDateCreation,mDateCreation,mDateCreation,m|Date,review-needed,,,,/classes/class[@source='gest.borne.MaintBorne']/field[@source='mDateCreation']
class-field,gest.borne.MaintBorne,mIDTypeMaint,mIDTypeMaint,mIdTypeMaint,m|Type,review-needed,,,,/classes/class[@source='gest.borne.MaintBorne']/field[@source='mIDTypeMaint']
class-field,gest.borne.MaintBorne,mCoutMaint,mCoutMaint,mCoutMaint,m|Cout,review-needed,,,,/classes/class[@source='gest.borne.MaintBorne']/field[@source='mCoutMaint']
class-field,gest.borne.MaintBorne,mRefComptable,mRefComptable,mReferenceComptable,m,review-needed,,,,/classes/class[@source='gest.borne.MaintBorne']/field[@source='mRefComptable']
class-field,gest.borne.MaintBorne,mVectAnom,mVectAnom,mVectAnom,m|Vect|Anom,review-needed,,,,/classes/class[@source='gest.borne.MaintBorne']/field[@source='mVectAnom']
class-field,gest.borne.MaintBorne,mTestDebit,mTestDebit,mTestDebit,m|Test,review-needed,,,,/classes/class[@source='gest.borne.MaintBorne']/field[@source='mTestDebit']
class-field,gest.borne.MaintBorne,mCalcDebit,mCalcDebit,mCalcDebit,m|Calc,review-needed,,,,/classes/class[@source='gest.borne.MaintBorne']/field[@source='mCalcDebit']
class-field,gest.borne.MaintBorne,mCorrection,mCorrection,mCorrection,m,review-needed,,,,/classes/class[@source='gest.borne.MaintBorne']/field[@source='mCorrection']
class-field,gest.borne.MaintBorne,mIDAnomBorne,mIDAnomBorne,mIdAnomBorne,m|Anom,review-needed,,,,/classes/class[@source='gest.borne.MaintBorne']/field[@source='mIDAnomBorne']
class-field,gest.borne.MaintBorne,mPriorite,mPriorite,mPriorite,m,review-needed,,,,/classes/class[@source='gest.borne.MaintBorne']/field[@source='mPriorite']
class-field,gest.borne.MaintBorne,mNoteAnom,mNoteAnom,mNoteAnom,m|Note|Anom,review-needed,,,,/classes/class[@source='gest.borne.MaintBorne']/field[@source='mNoteAnom']
class-field,gest.borne.MaintBorne,mProvenance,mProvenance,mProvenance,m,review-needed,,,,/classes/class[@source='gest.borne.MaintBorne']/field[@source='mProvenance']
class-field,gest.borne.MaintBorne,mVectMaintBornePiece,mVectMaintBornePiece,mVectMaintBornePiece,m|Vect,review-needed,,,,/classes/class[@source='gest.borne.MaintBorne']/field[@source='mVectMaintBornePiece']
class-field,gest.borne.MaintBorne,mVectHistoActivite,mVectHistoActivite,mVectHistoActivite,m|Vect,review-needed,,,,/classes/class[@source='gest.borne.MaintBorne']/field[@source='mVectHistoActivite']
class-field,gest.borne.MaintBorne,mVectInfoHistoEmploye,mVectInfoHistoEmploye,mVectInformationHistoEmploye,m|Vect,review-needed,,,,/classes/class[@source='gest.borne.MaintBorne']/field[@source='mVectInfoHistoEmploye']
class-field,gest.borne.MaintBorne,mNumActivite,mNumActivite,mNumeroActivite,m,review-needed,,,,/classes/class[@source='gest.borne.MaintBorne']/field[@source='mNumActivite']
class-field,gest.borne.MaintBorne,mIdentJour,mIdentJour,mIdentJour,m|Jour,review-needed,,,,/classes/class[@source='gest.borne.MaintBorne']/field[@source='mIdentJour']
class-field,gest.borne.MaintBorne,mDateIdent,mDateIdent,mDateIdent,m|Date,review-needed,,,,/classes/class[@source='gest.borne.MaintBorne']/field[@source='mDateIdent']
class-field,gest.borne.MaintBorne,mDateCompletee,mDateCompletee,mDateCompletee,m|Date,review-needed,,,,/classes/class[@source='gest.borne.MaintBorne']/field[@source='mDateCompletee']
class-field,gest.borne.MaintBorne,mStatut,mStatut,mStatut,m,review-needed,,,,/classes/class[@source='gest.borne.MaintBorne']/field[@source='mStatut']
class-field,gest.borne.MaintBorne,mIDAuteur,mIDAuteur,mIdAuteur,m,review-needed,,,,/classes/class[@source='gest.borne.MaintBorne']/field[@source='mIDAuteur']
class-field,gest.borne.MaintBorne,mIDResponsable,mIDResponsable,mIdResponsable,m,review-needed,,,,/classes/class[@source='gest.borne.MaintBorne']/field[@source='mIDResponsable']
class-field,gest.borne.MaintBorne,mIDAssigneA,mIDAssigneA,mIdAssigneA,m|A,review-needed,,,,/classes/class[@source='gest.borne.MaintBorne']/field[@source='mIDAssigneA']
class-field,gest.borne.MaintBorne,mVectEtape,mVectEtape,mVectEtape,m|Vect,review-needed,,,,/classes/class[@source='gest.borne.MaintBorne']/field[@source='mVectEtape']
class-field,gest.docum.DossierDocum,mIDDossierParent,idDossierParent,idDossierParent,,high,,,,/classes/class[@source='gest.docum.DossierDocum']/field[@source='mIDDossierParent']
class-field,gest.equipement.EquipConsom,mIdentification,identification,identification,,high,,,,/classes/class[@source='gest.equipement.EquipConsom']/field[@source='mIdentification']
class-field,gest.equipement.EquipConsom,mQteMinimum,qteMinimum,quantiteMinimum,,high,,,,/classes/class[@source='gest.equipement.EquipConsom']/field[@source='mQteMinimum']
class-field,gest.equipement.EquipConsom,mManufacturier,manufacturier,manufacturier,,high,,,,/classes/class[@source='gest.equipement.EquipConsom']/field[@source='mManufacturier']
class-field,gest.equipement.EquipConsom,mModele,modele,modele,,high,,,,/classes/class[@source='gest.equipement.EquipConsom']/field[@source='mModele']
class-field,gest.equipement.EquipConsom,mIDFournisseur,idFournisseur,idFournisseur,,high,,,,/classes/class[@source='gest.equipement.EquipConsom']/field[@source='mIDFournisseur']
class-field,gest.equipement.EquipConsom,mCoutAcquisition,coutAcquisition,coutAcquisition,cout,review-needed,,,,/classes/class[@source='gest.equipement.EquipConsom']/field[@source='mCoutAcquisition']
class-field,gest.equipement.EquipConsom,mIDTypeEquipement,idTypeEquipement,idTypeEquipement,Type,review-needed,,,,/classes/class[@source='gest.equipement.EquipConsom']/field[@source='mIDTypeEquipement']
class-field,gest.equipement.EquipConsom,mIDMaintEquip,idMaintEquip,idMaintEquip,,high,,,,/classes/class[@source='gest.equipement.EquipConsom']/field[@source='mIDMaintEquip']
class-field,gest.formation.FormMateriel,mIDTypeEquipement,idTypeEquipement,idTypeEquipement,Type,review-needed,,,,/classes/class[@source='gest.formation.FormMateriel']/field[@source='mIDTypeEquipement']
class-field,gest.formation.FormMateriel,mQuantite,quantite,quantite,,high,,,,/classes/class[@source='gest.formation.FormMateriel']/field[@source='mQuantite']
class-field,gest.gen.IntervalleInt,mValDe,valeurDe,valeurDe,De,review-needed,,,,/classes/class[@source='gest.gen.IntervalleInt']/field[@source='mValDe']
class-field,gest.gen.IntervalleInt,mValA,valeurA,valeurA,A,review-needed,,,,/classes/class[@source='gest.gen.IntervalleInt']/field[@source='mValA']
class-field,gest.horaire.CritereAttribDispo,mCritere,critere,critere,,high,,,,/classes/class[@source='gest.horaire.CritereAttribDispo']/field[@source='mCritere']
class-field,gest.horaire.CritereAttribDispo,mIDGrade,idGrade,idGrade,,high,,,,/classes/class[@source='gest.horaire.CritereAttribDispo']/field[@source='mIDGrade']
class-field,gest.horaire.CritereAttribDispo,mIDEquipe,idEquipe,idEquipe,,high,,,,/classes/class[@source='gest.horaire.CritereAttribDispo']/field[@source='mIDEquipe']
class-field,gest.horaire.CritereAttribDispo,mDepuis,depuis,depuis,,high,,,,/classes/class[@source='gest.horaire.CritereAttribDispo']/field[@source='mDepuis']
class-field,gest.horaire.CritereAttribDispo,mUniteMes,uniteMesure,uniteMesure,,high,,,,/classes/class[@source='gest.horaire.CritereAttribDispo']/field[@source='mUniteMes']
class-field,gest.horaire.CritereAttribDispo,mNbrUnite,nombreUnite,nombreUnite,,high,,,,/classes/class[@source='gest.horaire.CritereAttribDispo']/field[@source='mNbrUnite']
class-field,gest.horaire.CritereAttribDispo,mTousTypeActiv,tousTypeActivite,tousTypeActivite,tous|Type,review-needed,,,,/classes/class[@source='gest.horaire.CritereAttribDispo']/field[@source='mTousTypeActiv']
class-field,gest.horaire.CritereAttribDispo,mVectIDTypeActiv,listeIDTypeActivite,listeIdTypeActivite,Type,review-needed,,,,/classes/class[@source='gest.horaire.CritereAttribDispo']/field[@source='mVectIDTypeActiv']
class-field,gest.horaire.CritereAttribDispo,mMethodeCalculTemps,methodeCalculTemps,methodeCalculTemps,,high,,,,/classes/class[@source='gest.horaire.CritereAttribDispo']/field[@source='mMethodeCalculTemps']
class-field,gest.horaire.CritereAttribDispo,mPrioriteAuMin,prioriteAuMin,prioriteAuMinimum,Au,review-needed,,,,/classes/class[@source='gest.horaire.CritereAttribDispo']/field[@source='mPrioriteAuMin']
class-field,gest.horaire.CritereAttribDispo,mCalculHeuresHorCourant,calculHeuresHorCourant,calculHeuresHorCourant,Hor,review-needed,,,,/classes/class[@source='gest.horaire.CritereAttribDispo']/field[@source='mCalculHeuresHorCourant']
class-field,gest.horaire.EmplReserv,mIDEmploye,idEmploye,idEmploye,,high,,,,/classes/class[@source='gest.horaire.EmplReserv']/field[@source='mIDEmploye']
class-field,gest.horaire.EmplReserv,mDernAcces,dernierAcces,dernierAcces,,high,,,,/classes/class[@source='gest.horaire.EmplReserv']/field[@source='mDernAcces']
class-field,gest.horaire.EmplReserv,mComment,comment,comment,,high,,,,/classes/class[@source='gest.horaire.EmplReserv']/field[@source='mComment']
class-field,gest.horaire.EmplReserv,mTypeAttrib,typeAttribution,typeAttribution,type,review-needed,,,,/classes/class[@source='gest.horaire.EmplReserv']/field[@source='mTypeAttrib']
class-field,gest.horaire.EmplReserv,mVectQuart,listeQuart,listeQuart,,high,,,,/classes/class[@source='gest.horaire.EmplReserv']/field[@source='mVectQuart']
class-field,gest.horaire.GroupeRondeSelection,mVectIDEmploye,listeIDEmploye,listeIdEmploye,,high,,,,/classes/class[@source='gest.horaire.GroupeRondeSelection']/field[@source='mVectIDEmploye']
class-field,gest.horaire.GroupeRondeSelection,mVectIDQuart,listeIDQuart,listeIdQuart,,high,,,,/classes/class[@source='gest.horaire.GroupeRondeSelection']/field[@source='mVectIDQuart']
class-field,gest.horaire.GroupeRondeSelection,mTypeSelection,typeSelection,typeSelection,type,review-needed,,,,/classes/class[@source='gest.horaire.GroupeRondeSelection']/field[@source='mTypeSelection']
class-field,gest.horaire.GroupeRondeSelection,mNbRondesAvantSuivant,nbRondesAvantSuivant,nombreRondesAvantSuivant,,high,,,,/classes/class[@source='gest.horaire.GroupeRondeSelection']/field[@source='mNbRondesAvantSuivant']
class-field,gest.horaire.GroupeRondeSelection,mVectEchelleDispos,listeEchelleDispos,listeEchelleDispos,,high,,,,/classes/class[@source='gest.horaire.GroupeRondeSelection']/field[@source='mVectEchelleDispos']
class-field,gest.horaire.GroupeRondeSelection,mIDCaserne,idCaserne,idCaserne,,high,,,,/classes/class[@source='gest.horaire.GroupeRondeSelection']/field[@source='mIDCaserne']
class-field,gest.horaire.GroupeRondeSelection,mDispoSensRonde,dispoSensRonde,disponibleSensRonde,Sens,review-needed,,,,/classes/class[@source='gest.horaire.GroupeRondeSelection']/field[@source='mDispoSensRonde']
class-field,gest.horaire.GroupeRondeSelection,mDispoProchDebut,dispoProchDebut,disponibleProchDebut,,high,,,,/classes/class[@source='gest.horaire.GroupeRondeSelection']/field[@source='mDispoProchDebut']
class-field,gest.horaire.HorRestrictEmploye,mRestrict,restriction,restriction,,high,,,,/classes/class[@source='gest.horaire.HorRestrictEmploye']/field[@source='mRestrict']
class-field,gest.horaire.HorRestrictEmploye,mUniteMes,uniteMesure,uniteMesure,,high,,,,/classes/class[@source='gest.horaire.HorRestrictEmploye']/field[@source='mUniteMes']
class-field,gest.horaire.HorRestrictEmploye,mNbrUnite,nombreUnite,nombreUnite,,high,,,,/classes/class[@source='gest.horaire.HorRestrictEmploye']/field[@source='mNbrUnite']
class-field,gest.horaire.HorRestrictEmploye,mNbrHreReservToutHoraire,nombreHeuresReservationToutHoraire,nombreHeuresReservationToutHoraire,Tout,review-needed,,,,/classes/class[@source='gest.horaire.HorRestrictEmploye']/field[@source='mNbrHreReservToutHoraire']
class-field,gest.horaire.HorRestrictEmploye,mVectIDModeleHorQuart,listeIDModeleHorQuart,listeIdModeleHorQuart,Hor,review-needed,,,,/classes/class[@source='gest.horaire.HorRestrictEmploye']/field[@source='mVectIDModeleHorQuart']
class-field,gest.horaire.HorRestrictEmploye,mNbrHeure,nombreHeure,nombreHeure,,high,,,,/classes/class[@source='gest.horaire.HorRestrictEmploye']/field[@source='mNbrHeure']
class-field,gest.horaire.HorRestrictEmploye,mTypeLimite,typeLimite,typeLimite,type,review-needed,,,,/classes/class[@source='gest.horaire.HorRestrictEmploye']/field[@source='mTypeLimite']
class-field,gest.horaire.HorRestrictQuart,mRestrict,restriction,restriction,,high,,,,/classes/class[@source='gest.horaire.HorRestrictQuart']/field[@source='mRestrict']
class-field,gest.horaire.HorRestrictQuart,mTypeLimite,typeLimite,typeLimite,type,review-needed,,,,/classes/class[@source='gest.horaire.HorRestrictQuart']/field[@source='mTypeLimite']
class-field,gest.horaire.HorRestrictQuart,mNbrEmplMin,nombreEmployeMin,nombreEmployeMinimum,,high,,,,/classes/class[@source='gest.horaire.HorRestrictQuart']/field[@source='mNbrEmplMin']
class-field,gest.horaire.HorRestrictQuart,mNbrEmplMax,nombreEmployeMax,nombreEmployeMaximum,,high,,,,/classes/class[@source='gest.horaire.HorRestrictQuart']/field[@source='mNbrEmplMax']
class-field,gest.horaire.HorRestrictQuart,mVectIDGrade,listeIDGrade,listeIdGrade,,high,,,,/classes/class[@source='gest.horaire.HorRestrictQuart']/field[@source='mVectIDGrade']
class-field,gest.horaire.HorRestrictQuart,mVectIDEmploye,listeIDEmploye,listeIdEmploye,,high,,,,/classes/class[@source='gest.horaire.HorRestrictQuart']/field[@source='mVectIDEmploye']
class-field,gest.horaire.Horaire$NCalcVectQuartAttribRetValues,iAvertissement,avertissement,avertissement,,high,,,,/classes/class[@source='gest.horaire.Horaire$NCalcVectQuartAttribRetValues']/field[@source='iAvertissement']
class-field,gest.horaire.Horaire$NCalcVectQuartAttribRetValues,iVectTmpHorQuart,listeTmpHorQuart,listeTemporaireHorQuart,Hor,review-needed,,,,/classes/class[@source='gest.horaire.Horaire$NCalcVectQuartAttribRetValues']/field[@source='iVectTmpHorQuart']
class-field,gest.horaire.Horaire$NCalcVectQuartAttribRetValues,iNextGroupeRondeIndex,suivantGroupeRondeIndex,suivantGroupeRondeIndex,,high,,,,/classes/class[@source='gest.horaire.Horaire$NCalcVectQuartAttribRetValues']/field[@source='iNextGroupeRondeIndex']
class-field,gest.horaire.PreHorQuart,mPriorite,priorite,priorite,,high,,,,/classes/class[@source='gest.horaire.PreHorQuart']/field[@source='mPriorite']
class-field,gest.horaire.PreHorQuart,mIDModeleHorQuart,idModeleHorQuart,idModeleHorQuart,Hor,review-needed,,,,/classes/class[@source='gest.horaire.PreHorQuart']/field[@source='mIDModeleHorQuart']
class-field,gest.horaire.PreHorQuart,mIDEquipe,idEquipe,idEquipe,,high,,,,/classes/class[@source='gest.horaire.PreHorQuart']/field[@source='mIDEquipe']
class-field,gest.horaire.PreHorQuart,mVectHorRestrict,listeHorRestrict,listeHorRestrict,Hor,review-needed,,,,/classes/class[@source='gest.horaire.PreHorQuart']/field[@source='mVectHorRestrict']
class-field,gest.horaire.PreHorQuart,mVectIDEmploye,listeIDEmploye,listeIdEmploye,,high,,,,/classes/class[@source='gest.horaire.PreHorQuart']/field[@source='mVectIDEmploye']
class-field,gest.horaire.PreHorQuart,mHshTempsHorPrec,hshTempsHorPrec,hshTempsHorPrec,hsh|Hor|Prec,review-needed,,,,/classes/class[@source='gest.horaire.PreHorQuart']/field[@source='mHshTempsHorPrec']
class-field,gest.horaire.PreHorQuart,mVectIDEmplAttrib,listeIDEmplAttrib,listeIdEmplAttrib,Empl,review-needed,,,,/classes/class[@source='gest.horaire.PreHorQuart']/field[@source='mVectIDEmplAttrib']
class-field,gest.horaire.PreHorQuart,mIDTypeActiviteProf,idTypeActiviteProf,idTypeActiviteProf,Type|Prof,review-needed,,,,/classes/class[@source='gest.horaire.PreHorQuart']/field[@source='mIDTypeActiviteProf']
class-field,gest.horaire.RondeReserv,mVectIDEquipe,listeIDEquipe,listeIdEquipe,,high,,,,/classes/class[@source='gest.horaire.RondeReserv']/field[@source='mVectIDEquipe']
class-field,gest.horaire.RondeReserv,mVectIDEmploye,listeIDEmploye,listeIdEmploye,,high,,,,/classes/class[@source='gest.horaire.RondeReserv']/field[@source='mVectIDEmploye']
class-field,gest.horaire.RondeReserv,mNbrHreDelai,nombreHeuresDelai,nombreHeuresDelai,,high,,,,/classes/class[@source='gest.horaire.RondeReserv']/field[@source='mNbrHreDelai']
class-field,gest.horaire.RondeReserv,mNbrMaxParRonde,nombreMaximumParRonde,nombreMaximumParRonde,Par,review-needed,,,,/classes/class[@source='gest.horaire.RondeReserv']/field[@source='mNbrMaxParRonde']
class-field,gest.intervention.Directive,mDetail,detail,detail,,high,,,,/classes/class[@source='gest.intervention.Directive']/field[@source='mDetail']
class-field,gest.maintEquip.MaintEquipHisto$NDeplaceConsom,iIDMaintEquipHisto,idMaintenanceEquipementHistorique,idMaintenanceEquipementHistorique,,high,,,,/classes/class[@source='gest.maintEquip.MaintEquipHisto$NDeplaceConsom']/field[@source='iIDMaintEquipHisto']
class-field,gest.maintEquip.MaintEquipHisto$NDeplaceConsom,iIDEmployeEmpl,idEmployeEmplacement,idEmployeEmplacement,,high,,,,/classes/class[@source='gest.maintEquip.MaintEquipHisto$NDeplaceConsom']/field[@source='iIDEmployeEmpl']
class-field,gest.maintEquip.MaintEquipHisto$NDeplaceConsom,iIDCompartimentEmpl,idCompartimentEmploye,idCompartimentEmploye,,high,,,,/classes/class[@source='gest.maintEquip.MaintEquipHisto$NDeplaceConsom']/field[@source='iIDCompartimentEmpl']
class-field,gest.maintEquip.MaintEquipHisto$NDeplaceConsom,iQteDeplace,quantiteDeplace,quantiteDeplace,,high,,,,/classes/class[@source='gest.maintEquip.MaintEquipHisto$NDeplaceConsom']/field[@source='iQteDeplace']
class-field,gest.prevention.Report,mDate,date,date,date,review-needed,,,,/classes/class[@source='gest.prevention.Report']/field[@source='mDate']
class-field,gest.prevention.Report,mIDRaisonReport,idRaisonReport,idRaisonReport,,high,,,,/classes/class[@source='gest.prevention.Report']/field[@source='mIDRaisonReport']
class-field,gest.prevention.Report,mTexte,texte,texte,,high,,,,/classes/class[@source='gest.prevention.Report']/field[@source='mTexte']
class-field,gest.prevention.Report,mNote,note,note,note,review-needed,,,,/classes/class[@source='gest.prevention.Report']/field[@source='mNote']
class-field,gest.prevention.Report,mDateReport,dateReport,dateReport,date,review-needed,,,,/classes/class[@source='gest.prevention.Report']/field[@source='mDateReport']
class-field,gest.rci.Accumul,mAccumul,accumulation,accumulation,,high,,,,/classes/class[@source='gest.rci.Accumul']/field[@source='mAccumul']
class-field,gest.rci.Accumul,mDetail,detail,detail,,high,,,,/classes/class[@source='gest.rci.Accumul']/field[@source='mDetail']
class-field,gest.rci.Disjoncteur$NFusible,iNom,nom,nom,nom,review-needed,,,,/classes/class[@source='gest.rci.Disjoncteur$NFusible']/field[@source='iNom']
class-field,gest.rci.Disjoncteur$NFusible,iOuvert,ouvert,ouvert,,high,,,,/classes/class[@source='gest.rci.Disjoncteur$NFusible']/field[@source='iOuvert']
class-field,gest.rci.Dispositif,mDispositif,dispositif,dispositif,,high,,,,/classes/class[@source='gest.rci.Dispositif']/field[@source='mDispositif']
class-field,gest.rci.Dispositif,mDetail,detail,detail,,high,,,,/classes/class[@source='gest.rci.Dispositif']/field[@source='mDetail']
class-field,gest.rci.Fait,mFait,fait,fait,fait,review-needed,,,,/classes/class[@source='gest.rci.Fait']/field[@source='mFait']
class-field,gest.rci.Fait,mDetail,detail,detail,,high,,,,/classes/class[@source='gest.rci.Fait']/field[@source='mDetail']
class-field,gest.rci.LocInapprop,mAppareil,appareil,appareil,,high,,,,/classes/class[@source='gest.rci.LocInapprop']/field[@source='mAppareil']
class-field,gest.rci.LocInapprop,mAppareilIncomplet,appareilIncomplet,appareilIncomplet,,high,,,,/classes/class[@source='gest.rci.LocInapprop']/field[@source='mAppareilIncomplet']
class-field,gest.rci.LocInapprop,mDetail,detail,detail,,high,,,,/classes/class[@source='gest.rci.LocInapprop']/field[@source='mDetail']
class-field,gest.rci.ProduitAccel,mProduit,produit,produit,,high,,,,/classes/class[@source='gest.rci.ProduitAccel']/field[@source='mProduit']
class-field,gest.rci.ProduitAccel,mDetail,detail,detail,,high,,,,/classes/class[@source='gest.rci.ProduitAccel']/field[@source='mDetail']
class-field,gest.rci.ProtectDefect,mProtection,protection,protection,,high,,,,/classes/class[@source='gest.rci.ProtectDefect']/field[@source='mProtection']
class-field,gest.rci.ProtectDefect,mDefect,defectuosite,defectuosite,,high,,,,/classes/class[@source='gest.rci.ProtectDefect']/field[@source='mDefect']
class-field,gest.rci.ProtectDefect,mEndommage,endommage,endommage,,high,,,,/classes/class[@source='gest.rci.ProtectDefect']/field[@source='mEndommage']
class-field,gest.rci.ProtectDefect,mDetail,detail,detail,,high,,,,/classes/class[@source='gest.rci.ProtectDefect']/field[@source='mDetail']
class-field,gest.rci.ReactFeu,mReaction,reaction,reaction,,high,,,,/classes/class[@source='gest.rci.ReactFeu']/field[@source='mReaction']
class-field,gest.rci.ReactFeu,mDetail,detail,detail,,high,,,,/classes/class[@source='gest.rci.ReactFeu']/field[@source='mDetail']
class-field,gest.rci.VehImplique,mIDVeh,idVehiculeIntervention,idVehiculeIntervention,,high,,,,/classes/class[@source='gest.rci.VehImplique']/field[@source='mIDVeh']
class-field,gest.rci.VehImplique,mPerdu,perdu,perdu,,high,,,,/classes/class[@source='gest.rci.VehImplique']/field[@source='mPerdu']
class-field,gest.rci.VehImplique,mRetrouvePar,retrouvePar,retrouvePar,Par,review-needed,,,,/classes/class[@source='gest.rci.VehImplique']/field[@source='mRetrouvePar']
class-field,gest.rci.VehImplique,mRetrouveLieu,retrouveLieu,retrouveLieu,Lieu,review-needed,,,,/classes/class[@source='gest.rci.VehImplique']/field[@source='mRetrouveLieu']
class-field,gest.rci.VehImplique,mRetrouveParAdresse,retrouveParAdresse,retrouveParAdresse,Par,review-needed,,,,/classes/class[@source='gest.rci.VehImplique']/field[@source='mRetrouveParAdresse']
class-field,gest.rci.VehImplique,mRetrouveEndroit,retrouveEndroit,retrouveEndroit,,high,,,,/classes/class[@source='gest.rci.VehImplique']/field[@source='mRetrouveEndroit']
class-field,gest.rci.VehImplique,mVectCarrosserie,listeCarr,listeCarr,Carr,review-needed,,,,/classes/class[@source='gest.rci.VehImplique']/field[@source='mVectCarrosserie']
class-field,gest.rci.VehImplique,mVectFluide,listeFluide,listeFluide,,high,,,,/classes/class[@source='gest.rci.VehImplique']/field[@source='mVectFluide']
class-field,gest.rci.VehImplique,mVectMec,listeMecanique,listeMecanique,,high,,,,/classes/class[@source='gest.rci.VehImplique']/field[@source='mVectMec']
class-field,gest.rci.VehImplique,mVectIntPiece,listeIntPiece,listeIntPiece,Int,review-needed,,,,/classes/class[@source='gest.rci.VehImplique']/field[@source='mVectIntPiece']
class-field,gest.rci.VehImplique,mVectPlancher,listePlancher,listePlancher,,high,,,,/classes/class[@source='gest.rci.VehImplique']/field[@source='mVectPlancher']
class-field,gest.rci.VehImplique,mVectPneu,listePneu,listePneu,Pneu,review-needed,,,,/classes/class[@source='gest.rci.VehImplique']/field[@source='mVectPneu']
class-field,gest.rci.VehImplique,mVectPorte,listePorte,listePorte,,high,,,,/classes/class[@source='gest.rci.VehImplique']/field[@source='mVectPorte']
class-field,gest.rci.VehImplique,mEffetPers,effetPersonnel,effetPersonnel,,high,,,,/classes/class[@source='gest.rci.VehImplique']/field[@source='mEffetPers']
class-field,gest.rci.VehImplique,mContenuCoffre,contenuCoffre,contenuCoffre,,high,,,,/classes/class[@source='gest.rci.VehImplique']/field[@source='mContenuCoffre']
class-field,gest.secCiv.MesurePrev,mIDRisque,idRisque,idRisque,,high,,,,/classes/class[@source='gest.secCiv.MesurePrev']/field[@source='mIDRisque']
class-field,gest.secCiv.MesurePrev,mEtatDoc,etatDoc,etatDocument,etat,review-needed,,,,/classes/class[@source='gest.secCiv.MesurePrev']/field[@source='mEtatDoc']
class-field,gest.secCiv.MesurePrev,mIDResponsable,idResponsable,idResponsable,,high,,,,/classes/class[@source='gest.secCiv.MesurePrev']/field[@source='mIDResponsable']
class-field,gest.secCiv.MesurePrev,mVectDroitAccesRessSecCiv,listeDroitAccesRessSecCiv,listeDroitAccesRessSecCiv,Ress|Sec|Civ,review-needed,,,,/classes/class[@source='gest.secCiv.MesurePrev']/field[@source='mVectDroitAccesRessSecCiv']
class-field,gest.secCiv.Mission,mDefinition,definition,definition,,high,,,,/classes/class[@source='gest.secCiv.Mission']/field[@source='mDefinition']
class-field,gest.secCiv.Mission,mVectObjectif,listeObjectif,listeObjectif,,high,,,,/classes/class[@source='gest.secCiv.Mission']/field[@source='mVectObjectif']
class-field,gest.secCiv.Mission,mIDRubrique,idRubrique,idRubrique,,high,,,,/classes/class[@source='gest.secCiv.Mission']/field[@source='mIDRubrique']
class-field,gest.secCiv.Mission,mIDGraph,idGraph,idGraph,,high,,,,/classes/class[@source='gest.secCiv.Mission']/field[@source='mIDGraph']
class-field,gest.secCiv.Mission,mIDFichier,idFichier,idFichier,,high,,,,/classes/class[@source='gest.secCiv.Mission']/field[@source='mIDFichier']
class-field,gest.secCiv.Mission,mColor,color,color,,high,,,,/classes/class[@source='gest.secCiv.Mission']/field[@source='mColor']
class-field,gest.secCiv.Mission,mEtatDoc,etatDoc,etatDocument,etat,review-needed,,,,/classes/class[@source='gest.secCiv.Mission']/field[@source='mEtatDoc']
class-field,gest.secCiv.Mission,mVectOutilExterne,listeOutilExterne,listeOutilExterne,,high,,,,/classes/class[@source='gest.secCiv.Mission']/field[@source='mVectOutilExterne']
class-field,gest.secCiv.Mission,mIDResponsable,idResponsable,idResponsable,,high,,,,/classes/class[@source='gest.secCiv.Mission']/field[@source='mIDResponsable']
class-field,gest.secCiv.Mission,mVectDroitAccesRessSecCiv,listeDroitAccesRessSecCiv,listeDroitAccesRessSecCiv,Ress|Sec|Civ,review-needed,,,,/classes/class[@source='gest.secCiv.Mission']/field[@source='mVectDroitAccesRessSecCiv']
class-field,gest.secCiv.Mission,mHashResponsabilite,hashResponsabilite,hashResponsabilite,hash,review-needed,,,,/classes/class[@source='gest.secCiv.Mission']/field[@source='mHashResponsabilite']
class-field,gest.secCiv.Objectif,mVectVerif,listeVerif,listeVerif,,high,,,,/classes/class[@source='gest.secCiv.Objectif']/field[@source='mVectVerif']
class-field,gest.secCiv.Objectif,mVectIDNivAlerte,listeIDNivAlerte,listeIdNivAlerte,Niv,review-needed,,,,/classes/class[@source='gest.secCiv.Objectif']/field[@source='mVectIDNivAlerte']
class-field,gest.secCiv.Objectif,mPresence,presence,presence,,high,,,,/classes/class[@source='gest.secCiv.Objectif']/field[@source='mPresence']
class-field,gest.secCiv.OutilExterne,mTypeOutil,typeOutil,typeOutil,type,review-needed,,,,/classes/class[@source='gest.secCiv.OutilExterne']/field[@source='mTypeOutil']
class-field,gest.secCiv.OutilExterne,mCommande,commande,commande,,high,,,,/classes/class[@source='gest.secCiv.OutilExterne']/field[@source='mCommande']
class-field,gest.secCiv.PPI,mDefinition,definition,definition,,high,,,,/classes/class[@source='gest.secCiv.PPI']/field[@source='mDefinition']
class-field,gest.secCiv.PPI,mVectNMission,listeNMission,listeNMission,N,review-needed,,,,/classes/class[@source='gest.secCiv.PPI']/field[@source='mVectNMission']
class-field,gest.secCiv.PPI,mEtatDoc,etatDoc,etatDocument,etat,review-needed,,,,/classes/class[@source='gest.secCiv.PPI']/field[@source='mEtatDoc']
class-field,gest.secCiv.PPI,mVectOutilExterne,listeOutilExterne,listeOutilExterne,,high,,,,/classes/class[@source='gest.secCiv.PPI']/field[@source='mVectOutilExterne']
class-field,gest.secCiv.PPI,mIDResponsable,idResponsable,idResponsable,,high,,,,/classes/class[@source='gest.secCiv.PPI']/field[@source='mIDResponsable']
class-field,gest.secCiv.PPI,mVectIDDossPrev,listeIDDossPrev,listeIdDossPrevision,Doss,review-needed,,,,/classes/class[@source='gest.secCiv.PPI']/field[@source='mVectIDDossPrev']
class-field,gest.secCiv.PPI,mVectDroitAccesRessSecCiv,listeDroitAccesRessSecCiv,listeDroitAccesRessSecCiv,Ress|Sec|Civ,review-needed,,,,/classes/class[@source='gest.secCiv.PPI']/field[@source='mVectDroitAccesRessSecCiv']
class-field,gest.secCiv.PPI$NMission,iIDMission,iIDMission,iIdMission,i,review-needed,,,,/classes/class[@source='gest.secCiv.PPI$NMission']/field[@source='iIDMission']
class-field,gest.secCiv.PPI$NMission,iVisible,iVisible,iVisible,i,review-needed,,,,/classes/class[@source='gest.secCiv.PPI$NMission']/field[@source='iVisible']
class-field,gest.secCiv.PPI$NMission,iTexte,iTexte,iTexte,i,review-needed,,,,/classes/class[@source='gest.secCiv.PPI$NMission']/field[@source='iTexte']
class-field,gest.secCiv.PPI$NMission,iVectObjectif,iVectObjectif,iVectObjectif,i|Vect,review-needed,,,,/classes/class[@source='gest.secCiv.PPI$NMission']/field[@source='iVectObjectif']
class-field,gest.secCiv.Risque,mEtatDoc,etatDoc,etatDocument,etat,review-needed,,,,/classes/class[@source='gest.secCiv.Risque']/field[@source='mEtatDoc']
class-field,gest.secCiv.Risque,mIDResponsable,idResponsable,idResponsable,,high,,,,/classes/class[@source='gest.secCiv.Risque']/field[@source='mIDResponsable']
class-field,gest.secCiv.Risque,mVectDroitAccesRessSecCiv,listeDroitAccesRessSecCiv,listeDroitAccesRessSecCiv,Ress|Sec|Civ,review-needed,,,,/classes/class[@source='gest.secCiv.Risque']/field[@source='mVectDroitAccesRessSecCiv']
class-field,gest.secCiv.Verif,mDesc,desc,description,,high,,,,/classes/class[@source='gest.secCiv.Verif']/field[@source='mDesc']
class-field,gest.secCiv.Verif,mVectTypeChampPerso,listeTypeChampPerso,listeTypeChampPerso,Type,review-needed,,,,/classes/class[@source='gest.secCiv.Verif']/field[@source='mVectTypeChampPerso']
class-field,gest.typePrev.TypePrev$NSignature,iNomSignature,nomSignature,nomSignature,nom,review-needed,,,,/classes/class[@source='gest.typePrev.TypePrev$NSignature']/field[@source='iNomSignature']
class-field,gest.veh.VehCarr,mPiece,piece,piece,,high,,,,/classes/class[@source='gest.veh.VehCarr']/field[@source='mPiece']
class-field,gest.veh.VehCarr,mConstruction,construction,construction,,high,,,,/classes/class[@source='gest.veh.VehCarr']/field[@source='mConstruction']
class-field,gest.veh.VehCarr,mCondition,condition,condition,,high,,,,/classes/class[@source='gest.veh.VehCarr']/field[@source='mCondition']
class-field,gest.veh.VehCarr,mDommage,dommage,dommage,,high,,,,/classes/class[@source='gest.veh.VehCarr']/field[@source='mDommage']
class-field,gest.veh.VehFluide,mFluide,fluide,fluide,,high,,,,/classes/class[@source='gest.veh.VehFluide']/field[@source='mFluide']
class-field,gest.veh.VehFluide,mNiveau,niveau,niveau,,high,,,,/classes/class[@source='gest.veh.VehFluide']/field[@source='mNiveau']
class-field,gest.veh.VehFluide,mEchantillonnage,echantillonnage,echantillonnage,,high,,,,/classes/class[@source='gest.veh.VehFluide']/field[@source='mEchantillonnage']
class-field,gest.veh.VehFluide,mCondition,condition,condition,,high,,,,/classes/class[@source='gest.veh.VehFluide']/field[@source='mCondition']
class-field,gest.veh.VehIntPiece,mPiece,piece,piece,,high,,,,/classes/class[@source='gest.veh.VehIntPiece']/field[@source='mPiece']
class-field,gest.veh.VehIntPiece,mConstruction,construction,construction,,high,,,,/classes/class[@source='gest.veh.VehIntPiece']/field[@source='mConstruction']
class-field,gest.veh.VehIntPiece,mCondition,condition,condition,,high,,,,/classes/class[@source='gest.veh.VehIntPiece']/field[@source='mCondition']
class-field,gest.veh.VehIntPiece,mDommage,dommage,dommage,,high,,,,/classes/class[@source='gest.veh.VehIntPiece']/field[@source='mDommage']
class-field,gest.veh.VehMec,mPiece,piece,piece,,high,,,,/classes/class[@source='gest.veh.VehMec']/field[@source='mPiece']
class-field,gest.veh.VehMec,mEtat,etat,etat,etat,review-needed,,,,/classes/class[@source='gest.veh.VehMec']/field[@source='mEtat']
class-field,gest.veh.VehMec,mDetail,detail,detail,,high,,,,/classes/class[@source='gest.veh.VehMec']/field[@source='mDetail']
class-field,gest.veh.VehPlancher,mPlancher,plancher,plancher,,high,,,,/classes/class[@source='gest.veh.VehPlancher']/field[@source='mPlancher']
class-field,gest.veh.VehPlancher,mEtat,etat,etat,etat,review-needed,,,,/classes/class[@source='gest.veh.VehPlancher']/field[@source='mEtat']
class-field,gest.veh.VehPlancher,mDetail,detail,detail,,high,,,,/classes/class[@source='gest.veh.VehPlancher']/field[@source='mDetail']
class-field,gest.veh.VehPneu,mPos,piece,piece,,high,,,,/classes/class[@source='gest.veh.VehPneu']/field[@source='mPos']
class-field,gest.veh.VehPneu,mAbsent,absent,absent,,high,,,,/classes/class[@source='gest.veh.VehPneu']/field[@source='mAbsent']
class-field,gest.veh.VehPneu,mTypePneu,typePneu,typePneu,type|Pneu,review-needed,,,,/classes/class[@source='gest.veh.VehPneu']/field[@source='mTypePneu']
class-field,gest.veh.VehPneu,mUsure,usure,usure,,high,,,,/classes/class[@source='gest.veh.VehPneu']/field[@source='mUsure']
class-field,gest.veh.VehPneu,mTypeRoue,typeRoue,typeRoue,type|Roue,review-needed,,,,/classes/class[@source='gest.veh.VehPneu']/field[@source='mTypeRoue']
class-field,gest.veh.VehPneu,mEcrous,ecrous,ecrous,,high,,,,/classes/class[@source='gest.veh.VehPneu']/field[@source='mEcrous']
class-field,gest.veh.VehPneu,mDetail,detail,detail,,high,,,,/classes/class[@source='gest.veh.VehPneu']/field[@source='mDetail']
class-field,gest.veh.VehPorte,mPos,position,position,,high,,,,/classes/class[@source='gest.veh.VehPorte']/field[@source='mPos']
class-field,gest.veh.VehPorte,mVitre,vitre,vitre,,high,,,,/classes/class[@source='gest.veh.VehPorte']/field[@source='mVitre']
class-field,gest.veh.VehPorte,mFenOuverte,fenetreOuverte,fenetreOuverte,,high,,,,/classes/class[@source='gest.veh.VehPorte']/field[@source='mFenOuverte']
class-field,gest.veh.VehPorte,mPorteVerr,porteVerrouillee,porteVerrouillee,,high,,,,/classes/class[@source='gest.veh.VehPorte']/field[@source='mPorteVerr']
class-field,gest.veh.VehPorte,mPorteOuverte,porteOuverte,porteOuverte,,high,,,,/classes/class[@source='gest.veh.VehPorte']/field[@source='mPorteOuverte']
class-field,gest.veh.VehPorte,mDommage,dommage,dommage,,high,,,,/classes/class[@source='gest.veh.VehPorte']/field[@source='mDommage']
