kind,class_source,field_source,destination_name,suggested_name,unresolved_tokens,xpath_hint
shared-field,,mIDSSI,idSSI,idSsi,SSI,/classes/fields/field[@source='mIDSSI']
shared-field,,mIDDBConso,idDBConso,idDbConso,DB,/classes/fields/field[@source='mIDDBConso']
shared-field,,mNom,nom,nom,nom,/classes/fields/field[@source='mNom']
shared-field,,mNote,note,note,note,/classes/fields/field[@source='mNote']
shared-field,,mDateCreation,dateCreation,dateCreation,date,/classes/fields/field[@source='mDateCreation']
shared-field,,mDateActivite,dateActivite,dateActivite,date,/classes/fields/field[@source='mDateActivite']
shared-field,,mDateCompletee,dateCompletee,dateCompletee,date,/classes/fields/field[@source='mDateCompletee']
shared-field,,mDateIdent,dateIdent,dateIdent,date,/classes/fields/field[@source='mDateIdent']
shared-field,,mDateDebut,dateDebut,dateDebut,date,/classes/fields/field[@source='mDateDebut']
shared-field,,mDateFin,dateFin,dateFin,date,/classes/fields/field[@source='mDateFin']
shared-field,,mIDTypeActivite,idTypeActivite,idTypeActivite,Type,/classes/fields/field[@source='mIDTypeActivite']
class-field,com.db4o.StaticClass,name,name,name,name,/classes/class[@source='com.db4o.StaticClass']/field[@source='name']
class-field,com.db4o.StaticField,name,name,name,name,/classes/class[@source='com.db4o.StaticField']/field[@source='name']
class-field,com.db4o.config.Entry,key,key,key,key,/classes/class[@source='com.db4o.config.Entry']/field[@source='key']
class-field,com.db4o.ext.Db4oDatabase,i_signature,i_signature,iSignature,i,/classes/class[@source='com.db4o.ext.Db4oDatabase']/field[@source='i_signature']
class-field,com.db4o.ext.Db4oDatabase,i_uuid,i_uuid,iUuid,i|uuid,/classes/class[@source='com.db4o.ext.Db4oDatabase']/field[@source='i_uuid']
class-field,gen.requete.DynamicStaticDate,mDynamicDate,dynamicDate,dynamicDate,Date,/classes/class[@source='gen.requete.DynamicStaticDate']/field[@source='mDynamicDate']
class-field,gen.requete.DynamicStaticDate,mStaticDate,staticDate,staticDate,Date,/classes/class[@source='gen.requete.DynamicStaticDate']/field[@source='mStaticDate']
class-field,gen.util.HVector,mReadOnly,readOnly,readOnly,read|Only,/classes/class[@source='gen.util.HVector']/field[@source='mReadOnly']
class-field,gen.util.ObjetToString,mHashCodeSurToString,hashCodeSurToString,hashCodeSurToString,hash|Code|Sur|To,/classes/class[@source='gen.util.ObjetToString']/field[@source='mHashCodeSurToString']
class-field,gen.util.ObjetToString,mToString,toString,toString,to,/classes/class[@source='gen.util.ObjetToString']/field[@source='mToString']
class-field,gest.DSI2003.DSI2003,mCode,code,code,code,/classes/class[@source='gest.DSI2003.DSI2003']/field[@source='mCode']
class-field,gest.DSI2003.DSI2003,mNom,nom,nom,nom,/classes/class[@source='gest.DSI2003.DSI2003']/field[@source='mNom']
class-field,gest.DSI2003.DSI2003Perso,mIDSousCodeMSP,idSousCodeMSP,idSousCodeMsp,Sous|Code|MSP,/classes/class[@source='gest.DSI2003.DSI2003Perso']/field[@source='mIDSousCodeMSP']
class-field,gest.activite.Acte,mVectIDTypeActivite,listeIDTypeActivite,listeIdTypeActivite,Type,/classes/class[@source='gest.activite.Acte']/field[@source='mVectIDTypeActivite']
class-field,gest.activite.ActionCondition,mMontantBase,montantBase,montantBase,Base,/classes/class[@source='gest.activite.ActionCondition']/field[@source='mMontantBase']
class-field,gest.activite.ActionCondition,mTauxHoraireMult,tauxHoraireMultiplicateur,tauxHoraireMultiplicateur,taux,/classes/class[@source='gest.activite.ActionCondition']/field[@source='mTauxHoraireMult']
class-field,gest.activite.ActionCondition,mTempsPayeBase,tempsPayeBase,tempsPayeBase,Paye|Base,/classes/class[@source='gest.activite.ActionCondition']/field[@source='mTempsPayeBase']
class-field,gest.activite.ActionCondition,mTempsPayeBloc,tempsPayeBloc,tempsPayeBloc,Paye|Bloc,/classes/class[@source='gest.activite.ActionCondition']/field[@source='mTempsPayeBloc']
class-field,gest.activite.ActionCondition,mTempsPayeBlocArrondir,tempsPayeBlocArrondir,tempsPayeBlocArrondir,Paye|Bloc,/classes/class[@source='gest.activite.ActionCondition']/field[@source='mTempsPayeBlocArrondir']
class-field,gest.activite.ActionCondition,mTempsPayeMax,tempsPayeMax,tempsPayeMaximum,Paye,/classes/class[@source='gest.activite.ActionCondition']/field[@source='mTempsPayeMax']
class-field,gest.activite.ActionCondition,mTempsPayeMin,tempsPayeMin,tempsPayeMinimum,Paye,/classes/class[@source='gest.activite.ActionCondition']/field[@source='mTempsPayeMin']
class-field,gest.activite.ActionCondition,mVectCommenceIntervalleDate,listeCommenceIntervalleDate,listeCommenceIntervalleDate,Date,/classes/class[@source='gest.activite.ActionCondition']/field[@source='mVectCommenceIntervalleDate']
class-field,gest.activite.ActionCondition,mVectIDTypeActivite,listeIDTypeActivite,listeIdTypeActivite,Type,/classes/class[@source='gest.activite.ActionCondition']/field[@source='mVectIDTypeActivite']
class-field,gest.activite.ActionCondition,mVectIDTypeActivitePreseance,listeIDTypeActivitePreseance,listeIdTypeActivitePreseance,Type,/classes/class[@source='gest.activite.ActionCondition']/field[@source='mVectIDTypeActivitePreseance']
class-field,gest.activite.ActionCondition,mIDTypeActiviteActTaux,idTypeActiviteActTaux,idTypeActiviteActTaux,Type|Act|Taux,/classes/class[@source='gest.activite.ActionCondition']/field[@source='mIDTypeActiviteActTaux']
class-field,gest.activite.InfoEmploye,mDatePartielDebut,datePartielleDebut,datePartielleDebut,date,/classes/class[@source='gest.activite.InfoEmploye']/field[@source='mDatePartielDebut']
class-field,gest.activite.InfoEmploye,mDatePartielFin,datePartielleFin,datePartielleFin,date,/classes/class[@source='gest.activite.InfoEmploye']/field[@source='mDatePartielFin']
class-field,gest.activite.InfoEmploye,mQuiPayerSiRemplace,quiPayerSiRemplace,quiPayerSiRemplace,qui|Si,/classes/class[@source='gest.activite.InfoEmploye']/field[@source='mQuiPayerSiRemplace']
class-field,gest.activite.InfoEmploye,mVectIDActe,listeIDActe,listeIdActe,Acte,/classes/class[@source='gest.activite.InfoEmploye']/field[@source='mVectIDActe']
class-field,gest.activite.InfoEmploye,mIDTypeActiviteRempl,idTypeActiviteRemplacant,idTypeActiviteRemplacant,Type,/classes/class[@source='gest.activite.InfoEmploye']/field[@source='mIDTypeActiviteRempl']
class-field,gest.activite.TabState,mCurrentTabState,etatOngletActuel,etatOngletActuel,etat,/classes/class[@source='gest.activite.TabState']/field[@source='mCurrentTabState']
class-field,gest.activite.TypeActivite,mAutreCodeGain,autreCodeGain,autreCodeGain,Code|Gain,/classes/class[@source='gest.activite.TypeActivite']/field[@source='mAutreCodeGain']
class-field,gest.activite.TypeActivite,mCodeActivite,codeActivite,codeActivite,code,/classes/class[@source='gest.activite.TypeActivite']/field[@source='mCodeActivite']
class-field,gest.activite.TypeActivite,mPermetSelActivite,permetSelectionDansActivites,permetSelectionDansActivites,Dans,/classes/class[@source='gest.activite.TypeActivite']/field[@source='mPermetSelActivite']
class-field,gest.activite.TypeActivite,mTypeAbsencePermis,typeAbsencePermis,typeAbsencePermis,type,/classes/class[@source='gest.activite.TypeActivite']/field[@source='mTypeAbsencePermis']
class-field,gest.activite.TypeActivite,mUtiliserAutreCodeGain,utiliserAutreCodeGain,utiliserAutreCodeGain,Code|Gain,/classes/class[@source='gest.activite.TypeActivite']/field[@source='mUtiliserAutreCodeGain']
class-field,gest.borne.AnomBorne,mHorsService,horsService,horsService,hors,/classes/class[@source='gest.borne.AnomBorne']/field[@source='mHorsService']
class-field,gest.borne.Borne,mDateFinGarantie,dateFinGarantie,dateFinGarantie,date,/classes/class[@source='gest.borne.Borne']/field[@source='mDateFinGarantie']
class-field,gest.borne.Borne,mDateInstallation,dateInstallation,dateInstallation,date,/classes/class[@source='gest.borne.Borne']/field[@source='mDateInstallation']
class-field,gest.borne.Borne,mEtat,etat,etat,etat,/classes/class[@source='gest.borne.Borne']/field[@source='mEtat']
class-field,gest.borne.Borne,mGPSConnu,gpsConnu,gpsConnu,gps,/classes/class[@source='gest.borne.Borne']/field[@source='mGPSConnu']
class-field,gest.borne.Borne,mGeoPosition,geoPosition,geoPosition,geo,/classes/class[@source='gest.borne.Borne']/field[@source='mGeoPosition']
class-field,gest.borne.Borne,mIndiquerDateEchue,indiquerDateEchue,indiquerDateEchue,Date,/classes/class[@source='gest.borne.Borne']/field[@source='mIndiquerDateEchue']
class-field,gest.borne.Borne,mLieu,lieu,lieu,lieu,/classes/class[@source='gest.borne.Borne']/field[@source='mLieu']
class-field,gest.borne.Borne,mLongLat,longLat,longLat,long|Lat,/classes/class[@source='gest.borne.Borne']/field[@source='mLongLat']
class-field,gest.borne.Borne,mTypeProprietaire,typeProprietaire,typeProprietaire,type,/classes/class[@source='gest.borne.Borne']/field[@source='mTypeProprietaire']
class-field,gest.borne.Borne,mPropNom,proprietaireNom,proprietaireNom,Nom,/classes/class[@source='gest.borne.Borne']/field[@source='mPropNom']
class-field,gest.borne.BorneIncendie,mDateCalcDebit,dateCalculDebit,dateCalculDebit,date,/classes/class[@source='gest.borne.BorneIncendie']/field[@source='mDateCalcDebit']
class-field,gest.borne.BorneIncendie,mIDTypeValve,idTypeValve,idTypeValve,Type,/classes/class[@source='gest.borne.BorneIncendie']/field[@source='mIDTypeValve']
class-field,gest.borne.BorneIncendie,mNonDrainable,nonDrainable,nonDrainable,non,/classes/class[@source='gest.borne.BorneIncendie']/field[@source='mNonDrainable']
class-field,gest.borne.BorneIncendie,mNoteValve,noteValve,noteValve,note,/classes/class[@source='gest.borne.BorneIncendie']/field[@source='mNoteValve']
class-field,gest.borne.BorneSeche,mRisqueGel,risqueGel,risqueGel,Gel,/classes/class[@source='gest.borne.BorneSeche']/field[@source='mRisqueGel']
class-field,gest.borne.BorneSeche,mTuyauTypeCoude,tuyauTypeCoude,tuyauTypeCoude,Type,/classes/class[@source='gest.borne.BorneSeche']/field[@source='mTuyauTypeCoude']
class-field,gest.borne.BornePer,mIDTypeMaintBorne,idTypeMaintBorne,idTypeMaintBorne,Type,/classes/class[@source='gest.borne.BornePer']/field[@source='mIDTypeMaintBorne']
class-field,gest.borne.BornePiece,mNom,nom,nom,nom,/classes/class[@source='gest.borne.BornePiece']/field[@source='mNom']
class-field,gest.borne.CalcDebit,mPressRes1Ouv,pressionResiduelle1Ouv,pressionResiduelle1Ouv,Ouv,/classes/class[@source='gest.borne.CalcDebit']/field[@source='mPressRes1Ouv']
class-field,gest.borne.CalcDebit,mPressRes2Ouv,pressionResiduelle2Ouv,pressionResiduelle2Ouv,Ouv,/classes/class[@source='gest.borne.CalcDebit']/field[@source='mPressRes2Ouv']
class-field,gest.borne.CalcDebit,mPressDyn2Ouv,pressionDynamique2Ouv,pressionDynamique2Ouv,Ouv,/classes/class[@source='gest.borne.CalcDebit']/field[@source='mPressDyn2Ouv']
class-field,gest.borne.ModeleBorne,mType,type,type,type,/classes/class[@source='gest.borne.ModeleBorne']/field[@source='mType']
class-field,gest.borne.ModeleBorne,mVectBornePer,listeBornePer,listeBornePer,Per,/classes/class[@source='gest.borne.ModeleBorne']/field[@source='mVectBornePer']
class-field,gest.borne.ParamMaintBorne,mVectPerBorneInc,listePerBorneInc,listePerBorneInc,Per|Inc,/classes/class[@source='gest.borne.ParamMaintBorne']/field[@source='mVectPerBorneInc']
class-field,gest.borne.ParamMaintBorne,mVectPerBorneSeche,listePerBorneSeche,listePerBorneSeche,Per,/classes/class[@source='gest.borne.ParamMaintBorne']/field[@source='mVectPerBorneSeche']
class-field,gest.borne.ParamMaintBorne,mVectPerPointEau,listePerPointEau,listePerPointEau,Per|Eau,/classes/class[@source='gest.borne.ParamMaintBorne']/field[@source='mVectPerPointEau']
class-field,gest.cartographie.ParamServeurCartographie,mNomAttributMatricule,nomAttributMatricule,nomAttributMatricule,nom,/classes/class[@source='gest.cartographie.ParamServeurCartographie']/field[@source='mNomAttributMatricule']
class-field,gest.cartographie.ParamServeurCartographie,mNomCoucheUnitesEvaluation,nomCoucheUnitesEvaluation,nomCoucheUnitesEvaluation,nom,/classes/class[@source='gest.cartographie.ParamServeurCartographie']/field[@source='mNomCoucheUnitesEvaluation']
class-field,gest.cartographie.ParamServeurCartographie,mNomProjet,nomProjet,nomProjet,nom,/classes/class[@source='gest.cartographie.ParamServeurCartographie']/field[@source='mNomProjet']
class-field,gest.cartographie.ParamServeurCartographie,mNomServeur,nomServeur,nomServeur,nom,/classes/class[@source='gest.cartographie.ParamServeurCartographie']/field[@source='mNomServeur']
class-field,gest.cartographie.ParamServeurCartographie,mPortDirect,portDirect,portDirect,port,/classes/class[@source='gest.cartographie.ParamServeurCartographie']/field[@source='mPortDirect']
class-field,gest.cartographie.ParamUtilisateurCartographie,mCodeUtilisateur,codeUtilisateur,codeUtilisateur,code,/classes/class[@source='gest.cartographie.ParamUtilisateurCartographie']/field[@source='mCodeUtilisateur']
class-field,gest.cartographie.ParamUtilisateurCartographie,mMotDePasse,motDePasse,motDePasse,mot|De,/classes/class[@source='gest.cartographie.ParamUtilisateurCartographie']/field[@source='mMotDePasse']
class-field,gest.caserne.Caserne,mVectPer,listePer,listePer,Per,/classes/class[@source='gest.caserne.Caserne']/field[@source='mVectPer']
class-field,gest.cauca.ParamCauca,mAdresseServ,adresseServ,adresseServ,Serv,/classes/class[@source='gest.cauca.ParamCauca']/field[@source='mAdresseServ']
class-field,gest.cauca.ParamCauca,mPortServ,portServ,portServ,port|Serv,/classes/class[@source='gest.cauca.ParamCauca']/field[@source='mPortServ']
class-field,gest.cauca.ParamCauca,mSens,sens,sens,sens,/classes/class[@source='gest.cauca.ParamCauca']/field[@source='mSens']
class-field,gest.cauca.ParamCauca,mVectNDernImport,listeNDernImport,listeNDernImport,N|Dern,/classes/class[@source='gest.cauca.ParamCauca']/field[@source='mVectNDernImport']
class-field,gest.cauca.ParamCauca$NDernImport,iCodeGeo,codeGeo,codeGeo,code|Geo,/classes/class[@source='gest.cauca.ParamCauca$NDernImport']/field[@source='iCodeGeo']
class-field,gest.centreDesRapports.SectionRapportCentral,mIdentHJTable,identHJTable,identHjTable,HJ,/classes/class[@source='gest.centreDesRapports.SectionRapportCentral']/field[@source='mIdentHJTable']
class-field,gest.centreDesRapports.SectionRapportCentral,mModeRapport,modeRapport,modeRapport,mode,/classes/class[@source='gest.centreDesRapports.SectionRapportCentral']/field[@source='mModeRapport']
class-field,gest.centreDesRapports.SectionRapportCentral,mNomOngletXLS,nomOngletXLS,nomOngletXls,nom|XLS,/classes/class[@source='gest.centreDesRapports.SectionRapportCentral']/field[@source='mNomOngletXLS']
class-field,gest.centreDesRapports.SectionRapportCentral,mVectNCol,listeNCol,listeNCol,N|Col,/classes/class[@source='gest.centreDesRapports.SectionRapportCentral']/field[@source='mVectNCol']
class-field,gest.centreDesRapports.SectionRapportCentral,mVectNGroupe,listeNGroupe,listeNGroupe,N,/classes/class[@source='gest.centreDesRapports.SectionRapportCentral']/field[@source='mVectNGroupe']
class-field,gest.centreDesRapports.SectionRapportCentral,mVectNTri,listeNTri,listeNTri,N|Tri,/classes/class[@source='gest.centreDesRapports.SectionRapportCentral']/field[@source='mVectNTri']
class-field,gest.champPerso.ChampPerso,mIDTypeChampPerso,idTypeChampPerso,idTypeChampPerso,Type,/classes/class[@source='gest.champPerso.ChampPerso']/field[@source='mIDTypeChampPerso']
class-field,gest.champPerso.TypeChampPerso,mDernIDChoix,dernIDChoix,dernIdChoix,dern,/classes/class[@source='gest.champPerso.TypeChampPerso']/field[@source='mDernIDChoix']
class-field,gest.champPerso.TypeChampPerso,mExtraDataKeyAssoc,extraDataKeyAssoc,extraDataKeyAssociation,Data|Key,/classes/class[@source='gest.champPerso.TypeChampPerso']/field[@source='mExtraDataKeyAssoc']
class-field,gest.champPerso.TypeChampPerso,mType,type,type,type,/classes/class[@source='gest.champPerso.TypeChampPerso']/field[@source='mType']
class-field,gest.champPerso.TypeChampPerso,mTypeSelection,typeSelection,typeSelection,type,/classes/class[@source='gest.champPerso.TypeChampPerso']/field[@source='mTypeSelection']
class-field,gest.codeAppel.CodeAppel,mCodePR,codePR,codePr,code|PR,/classes/class[@source='gest.codeAppel.CodeAppel']/field[@source='mCodePR']
class-field,gest.codeAppel.CodeAppel,mCodeRAO,codeRAO,codeRao,code|RAO,/classes/class[@source='gest.codeAppel.CodeAppel']/field[@source='mCodeRAO']
class-field,gest.codeAppel.CodeAppel,mFaireDSI2003,faireDSI2003,faireDsi2003,DSI|2003,/classes/class[@source='gest.codeAppel.CodeAppel']/field[@source='mFaireDSI2003']
class-field,gest.codeAppel.CodeAppel,mVectEtatSections,listeEtatSections,listeEtatSections,Etat,/classes/class[@source='gest.codeAppel.CodeAppel']/field[@source='mVectEtatSections']
class-field,gest.config.ConfigCompressionImages,mCboFormatParDefaut,cboFormatParDefaut,cboFormatParDefaut,cbo|Par,/classes/class[@source='gest.config.ConfigCompressionImages']/field[@source='mCboFormatParDefaut']
class-field,gest.config.ConfigCompressionImages,mInclureDansRapport,inclureDansRapport,inclureDansRapport,Dans,/classes/class[@source='gest.config.ConfigCompressionImages']/field[@source='mInclureDansRapport']
class-field,gest.config.ConfigCompressionImages,mTauxCompression,tauxCompression,tauxCompression,taux,/classes/class[@source='gest.config.ConfigCompressionImages']/field[@source='mTauxCompression']
class-field,gest.config.ParamBackup,mHreBackup,hreBackup,hreBackup,hre,/classes/class[@source='gest.config.ParamBackup']/field[@source='mHreBackup']
class-field,gest.config.ParamConfig,mIdentVilleDansNumActiv,identVilleDansNumActiv,identVilleDansNumeroActiv,Dans,/classes/class[@source='gest.config.ParamConfig']/field[@source='mIdentVilleDansNumActiv']
class-field,gest.config.ParamConfig,mIDLogo,idLogo,idLogo,Logo,/classes/class[@source='gest.config.ParamConfig']/field[@source='mIDLogo']
class-field,gest.config.ParamConfig,mStratePop,stratePop,stratePop,Pop,/classes/class[@source='gest.config.ParamConfig']/field[@source='mStratePop']
class-field,gest.config.ParamConfig,mTypeSequence,typeSequence,typeSequence,type,/classes/class[@source='gest.config.ParamConfig']/field[@source='mTypeSequence']
class-field,gest.config.ParamConfigGeneral,mAlerteOnJMSTrouble,alerteOnJMSTrouble,alerteOnJmsTrouble,On|JMS,/classes/class[@source='gest.config.ParamConfigGeneral']/field[@source='mAlerteOnJMSTrouble']
class-field,gest.config.ParamConfigGeneral,mFlagPossibleCorruptionBD,flagPossibleCorruptionBD,flagPossibleCorruptionBd,flag|BD,/classes/class[@source='gest.config.ParamConfigGeneral']/field[@source='mFlagPossibleCorruptionBD']
class-field,gest.config.ParamConfigGeneral,mLastBakVerif,lastBakVerif,lastBakVerif,last|Bak,/classes/class[@source='gest.config.ParamConfigGeneral']/field[@source='mLastBakVerif']
class-field,gest.config.ParamConfigGeneral,mLastJMSAlerteSent,lastJMSAlerteSent,lastJmsAlerteSent,last|JMS|Sent,/classes/class[@source='gest.config.ParamConfigGeneral']/field[@source='mLastJMSAlerteSent']
class-field,gest.config.ParamConfigGeneral,mVectIDSousSSI,listeIdSousSSI,listeIdSousSsi,Sous|SSI,/classes/class[@source='gest.config.ParamConfigGeneral']/field[@source='mVectIDSousSSI']
class-field,gest.config.ParamConfigSSI,mHreEnvoiAutoNotif,hreEnvoiAutoNotif,hreEnvoiAutomatiqueNotif,hre,/classes/class[@source='gest.config.ParamConfigSSI']/field[@source='mHreEnvoiAutoNotif']
class-field,gest.config.ParamConfigSSI,mIdentVilleDansNumActiv,identVilleDansNumActiv,identVilleDansNumeroActiv,Dans,/classes/class[@source='gest.config.ParamConfigSSI']/field[@source='mIdentVilleDansNumActiv']
class-field,gest.config.ParamConfigSSI,mMemeSeqPourToutLesSSI,memeSeqPourToutLesSSI,memeSequencePourToutLesSsi,meme|Pour|Tout|Les|SSI,/classes/class[@source='gest.config.ParamConfigSSI']/field[@source='mMemeSeqPourToutLesSSI']
class-field,gest.config.ParamConfigSSI,mMettreSujetPourPagetCourriel,mettreSujetPourPagetCourriel,mettreSujetPourPagetCourriel,Pour,/classes/class[@source='gest.config.ParamConfigSSI']/field[@source='mMettreSujetPourPagetCourriel']
class-field,gest.config.ParamConfigSSI,mNotifRapportRCI,notifRapportRCI,notifRapportRci,RCI,/classes/class[@source='gest.config.ParamConfigSSI']/field[@source='mNotifRapportRCI']
class-field,gest.config.ParamConfigSSI,mParamFormWeb,paramFormWeb,parametreFormWeb,Form|Web,/classes/class[@source='gest.config.ParamConfigSSI']/field[@source='mParamFormWeb']
class-field,gest.config.ParamConfigSSI,mPermetAbsenceNonPayee,permettAbsenceNonPayee,permettAbsenceNonPayee,Non,/classes/class[@source='gest.config.ParamConfigSSI']/field[@source='mPermetAbsenceNonPayee']
class-field,gest.config.ParamConfigSSI,mPermettreEditerActivitesAApprouver,permettreEditerActivitesAApprouver,permettreEditerActivitesAApprouver,A,/classes/class[@source='gest.config.ParamConfigSSI']/field[@source='mPermettreEditerActivitesAApprouver']
class-field,gest.config.ParamConfigSSI,mPermitCancelOnActWithNumPreassigned,permitCancelOnActWithNumPreassigned,permitCancelOnActWithNumeroPreassigned,On|Act|With,/classes/class[@source='gest.config.ParamConfigSSI']/field[@source='mPermitCancelOnActWithNumPreassigned']
class-field,gest.config.ParamConfigSSI,mPortEnvoiPaget,portEnvoiPaget,portEnvoiPaget,port,/classes/class[@source='gest.config.ParamConfigSSI']/field[@source='mPortEnvoiPaget']
class-field,gest.config.ParamConfigSSI,mQteDelaiRapportRCI,qteDelaiRapportRCI,quantiteDelaiRapportRci,RCI,/classes/class[@source='gest.config.ParamConfigSSI']/field[@source='mQteDelaiRapportRCI']
class-field,gest.config.ParamConfigSSI,mStratePop,stratePop,stratePop,Pop,/classes/class[@source='gest.config.ParamConfigSSI']/field[@source='mStratePop']
class-field,gest.config.ParamConfigSSI,mTypeSequence,typeSequence,typeSequence,type,/classes/class[@source='gest.config.ParamConfigSSI']/field[@source='mTypeSequence']
class-field,gest.config.ParamConfigSSI,mIDLogo,idLogo,idLogo,Logo,/classes/class[@source='gest.config.ParamConfigSSI']/field[@source='mIDLogo']
class-field,gest.config.ParamSendMail,mHostSMTP,hostSMTP,hostSmtp,host|SMTP,/classes/class[@source='gest.config.ParamSendMail']/field[@source='mHostSMTP']
class-field,gest.config.ParamSendMail,mPortSMTP,portSMTP,portSmtp,port|SMTP,/classes/class[@source='gest.config.ParamSendMail']/field[@source='mPortSMTP']
class-field,gest.config.ParamSendMail,mTypeEnvoi,typeEnvoi,typeEnvoi,type,/classes/class[@source='gest.config.ParamSendMail']/field[@source='mTypeEnvoi']
class-field,gest.config.ParamSendMail,mUseOutlook,useOutlook,useOutlook,use,/classes/class[@source='gest.config.ParamSendMail']/field[@source='mUseOutlook']
class-field,gest.config.VilleGeo,mCodeRAO,codeRAO,codeRao,code|RAO,/classes/class[@source='gest.config.VilleGeo']/field[@source='mCodeRAO']
class-field,gest.consolide.DetailEnvoi,mInclureEnCours,inclureEnCours,inclureEnCours,En,/classes/class[@source='gest.consolide.DetailEnvoi']/field[@source='mInclureEnCours']
class-field,gest.consolide.DetailIntervEnvoi,mDSISeulement,dSISeulement,dSiSeulement,d|SI,/classes/class[@source='gest.consolide.DetailIntervEnvoi']/field[@source='mDSISeulement']
class-field,gest.consolide.ParamConsolide,mPrefixeNouvActivite,prefixeNouvActivite,prefixeNouvActivite,Nouv,/classes/class[@source='gest.consolide.ParamConsolide']/field[@source='mPrefixeNouvActivite']
class-field,gest.consolide.ParamConsolide,mRepertSync,repertSync,repertSync,Sync,/classes/class[@source='gest.consolide.ParamConsolide']/field[@source='mRepertSync']
class-field,gest.consolide.ParamConsolide,mTypeSync,typeSync,typeSync,type|Sync,/classes/class[@source='gest.consolide.ParamConsolide']/field[@source='mTypeSync']
class-field,gest.consolide.ParamConsolide,mVectClassCorrToString,listeClassCorrToString,listeClassCorrToString,Corr|To,/classes/class[@source='gest.consolide.ParamConsolide']/field[@source='mVectClassCorrToString']
class-field,gest.consolide.ParamSSI,mAccesMultiTous,accesMultiTous,accesMultiTous,Tous,/classes/class[@source='gest.consolide.ParamSSI']/field[@source='mAccesMultiTous']
class-field,gest.consolide.ParamSSI,mCodeConso,codeConso,codeConso,code,/classes/class[@source='gest.consolide.ParamSSI']/field[@source='mCodeConso']
class-field,gest.consolide.ParamSSI,mDernTSImport,dernTSImport,dernTsImport,dern|TS,/classes/class[@source='gest.consolide.ParamSSI']/field[@source='mDernTSImport']
class-field,gest.consolide.ParamSSI,mEnvoiPLCentral,envoiPLCentral,envoiPlCentral,PL,/classes/class[@source='gest.consolide.ParamSSI']/field[@source='mEnvoiPLCentral']
class-field,gest.consolide.ParamSSI,mEnvoyerTout,envoyerTout,envoyerTout,Tout,/classes/class[@source='gest.consolide.ParamSSI']/field[@source='mEnvoyerTout']
class-field,gest.consolide.ParamSSI,mInclurePJ,inclurePJ,inclurePj,PJ,/classes/class[@source='gest.consolide.ParamSSI']/field[@source='mInclurePJ']
class-field,gest.consolide.ParamSSI,mTypeSync,typeSync,typeSync,type|Sync,/classes/class[@source='gest.consolide.ParamSSI']/field[@source='mTypeSync']
class-field,gest.consolide.ParamSSI,mVectNModuleDetail,listeNModuleDetail,listeNModuleDetail,N,/classes/class[@source='gest.consolide.ParamSSI']/field[@source='mVectNModuleDetail']
class-field,gest.cours.CoursInterne,mTypeFormateur,typeFormateur,typeFormateur,type,/classes/class[@source='gest.cours.CoursInterne']/field[@source='mTypeFormateur']
class-field,gest.cours.CoursInterne,mVectFormMateriel,listeFormMateriel,listeFormMateriel,Form,/classes/class[@source='gest.cours.CoursInterne']/field[@source='mVectFormMateriel']
class-field,gest.docum.Docum,mEtatDoc,etatDoc,etatDocument,etat,/classes/class[@source='gest.docum.Docum']/field[@source='mEtatDoc']
class-field,gest.docum.Docum,mVectDroitAccesRessSecCiv,listeDroitAccesRessSecCiv,listeDroitAccesRessSecCiv,Ress|Sec|Civ,/classes/class[@source='gest.docum.Docum']/field[@source='mVectDroitAccesRessSecCiv']
class-field,gest.docum.EtatDoc,mEtat,etat,etat,etat,/classes/class[@source='gest.docum.EtatDoc']/field[@source='mEtat']
class-field,gest.dossPrev.Chauffage,mAnneeFab,anneeFab,anneeFab,Fab,/classes/class[@source='gest.dossPrev.Chauffage']/field[@source='mAnneeFab']
class-field,gest.dossPrev.Chauffage,mIDTypeChauffage,idTypeChauffage,idTypeChauffage,Type,/classes/class[@source='gest.dossPrev.Chauffage']/field[@source='mIDTypeChauffage']
class-field,gest.dossPrev.Chauffage,mIDTypeCheminee,idTypeCheminee,idTypeCheminee,Type,/classes/class[@source='gest.dossPrev.Chauffage']/field[@source='mIDTypeCheminee']
class-field,gest.dossPrev.DossPrev,INDEX_toString,index_toString,indexToString,to,/classes/class[@source='gest.dossPrev.DossPrev']/field[@source='INDEX_toString']
class-field,gest.dossPrev.DossPrev,mAireAuSol,aireAuSol,aireAuSol,aire|Au|Sol,/classes/class[@source='gest.dossPrev.DossPrev']/field[@source='mAireAuSol']
class-field,gest.dossPrev.DossPrev,mDateDernResolution,dateDernResolution,dateDernResolution,date|Dern,/classes/class[@source='gest.dossPrev.DossPrev']/field[@source='mDateDernResolution']
class-field,gest.dossPrev.DossPrev,mDateDernSync,dateDernSync,dateDernSync,date|Dern|Sync,/classes/class[@source='gest.dossPrev.DossPrev']/field[@source='mDateDernSync']
class-field,gest.dossPrev.DossPrev,mDateTransfertRAO,dateTransfertRAO,dateTransfertRao,date|RAO,/classes/class[@source='gest.dossPrev.DossPrev']/field[@source='mDateTransfertRAO']
class-field,gest.dossPrev.DossPrev,mEtat,etat,etat,etat,/classes/class[@source='gest.dossPrev.DossPrev']/field[@source='mEtat']
class-field,gest.dossPrev.DossPrev,mEtatCAUCA,etatCAUCA,etatCauca,etat,/classes/class[@source='gest.dossPrev.DossPrev']/field[@source='mEtatCAUCA']
class-field,gest.dossPrev.DossPrev,mGeoPosition,geoPosition,geoPosition,geo,/classes/class[@source='gest.dossPrev.DossPrev']/field[@source='mGeoPosition']
class-field,gest.dossPrev.DossPrev,mLongLat,longLat,longLat,long|Lat,/classes/class[@source='gest.dossPrev.DossPrev']/field[@source='mLongLat']
class-field,gest.dossPrev.DossPrev,mNbPhotosParPagePourGraph,nbPhotosParPagePourGraph,nombrePhotosParPagePourGraph,Par|Page|Pour,/classes/class[@source='gest.dossPrev.DossPrev']/field[@source='mNbPhotosParPagePourGraph']
class-field,gest.dossPrev.DossPrev,mNbrSousSol,nbrSousSol,nombreSousSol,Sous|Sol,/classes/class[@source='gest.dossPrev.DossPrev']/field[@source='mNbrSousSol']
class-field,gest.dossPrev.DossPrev,mNoCivFin,noCivFin,noCivFin,no|Civ,/classes/class[@source='gest.dossPrev.DossPrev']/field[@source='mNoCivFin']
class-field,gest.dossPrev.DossPrev,mQteAireAuSol,qteAireAuSol,quantiteAireAuSol,Aire|Au|Sol,/classes/class[@source='gest.dossPrev.DossPrev']/field[@source='mQteAireAuSol']
class-field,gest.dossPrev.DossPrev,mQteAireAuSolTerrain,qteAireAuSolTerrain,quantiteAireAuSolTerrain,Aire|Au|Sol,/classes/class[@source='gest.dossPrev.DossPrev']/field[@source='mQteAireAuSolTerrain']
class-field,gest.dossPrev.DossPrev,mTransfertCAUCAFait,transfertCAUCAFait,transfertCaucaFait,Fait,/classes/class[@source='gest.dossPrev.DossPrev']/field[@source='mTransfertCAUCAFait']
class-field,gest.dossPrev.DossPrev,mTypeConstrAutreDetail,typeConstrAutreDetail,typeConstrAutreDetail,type,/classes/class[@source='gest.dossPrev.DossPrev']/field[@source='mTypeConstrAutreDetail']
class-field,gest.dossPrev.DossPrev,mVectAliasNom,listeAliasNom,listeAliasNom,Nom,/classes/class[@source='gest.dossPrev.DossPrev']/field[@source='mVectAliasNom']
class-field,gest.dossPrev.DossPrev,mVectIDCodeRef,listeIdCodeRef,listeIdCodeReference,Code,/classes/class[@source='gest.dossPrev.DossPrev']/field[@source='mVectIDCodeRef']
class-field,gest.dossPrev.DossPrev,mVectPersonneRess,listePersonneRess,listePersonneRess,Ress,/classes/class[@source='gest.dossPrev.DossPrev']/field[@source='mVectPersonneRess']
class-field,gest.dossPrev.DossPrev,mVectProdDang,listeProdDang,listeProduitDang,Dang,/classes/class[@source='gest.dossPrev.DossPrev']/field[@source='mVectProdDang']
class-field,gest.dossPrev.DossPrev,mIDTypeBatiment,idTypeBatiment,idTypeBatiment,Type,/classes/class[@source='gest.dossPrev.DossPrev']/field[@source='mIDTypeBatiment']
class-field,gest.dossPrev.DossPrev,mIDTypeConstruction,idTypeConstruction,idTypeConstruction,Type,/classes/class[@source='gest.dossPrev.DossPrev']/field[@source='mIDTypeConstruction']
class-field,gest.dossPrev.DossPrev,mIDTypeToit,idTypeToit,idTypeToit,Type|Toit,/classes/class[@source='gest.dossPrev.DossPrev']/field[@source='mIDTypeToit']
class-field,gest.dossPrev.DossPrev,mIDUsageDuLocal,idUsageDuLocal,idUsageDuLocal,Du,/classes/class[@source='gest.dossPrev.DossPrev']/field[@source='mIDUsageDuLocal']
class-field,gest.dossPrev.DossPrev$NAliasNom,iNom,nom,nom,nom,/classes/class[@source='gest.dossPrev.DossPrev$NAliasNom']/field[@source='iNom']
class-field,gest.dossPrev.Energie,mGazEquipRaccorde,gazEquipementRaccorde,gazEquipementRaccorde,gaz,/classes/class[@source='gest.dossPrev.Energie']/field[@source='mGazEquipRaccorde']
class-field,gest.dossPrev.Energie,mGazLocation,gazEmplacement,gazEmplacement,gaz,/classes/class[@source='gest.dossPrev.Energie']/field[@source='mGazLocation']
class-field,gest.dossPrev.Energie,mGazNombre,gazNombre,gazNombre,gaz,/classes/class[@source='gest.dossPrev.Energie']/field[@source='mGazNombre']
class-field,gest.dossPrev.HistoImportDossPrev,mDateImport,dateImport,dateImport,date,/classes/class[@source='gest.dossPrev.HistoImportDossPrev']/field[@source='mDateImport']
class-field,gest.dossPrev.HistoImportDossPrev,mFilename,nomFichier,nomFichier,nom,/classes/class[@source='gest.dossPrev.HistoImportDossPrev']/field[@source='mFilename']
class-field,gest.dossPrev.HistoImportDossPrev,mCodeGeo,codeGeo,codeGeo,code|Geo,/classes/class[@source='gest.dossPrev.HistoImportDossPrev']/field[@source='mCodeGeo']
class-field,gest.dossPrev.HistoImportDossPrev,mNumNonTraites,nombreNonTraites,nombreNonTraites,Non,/classes/class[@source='gest.dossPrev.HistoImportDossPrev']/field[@source='mNumNonTraites']
class-field,gest.dossPrev.ParamDossPrev,mChercherMatriculeAnterieurDansVectOldMatricule,chercherMatriculeAnterieurDansListeAncienMatricule,chercherMatriculeAnterieurDansListeAncienMatricule,Dans,/classes/class[@source='gest.dossPrev.ParamDossPrev']/field[@source='mChercherMatriculeAnterieurDansVectOldMatricule']
class-field,gest.dossPrev.ParamDossPrev,mDateDernExport,dateDernierExport,dateDernierExport,date,/classes/class[@source='gest.dossPrev.ParamDossPrev']/field[@source='mDateDernExport']
class-field,gest.dossPrev.ParamDossPrev,mDateDernExportAutomatique,dateDernierExportAutomatique,dateDernierExportAutomatique,date,/classes/class[@source='gest.dossPrev.ParamDossPrev']/field[@source='mDateDernExportAutomatique']
class-field,gest.dossPrev.ParamDossPrev,mExporterTousLesDossPrev,exporterTousLesDossierAdresse,exporterTousLesDossierAdresse,Tous|Les,/classes/class[@source='gest.dossPrev.ParamDossPrev']/field[@source='mExporterTousLesDossPrev']
class-field,gest.dossPrev.ParamDossPrev,mSetPropPasSync,setProprietePasSynchronise,setProprietePasSynchronise,set|Pas,/classes/class[@source='gest.dossPrev.ParamDossPrev']/field[@source='mSetPropPasSync']
class-field,gest.dossPrev.ParamDossPrev,mVectCodeUsageRempl,listeCodeUsageRemplacement,listeCodeUsageRemplacement,Code,/classes/class[@source='gest.dossPrev.ParamDossPrev']/field[@source='mVectCodeUsageRempl']
class-field,gest.dossPrev.ParamDossPrev$NValRempl,iVoie,voie,voie,voie,/classes/class[@source='gest.dossPrev.ParamDossPrev$NValRempl']/field[@source='iVoie']
class-field,gest.dossPrev.ParamDossPrev$NValRempl,iVoieRempl,voieRemplacement,voieRemplacement,voie,/classes/class[@source='gest.dossPrev.ParamDossPrev$NValRempl']/field[@source='iVoieRempl']
class-field,gest.dossPrev.ParamDossPrev$NCodeUsageAssoc,mCode,code,code,code,/classes/class[@source='gest.dossPrev.ParamDossPrev$NCodeUsageAssoc']/field[@source='mCode']
class-field,gest.dossPrev.ParamDossPrev$NCodeUsageAssoc,mMSPCode,mspCode,mspCode,msp|Code,/classes/class[@source='gest.dossPrev.ParamDossPrev$NCodeUsageAssoc']/field[@source='mMSPCode']
class-field,gest.dossPrev.PeriodiciteDossPrev,mDateDernPrev,dateDernierePrevention,dateDernierePrevention,date,/classes/class[@source='gest.dossPrev.PeriodiciteDossPrev']/field[@source='mDateDernPrev']
class-field,gest.dossPrev.PeriodiciteDossPrev,mTypePeriodicite,typePeriodicite,typePeriodicite,type,/classes/class[@source='gest.dossPrev.PeriodiciteDossPrev']/field[@source='mTypePeriodicite']
class-field,gest.dossPrev.PeriodiciteDossPrev,mIDTypePrevention,idTypePrevention,idTypePrevention,Type,/classes/class[@source='gest.dossPrev.PeriodiciteDossPrev']/field[@source='mIDTypePrevention']
class-field,gest.dossPrev.PersonneRess,mAutreAdresseQueDossier,autreAdresseQueDossier,autreAdresseQueDossier,Que,/classes/class[@source='gest.dossPrev.PersonneRess']/field[@source='mAutreAdresseQueDossier']
class-field,gest.dossPrev.PersonneRess,mConsentementWebPourEnvois,consentementWebPourEnvois,consentementWebPourEnvois,Web|Pour,/classes/class[@source='gest.dossPrev.PersonneRess']/field[@source='mConsentementWebPourEnvois']
class-field,gest.dossPrev.PersonneRess,mLastUpdateViaFormWeb,derniereMiseAJourViaFormulaireWeb,derniereMiseAJourViaFormulaireWeb,Mise|A|Jour|Via|Web,/classes/class[@source='gest.dossPrev.PersonneRess']/field[@source='mLastUpdateViaFormWeb']
class-field,gest.dossPrev.PersonneRess,mPagetCode,teleavertisseurCode,teleavertisseurCode,Code,/classes/class[@source='gest.dossPrev.PersonneRess']/field[@source='mPagetCode']
class-field,gest.dossPrev.PersonneRess,mSiteWeb,siteWeb,siteWeb,site|Web,/classes/class[@source='gest.dossPrev.PersonneRess']/field[@source='mSiteWeb']
class-field,gest.dossPrev.ProdDang,mCAS,cas,cas,cas,/classes/class[@source='gest.dossPrev.ProdDang']/field[@source='mCAS']
class-field,gest.dossPrev.ProdDang,mEntreeGaz,entreeGaz,entreeGaz,Gaz,/classes/class[@source='gest.dossPrev.ProdDang']/field[@source='mEntreeGaz']
class-field,gest.dossPrev.ProdDang,mIDPageJaune,idPageJaune,idPageJaune,Page,/classes/class[@source='gest.dossPrev.ProdDang']/field[@source='mIDPageJaune']
class-field,gest.employe.ContactUrgence,mTelJour,telephoneJour,telephoneJour,Jour,/classes/class[@source='gest.employe.ContactUrgence']/field[@source='mTelJour']
class-field,gest.employe.ContactUrgence,mTelSoir,telephoneSoir,telephoneSoir,Soir,/classes/class[@source='gest.employe.ContactUrgence']/field[@source='mTelSoir']
class-field,gest.employe.Employe,mCodePermanent,codePermanent,codePermanent,code,/classes/class[@source='gest.employe.Employe']/field[@source='mCodePermanent']
class-field,gest.employe.Employe,mDateEmbauche,dateEmbauche,dateEmbauche,date,/classes/class[@source='gest.employe.Employe']/field[@source='mDateEmbauche']
class-field,gest.employe.Employe,mDateNais,dateNaissance,dateNaissance,date,/classes/class[@source='gest.employe.Employe']/field[@source='mDateNais']
class-field,gest.employe.Employe,mNAS,nas,nas,nas,/classes/class[@source='gest.employe.Employe']/field[@source='mNAS']
class-field,gest.employe.Employe,mPagetCode,teleavertisseurCode,teleavertisseurCode,Code,/classes/class[@source='gest.employe.Employe']/field[@source='mPagetCode']
class-field,gest.employe.Employe,mTypeEmploye,typeEmploye,typeEmploye,type,/classes/class[@source='gest.employe.Employe']/field[@source='mTypeEmploye']
class-field,gest.employe.Employe,mUtilisateur,aCompteUtilisateur,aCompteUtilisateur,a,/classes/class[@source='gest.employe.Employe']/field[@source='mUtilisateur']
class-field,gest.employe.Employe,mUtiliseTauxGrade,utiliseTauxGrade,utiliseTauxGrade,Taux,/classes/class[@source='gest.employe.Employe']/field[@source='mUtiliseTauxGrade']
class-field,gest.employe.Employe,mVectEmployeDateTaux,listeDateTaux,listeDateTaux,Date|Taux,/classes/class[@source='gest.employe.Employe']/field[@source='mVectEmployeDateTaux']
class-field,gest.employe.Employe,mVectEmployeTaux,listeTaux,listeTaux,Taux,/classes/class[@source='gest.employe.Employe']/field[@source='mVectEmployeTaux']
class-field,gest.employe.Employe,mVectNonDispo,listeNonDisponibilite,listeNonDisponibilite,Non,/classes/class[@source='gest.employe.Employe']/field[@source='mVectNonDispo']
class-field,gest.employe.Employe,mWebCodeUtil,webCodeUtilisateur,webCodeUtilisateur,web|Code,/classes/class[@source='gest.employe.Employe']/field[@source='mWebCodeUtil']
class-field,gest.employe.Employe,mWebMemeCodeAccesQueUtil,webMemeCodeAccesQueUtilisateur,webMemeCodeAccesQueUtilisateur,web|Meme|Code|Que,/classes/class[@source='gest.employe.Employe']/field[@source='mWebMemeCodeAccesQueUtil']
class-field,gest.employe.Employe,mWebMotPasse,webMotPasse,webMotPasse,web|Mot,/classes/class[@source='gest.employe.Employe']/field[@source='mWebMotPasse']
class-field,gest.employe.Employe,mWebUtil,webUtilisateur,webUtilisateur,web,/classes/class[@source='gest.employe.Employe']/field[@source='mWebUtil']
class-field,gest.employe.Employe$NNonDispo,iDateDe,dateDe,dateDe,date|De,/classes/class[@source='gest.employe.Employe$NNonDispo']/field[@source='iDateDe']
class-field,gest.employe.Employe$NNonDispo,iDateA,dateA,dateA,date|A,/classes/class[@source='gest.employe.Employe$NNonDispo']/field[@source='iDateA']
class-field,gest.employe.Employe$NNonDispo,iNbrMillisNonDispo,nombreMillisecondeNonDisponible,nombreMillisecondeNonDisponible,Non,/classes/class[@source='gest.employe.Employe$NNonDispo']/field[@source='iNbrMillisNonDispo']
class-field,gest.employe.Employe$NNonDispo,iTypeNonDispo,typeNonDisponibilite,typeNonDisponibilite,type|Non,/classes/class[@source='gest.employe.Employe$NNonDispo']/field[@source='iTypeNonDispo']
class-field,gest.employe.EmployeDateTaux,mDateVigueur,dateEnVigueur,dateEnVigueur,date|En,/classes/class[@source='gest.employe.EmployeDateTaux']/field[@source='mDateVigueur']
class-field,gest.employe.EmployeDateTaux,mVectEmployeTaux,listeEmployeTaux,listeEmployeTaux,Taux,/classes/class[@source='gest.employe.EmployeDateTaux']/field[@source='mVectEmployeTaux']
class-field,gest.employe.EmployeNomin,mDateNomin,dateNomination,dateNomination,date,/classes/class[@source='gest.employe.EmployeNomin']/field[@source='mDateNomin']
class-field,gest.employe.EmployeTaux,mTaux,taux,taux,taux,/classes/class[@source='gest.employe.EmployeTaux']/field[@source='mTaux']
class-field,gest.equipe.Equipe,mVectIDEquipeOuIDEmpl,listeIDEquipeOuIDEmploye,listeIdEquipeOuIdEmploye,Ou,/classes/class[@source='gest.equipe.Equipe']/field[@source='mVectIDEquipeOuIDEmpl']
class-field,gest.equipement.EquipExist,mCoutAcquisition,coutAcquisition,coutAcquisition,cout,/classes/class[@source='gest.equipement.EquipExist']/field[@source='mCoutAcquisition']
class-field,gest.equipement.EquipExist,mDateAchat,dateAchat,dateAchat,date,/classes/class[@source='gest.equipement.EquipExist']/field[@source='mDateAchat']
class-field,gest.equipement.EquipExist,mDateFinGarantie,dateFinGarantie,dateFinGarantie,date,/classes/class[@source='gest.equipement.EquipExist']/field[@source='mDateFinGarantie']
class-field,gest.equipement.EquipExist,mDatePeremption,datePeremption,datePeremption,date,/classes/class[@source='gest.equipement.EquipExist']/field[@source='mDatePeremption']
class-field,gest.equipement.EquipExist,mVectPer,listePer,listePer,Per,/classes/class[@source='gest.equipement.EquipExist']/field[@source='mVectPer']
class-field,gest.equipement.EquipExist,mIDTypeEquipement,idTypeEquipement,idTypeEquipement,Type,/classes/class[@source='gest.equipement.EquipExist']/field[@source='mIDTypeEquipement']
class-field,gest.equipement.QteRequise,mIDTypeEquipement,idTypeEquipement,idTypeEquipement,Type,/classes/class[@source='gest.equipement.QteRequise']/field[@source='mIDTypeEquipement']
class-field,gest.equipement.SituationEquipement,mEtat,etat,etat,etat,/classes/class[@source='gest.equipement.SituationEquipement']/field[@source='mEtat']
class-field,gest.equipement.SituationEquipement,mEtatComportement,etatComportement,etatComportement,etat,/classes/class[@source='gest.equipement.SituationEquipement']/field[@source='mEtatComportement']
class-field,gest.equipement.TypeEquipement,mDroitRequisPourTransfert,droitRequisPourTransfert,droitRequisPourTransfert,Pour,/classes/class[@source='gest.equipement.TypeEquipement']/field[@source='mDroitRequisPourTransfert']
class-field,gest.equipement.TypeEquipement,mFrequenceDeRemplacement,frequenceDeRemplacement,frequenceDeRemplacement,De,/classes/class[@source='gest.equipement.TypeEquipement']/field[@source='mFrequenceDeRemplacement']
class-field,gest.equipement.TypeEquipement,mVectPer,listePer,listePer,Per,/classes/class[@source='gest.equipement.TypeEquipement']/field[@source='mVectPer']
class-field,gest.equipement.TypeEquipement,mVectTypeChampPerso,listeTypeChampPerso,listeTypeChampPerso,Type,/classes/class[@source='gest.equipement.TypeEquipement']/field[@source='mVectTypeChampPerso']
class-field,gest.equipement.PeriodiciteEquip,mIDTypeMaint,idTypeMaintenance,idTypeMaintenance,Type,/classes/class[@source='gest.equipement.PeriodiciteEquip']/field[@source='mIDTypeMaint']
class-field,gest.equipement.PeriodiciteEquip,mCalcProchPerSurDernMaint,calculerProchainPeriodiqueSurDerniereMaintenance,calculerProchainPeriodiqueSurDerniereMaintenance,Sur,/classes/class[@source='gest.equipement.PeriodiciteEquip']/field[@source='mCalcProchPerSurDernMaint']
class-field,gest.equipement.PeriodiciteEquip,mDateDernMaint,dateDerniereMaintenance,dateDerniereMaintenance,date,/classes/class[@source='gest.equipement.PeriodiciteEquip']/field[@source='mDateDernMaint']
class-field,gest.feuilleTemps.ParamFeuilleTemps,mFormatPerPaie,formatPeriodePaie,formatPeriodePaie,Paie,/classes/class[@source='gest.feuilleTemps.ParamFeuilleTemps']/field[@source='mFormatPerPaie']
class-field,gest.feuilleTemps.ParamFeuilleTemps,mInclureTauxHoraire,inclureTauxHoraire,inclureTauxHoraire,Taux,/classes/class[@source='gest.feuilleTemps.ParamFeuilleTemps']/field[@source='mInclureTauxHoraire']
class-field,gest.feuilleTemps.ParamFeuilleTemps,mInfosAuthAurora,infosAuthAurora,infosAuthAurora,Auth,/classes/class[@source='gest.feuilleTemps.ParamFeuilleTemps']/field[@source='mInfosAuthAurora']
class-field,gest.feuilleTemps.ParamFeuilleTemps,mLieuTravail,lieuTravail,lieuTravail,lieu,/classes/class[@source='gest.feuilleTemps.ParamFeuilleTemps']/field[@source='mLieuTravail']
class-field,gest.feuilleTemps.ParamFeuilleTemps,mMaxDeuxDecimales,maximumDeuxDecimales,maximumDeuxDecimales,Deux,/classes/class[@source='gest.feuilleTemps.ParamFeuilleTemps']/field[@source='mMaxDeuxDecimales']
class-field,gest.feuilleTemps.ParamFeuilleTemps,mSaveOnServer,enregistrerSurServeur,enregistrerSurServeur,Sur,/classes/class[@source='gest.feuilleTemps.ParamFeuilleTemps']/field[@source='mSaveOnServer']
class-field,gest.feuilleTemps.ParamFeuilleTemps,mSousDept,sousDepartement,sousDepartement,sous,/classes/class[@source='gest.feuilleTemps.ParamFeuilleTemps']/field[@source='mSousDept']
class-field,gest.feuilleTemps.ParamFeuilleTemps,mSousProjet,sousProjet,sousProjet,sous,/classes/class[@source='gest.feuilleTemps.ParamFeuilleTemps']/field[@source='mSousProjet']
class-field,gest.feuilleTemps.ParamFeuilleTemps,mTypeProjetSpecif,typeProjetSpecif,typeProjetSpecif,type,/classes/class[@source='gest.feuilleTemps.ParamFeuilleTemps']/field[@source='mTypeProjetSpecif']
class-field,gest.feuilleTemps.ParamFeuilleTemps,mTypeTrans,typeTransaction,typeTransaction,type,/classes/class[@source='gest.feuilleTemps.ParamFeuilleTemps']/field[@source='mTypeTrans']
class-field,gest.feuilleTemps.ParamFeuilleTemps,mUniteRH,uniteRH,uniteRh,RH,/classes/class[@source='gest.feuilleTemps.ParamFeuilleTemps']/field[@source='mUniteRH']
class-field,gest.feuilleTemps.ParamFeuilleTemps,mUrlApiAurora,urlApiAurora,urlApiAurora,url|Api,/classes/class[@source='gest.feuilleTemps.ParamFeuilleTemps']/field[@source='mUrlApiAurora']
class-field,gest.feuilleTemps.ParamFeuilleTemps,mVectCodeGain,listeCodeGain,listeCodeGain,Code|Gain,/classes/class[@source='gest.feuilleTemps.ParamFeuilleTemps']/field[@source='mVectCodeGain']
class-field,gest.feuilleTemps.ParamFeuilleTemps,mVectValeursParGrade,listeValeursParGrade,listeValeursParGrade,Par,/classes/class[@source='gest.feuilleTemps.ParamFeuilleTemps']/field[@source='mVectValeursParGrade']
class-field,gest.feuilleTemps.ParamFeuilleTemps$NChampSuppDesjardins,iCodeGain,codeGain,codeGain,code|Gain,/classes/class[@source='gest.feuilleTemps.ParamFeuilleTemps$NChampSuppDesjardins']/field[@source='iCodeGain']
class-field,gest.fichier.Fichier,mDateAjout,dateAjout,dateAjout,date,/classes/class[@source='gest.fichier.Fichier']/field[@source='mDateAjout']
class-field,gest.fichier.Fichier,mDateDernModif,dateDerniereModification,dateDerniereModification,date,/classes/class[@source='gest.fichier.Fichier']/field[@source='mDateDernModif']
class-field,gest.formElec.ParamFigurePanel,mOuvrirDansFenetre,ouvrirDansFenetre,ouvrirDansFenetre,Dans,/classes/class[@source='gest.formElec.ParamFigurePanel']/field[@source='mOuvrirDansFenetre']
class-field,gest.formElec.ParamFigureSaisie,mAssocSectCond,assocSectCond,associationSectCond,Sect|Cond,/classes/class[@source='gest.formElec.ParamFigureSaisie']/field[@source='mAssocSectCond']
class-field,gest.formElec.ParamFigureSaisie,mCreerAnom,creerAnom,creerAnom,Anom,/classes/class[@source='gest.formElec.ParamFigureSaisie']/field[@source='mCreerAnom']
class-field,gest.formElec.ParamFigureSaisie,mIdentSectionCond,identSectionCond,identSectionCond,Cond,/classes/class[@source='gest.formElec.ParamFigureSaisie']/field[@source='mIdentSectionCond']
class-field,gest.formElec.ParamFigureSaisie,mLieuAnom,lieuAnom,lieuAnom,lieu|Anom,/classes/class[@source='gest.formElec.ParamFigureSaisie']/field[@source='mLieuAnom']
class-field,gest.formElec.ParamFigureSaisie,mValCreerAnom,valCreerAnom,valeurCreerAnom,Anom,/classes/class[@source='gest.formElec.ParamFigureSaisie']/field[@source='mValCreerAnom']
class-field,gest.formElec.ParamFigureSaisie,mValSectCond,valSectCond,valeurSectCond,Sect|Cond,/classes/class[@source='gest.formElec.ParamFigureSaisie']/field[@source='mValSectCond']
class-field,gest.formElec.ParamFigureSaisie,mIDTypeAnom,idTypeAnom,idTypeAnom,Type|Anom,/classes/class[@source='gest.formElec.ParamFigureSaisie']/field[@source='mIDTypeAnom']
class-field,gest.formElec.ParamFigureSaisie,mIDTypeChampPerso,idTypeChampPerso,idTypeChampPerso,Type,/classes/class[@source='gest.formElec.ParamFigureSaisie']/field[@source='mIDTypeChampPerso']
class-field,gest.formElec.Section,mPermetAnom,permetAnom,permetAnom,Anom,/classes/class[@source='gest.formElec.Section']/field[@source='mPermetAnom']
class-field,gest.formElec.Section,mTousAnom,tousAnom,tousAnom,tous|Anom,/classes/class[@source='gest.formElec.Section']/field[@source='mTousAnom']
class-field,gest.formElec.Section,mVectIDTypeAnom,listeIDTypeAnom,listeIdTypeAnom,Type|Anom,/classes/class[@source='gest.formElec.Section']/field[@source='mVectIDTypeAnom']
class-field,gest.formation.CoursAvantEmbauche,mDateComplete,dateComplete,dateComplete,date,/classes/class[@source='gest.formation.CoursAvantEmbauche']/field[@source='mDateComplete']
class-field,gest.formation.Formation,mCout,cout,cout,cout,/classes/class[@source='gest.formation.Formation']/field[@source='mCout']
class-field,gest.formation.Formation,mIdentJour,identJour,identJour,Jour,/classes/class[@source='gest.formation.Formation']/field[@source='mIdentJour']
class-field,gest.formation.Formation,mNbrHreForm,nombreHeuresForm,nombreHeuresForm,Form,/classes/class[@source='gest.formation.Formation']/field[@source='mNbrHreForm']
class-field,gest.formation.Formation,mNomFormExterne,nomFormExterne,nomFormExterne,nom|Form,/classes/class[@source='gest.formation.Formation']/field[@source='mNomFormExterne']
class-field,gest.formation.Formation,mTypeFormateur,typeFormateur,typeFormateur,type,/classes/class[@source='gest.formation.Formation']/field[@source='mTypeFormateur']
class-field,gest.formation.Formation,mVectFormMateriel,listeFormMateriel,listeFormMateriel,Form,/classes/class[@source='gest.formation.Formation']/field[@source='mVectFormMateriel']
class-field,gest.formation.Formation,mIDAssigneA,idAssigneA,idAssigneA,A,/classes/class[@source='gest.formation.Formation']/field[@source='mIDAssigneA']
class-field,gest.formation.InfoEtudiant,mDateCertificationDebut,dateCertificationDebut,dateCertificationDebut,date,/classes/class[@source='gest.formation.InfoEtudiant']/field[@source='mDateCertificationDebut']
class-field,gest.formation.InfoEtudiant,mDateCertificationFin,dateCertificationFin,dateCertificationFin,date,/classes/class[@source='gest.formation.InfoEtudiant']/field[@source='mDateCertificationFin']
class-field,gest.formation.TypeActivFormation,mRoleEmploye,roleEmploye,roleEmploye,role,/classes/class[@source='gest.formation.TypeActivFormation']/field[@source='mRoleEmploye']
class-field,gest.fournisseur.Fournisseur,mCell,cell,cell,cell,/classes/class[@source='gest.fournisseur.Fournisseur']/field[@source='mCell']
class-field,gest.fournisseur.Fournisseur,mSiteWeb,siteWeb,siteWeb,site|Web,/classes/class[@source='gest.fournisseur.Fournisseur']/field[@source='mSiteWeb']
class-field,gest.gen.Adresse,INDEX_toString,INDEX_toString,indexToString,to,/classes/class[@source='gest.gen.Adresse']/field[@source='INDEX_toString']
class-field,gest.gen.Adresse,mCodeGeo,codeGeo,codeGeo,code|Geo,/classes/class[@source='gest.gen.Adresse']/field[@source='mCodeGeo']
class-field,gest.gen.Adresse,mCodeLien,codeLien,codeLien,code|Lien,/classes/class[@source='gest.gen.Adresse']/field[@source='mCodeLien']
class-field,gest.gen.Adresse,mCodePost,codePost,codePost,code|Post,/classes/class[@source='gest.gen.Adresse']/field[@source='mCodePost']
class-field,gest.gen.Adresse,mFax,fax,fax,fax,/classes/class[@source='gest.gen.Adresse']/field[@source='mFax']
class-field,gest.gen.Adresse,mNoCiv,noCiv,noCiv,no|Civ,/classes/class[@source='gest.gen.Adresse']/field[@source='mNoCiv']
class-field,gest.gen.Adresse,mRue,rue,rue,rue,/classes/class[@source='gest.gen.Adresse']/field[@source='mRue']
class-field,gest.gen.Adresse,mTypeRue,typeRue,typeRue,type|Rue,/classes/class[@source='gest.gen.Adresse']/field[@source='mTypeRue']
class-field,gest.gen.Adresse,mTypeSuite,typeSuite,typeSuite,type,/classes/class[@source='gest.gen.Adresse']/field[@source='mTypeSuite']
class-field,gest.gen.AutoIncrement,mDernID,dernID,dernId,dern,/classes/class[@source='gest.gen.AutoIncrement']/field[@source='mDernID']
class-field,gest.gen.Entite,idJPA,idJPA,idJpa,JPA,/classes/class[@source='gest.gen.Entite']/field[@source='idJPA']
class-field,gest.gen.EntiteContientID,mDernModif,dernModif,dernModif,dern,/classes/class[@source='gest.gen.EntiteContientID']/field[@source='mDernModif']
class-field,gest.gen.EntiteContientID,mLastFusionTime,lastFusionTime,lastFusionTime,last|Time,/classes/class[@source='gest.gen.EntiteContientID']/field[@source='mLastFusionTime']
class-field,gest.gen.EntiteContientID,mIDEntiteFusionSrc,idEntiteFusionSrc,idEntiteFusionSrc,Src,/classes/class[@source='gest.gen.EntiteContientID']/field[@source='mIDEntiteFusionSrc']
class-field,gest.gen.EntiteContientIDResettableMobile,mResetIDOnSync,resetIDOnSync,resetIdOnSync,On|Sync,/classes/class[@source='gest.gen.EntiteContientIDResettableMobile']/field[@source='mResetIDOnSync']
class-field,gest.gen.ExpirationDocument,mDateArchivage,dateArchivage,dateArchivage,date,/classes/class[@source='gest.gen.ExpirationDocument']/field[@source='mDateArchivage']
class-field,gest.gen.ExpirationDocument,mDateExpiration,dateExpiration,dateExpiration,date,/classes/class[@source='gest.gen.ExpirationDocument']/field[@source='mDateExpiration']
class-field,gest.gen.IDEntite,mBypassValidIDSSISiTous,bypassValidIDSSISiTous,bypassValidIdssiSiTous,Si|Tous,/classes/class[@source='gest.gen.IDEntite']/field[@source='mBypassValidIDSSISiTous']
class-field,gest.gen.IntervalleDate,mDateDe,dateDe,dateDe,date|De,/classes/class[@source='gest.gen.IntervalleDate']/field[@source='mDateDe']
class-field,gest.gen.IntervalleDate,mDateA,dateA,dateA,date|A,/classes/class[@source='gest.gen.IntervalleDate']/field[@source='mDateA']
class-field,gest.gen.IntervalleHeure,mHeureA,heureA,heureA,A,/classes/class[@source='gest.gen.IntervalleHeure']/field[@source='mHeureA']
class-field,gest.gen.IntervalleHeure,mHeureDe,heureDe,heureDe,De,/classes/class[@source='gest.gen.IntervalleHeure']/field[@source='mHeureDe']
class-field,gest.gen.Lieu,INDEX_toString,INDEX_toString,indexToString,to,/classes/class[@source='gest.gen.Lieu']/field[@source='INDEX_toString']
class-field,gest.gen.Lieu,mCodeGeo,codeGeo,codeGeo,code|Geo,/classes/class[@source='gest.gen.Lieu']/field[@source='mCodeGeo']
class-field,gest.gen.Lieu,mCodePost,codePost,codePost,code|Post,/classes/class[@source='gest.gen.Lieu']/field[@source='mCodePost']
class-field,gest.gen.Lieu,mDescLieu,descriptionLieu,descriptionLieu,Lieu,/classes/class[@source='gest.gen.Lieu']/field[@source='mDescLieu']
class-field,gest.gen.LongLat,mLat,lat,lat,lat,/classes/class[@source='gest.gen.LongLat']/field[@source='mLat']
class-field,gest.gen.LongLat,mLong,long,long,long,/classes/class[@source='gest.gen.LongLat']/field[@source='mLong']
class-field,gest.gen.Message,mDateNote,dateNote,dateNote,date|Note,/classes/class[@source='gest.gen.Message']/field[@source='mDateNote']
class-field,gest.gen.Message,mDejaLu,dejaLu,dejaLu,deja|Lu,/classes/class[@source='gest.gen.Message']/field[@source='mDejaLu']
class-field,gest.gen.Message,mTypeNote,typeNote,typeNote,type|Note,/classes/class[@source='gest.gen.Message']/field[@source='mTypeNote']
class-field,gest.gen.ParamExportDonnees,mExporterTousLesDossPrev,exporterTousLesDossPrev,exporterTousLesDossPrevision,Tous|Les|Doss,/classes/class[@source='gest.gen.ParamExportDonnees']/field[@source='mExporterTousLesDossPrev']
class-field,gest.gen.ParamPropCouleur,mCodeCouleurProp,codeCouleurProp,codeCouleurPropriete,code,/classes/class[@source='gest.gen.ParamPropCouleur']/field[@source='mCodeCouleurProp']
class-field,gest.gen.ParamPropCouleur,mUseCodeCouleur,useCodeCouleur,useCodeCouleur,use|Code,/classes/class[@source='gest.gen.ParamPropCouleur']/field[@source='mUseCodeCouleur']
class-field,gest.gen.ParamPropCouleur$NEntreeDeLegende,mIsRange,isRange,isRange,is,/classes/class[@source='gest.gen.ParamPropCouleur$NEntreeDeLegende']/field[@source='mIsRange']
class-field,gest.gen.ParamVersion,mVersionDB,mVersionDB,mVersionDb,m|DB,/classes/class[@source='gest.gen.ParamVersion']/field[@source='mVersionDB']
class-field,gest.gen.ParamVersion,mNumBuildDB,mNumBuildDB,mNumeroBuildDb,m|DB,/classes/class[@source='gest.gen.ParamVersion']/field[@source='mNumBuildDB']
class-field,gest.gen.ParamVersion,mFirstSessionAfterUpdateBuild,mFirstSessionAfterUpdateBuild,mFirstSessionAfterUpdateBuild,m,/classes/class[@source='gest.gen.ParamVersion']/field[@source='mFirstSessionAfterUpdateBuild']
class-field,gest.gen.ParamVersion,mVectConversionV13,mVectConversionV13,mVectConversionV13,m|Vect|V13,/classes/class[@source='gest.gen.ParamVersion']/field[@source='mVectConversionV13']
class-field,gest.gen.Periodicite,mDateDebutPer,dateDebutPer,dateDebutPer,date|Per,/classes/class[@source='gest.gen.Periodicite']/field[@source='mDateDebutPer']
class-field,gest.gen.Periodicite,mDateDernPer,dateDernPer,dateDernPer,date|Dern|Per,/classes/class[@source='gest.gen.Periodicite']/field[@source='mDateDernPer']
class-field,gest.gen.Periodicite,mInclureDate,inclureDate,inclureDate,Date,/classes/class[@source='gest.gen.Periodicite']/field[@source='mInclureDate']
class-field,gest.gen.Periodicite,mJour,jour,jour,jour,/classes/class[@source='gest.gen.Periodicite']/field[@source='mJour']
class-field,gest.gen.Periodicite,mPreciserJour,preciserJour,preciserJour,Jour,/classes/class[@source='gest.gen.Periodicite']/field[@source='mPreciserJour']
class-field,gest.gen.Periodicite,mUniteMes,uniteMes,uniteMes,Mes,/classes/class[@source='gest.gen.Periodicite']/field[@source='mUniteMes']
class-field,gest.gen.PhotoFich,mInclureDansRapportAct,inclureDansRapportAct,inclureDansRapportAct,Dans|Act,/classes/class[@source='gest.gen.PhotoFich']/field[@source='mInclureDansRapportAct']
class-field,gest.gen.PhotoFich,mPhotoParPage,photoParPage,photoParPage,Par|Page,/classes/class[@source='gest.gen.PhotoFich']/field[@source='mPhotoParPage']
class-field,gest.gen.Qte,mMes,mes,mes,mes,/classes/class[@source='gest.gen.Qte']/field[@source='mMes']
class-field,gest.gen.Qte,mTypeQte,typeQte,typeQuantite,type,/classes/class[@source='gest.gen.Qte']/field[@source='mTypeQte']
class-field,gest.gen.Requete,mEntitesImportesIDs,entitesImportesIDs,entitesImportesIDs,I|Ds,/classes/class[@source='gest.gen.Requete']/field[@source='mEntitesImportesIDs']
class-field,gest.gen.Requete,mNComplexeComparaison,nComplexeComparaison,nComplexeComparaison,n,/classes/class[@source='gest.gen.Requete']/field[@source='mNComplexeComparaison']
class-field,gest.gen.Requete,mToDefrag,toDefrag,toDefrag,to,/classes/class[@source='gest.gen.Requete']/field[@source='mToDefrag']
class-field,gest.gen.Requete$NComplexeComparaison,iHashCritere,iHashCritere,iHashCritere,i|Hash,/classes/class[@source='gest.gen.Requete$NComplexeComparaison']/field[@source='iHashCritere']
class-field,gest.gen.Requete$NComplexeComparaison,iType,iType,iType,i|Type,/classes/class[@source='gest.gen.Requete$NComplexeComparaison']/field[@source='iType']
class-field,gest.gen.VoieCircul,mCodeGeo,codeGeo,codeGeo,code|Geo,/classes/class[@source='gest.gen.VoieCircul']/field[@source='mCodeGeo']
class-field,gest.gen.VoieCircul,mCodeLien,codeLien,codeLien,code|Lien,/classes/class[@source='gest.gen.VoieCircul']/field[@source='mCodeLien']
class-field,gest.gen.VoieCircul,mRue,rue,rue,rue,/classes/class[@source='gest.gen.VoieCircul']/field[@source='mRue']
class-field,gest.gen.VoieCircul,mTypeRue,typeRue,typeRue,type|Rue,/classes/class[@source='gest.gen.VoieCircul']/field[@source='mTypeRue']
class-field,gest.gen.VoieCircul,mVectTempIDDossPrevAssoc,listeTempIDDossPrevAssoc,listeTemporaireIdDossPrevisionAssociation,Doss,/classes/class[@source='gest.gen.VoieCircul']/field[@source='mVectTempIDDossPrevAssoc']
class-field,gest.grade.Grade,mVectEmployeDateTaux,listeEmployeDateTaux,listeEmployeDateTaux,Date|Taux,/classes/class[@source='gest.grade.Grade']/field[@source='mVectEmployeDateTaux']
class-field,gest.graph.Graph,mMatriculeDossPrevAssoc,matriculeDossPrevAssoc,matriculeDossPrevisionAssociation,Doss,/classes/class[@source='gest.graph.Graph']/field[@source='mMatriculeDossPrevAssoc']
class-field,gest.graph.Graph,mNbrPixelUniteMes,nbrPixelUniteMes,nombrePixelUniteMes,Mes,/classes/class[@source='gest.graph.Graph']/field[@source='mNbrPixelUniteMes']
class-field,gest.graph.Graph,mPalierFond,palierFond,palierFond,Fond,/classes/class[@source='gest.graph.Graph']/field[@source='mPalierFond']
class-field,gest.graph.Graph,mIDTypeGraph,idTypeGraph,idTypeGraph,Type,/classes/class[@source='gest.graph.Graph']/field[@source='mIDTypeGraph']
class-field,gest.graph.GraphPalier,mInclureFond,inclureFond,inclureFond,Fond,/classes/class[@source='gest.graph.GraphPalier']/field[@source='mInclureFond']
class-field,gest.graph.GraphPalier,mNomFichierDefaut,nomFichierDefaut,nomFichierDefaut,nom,/classes/class[@source='gest.graph.GraphPalier']/field[@source='mNomFichierDefaut']
class-field,gest.graph.GraphPalier,mIDFichierSVG,idFichierSVG,idFichierSvg,SVG,/classes/class[@source='gest.graph.GraphPalier']/field[@source='mIDFichierSVG']
class-field,gest.graph.TypeGraph,mNbrPixelUniteMesDefaut,nbrPixelUniteMesDefaut,nombrePixelUniteMesDefaut,Mes,/classes/class[@source='gest.graph.TypeGraph']/field[@source='mNbrPixelUniteMesDefaut']
class-field,gest.graph.TypeGraph,mSousRepertDefaut,sousRepertDefaut,sousRepertDefaut,sous,/classes/class[@source='gest.graph.TypeGraph']/field[@source='mSousRepertDefaut']
class-field,gest.histo.Histo,mDate,date,date,date,/classes/class[@source='gest.histo.Histo']/field[@source='mDate']
class-field,gest.histo.Histo,mNomEntite,nomEntite,nomEntite,nom,/classes/class[@source='gest.histo.Histo']/field[@source='mNomEntite']
class-field,gest.histo.Histo,mIDNomEntite,idNomEntite,idNomEntite,Nom,/classes/class[@source='gest.histo.Histo']/field[@source='mIDNomEntite']
class-field,gest.horaire.HorQuart,mIdentJour,identJour,identJour,Jour,/classes/class[@source='gest.horaire.HorQuart']/field[@source='mIdentJour']
class-field,gest.horaire.HorQuart,mLastWSUpdate,lastWSUpdate,lastWsUpdate,last|WS,/classes/class[@source='gest.horaire.HorQuart']/field[@source='mLastWSUpdate']
class-field,gest.horaire.HorQuart,mIDAssigneA,idAssigneA,idAssigneA,A,/classes/class[@source='gest.horaire.HorQuart']/field[@source='mIDAssigneA']
class-field,gest.horaire.HorQuart,mIDModeleHorQuart,idModeleHorQuart,idModeleHorQuart,Hor,/classes/class[@source='gest.horaire.HorQuart']/field[@source='mIDModeleHorQuart']
class-field,gest.horaire.HorQuart,mIDPreHorQuart,idPreHorQuart,idPreHorQuart,Pre|Hor,/classes/class[@source='gest.horaire.HorQuart']/field[@source='mIDPreHorQuart']
class-field,gest.horaire.Horaire,mIdentJour,identJour,identJour,Jour,/classes/class[@source='gest.horaire.Horaire']/field[@source='mIdentJour']
class-field,gest.horaire.Horaire,mNbrJour,nbrJour,nombreJour,Jour,/classes/class[@source='gest.horaire.Horaire']/field[@source='mNbrJour']
class-field,gest.horaire.Horaire,mDispoWeb,dispoWeb,disponibleWeb,Web,/classes/class[@source='gest.horaire.Horaire']/field[@source='mDispoWeb']
class-field,gest.horaire.Horaire,mDateDispoDe,dateDispoDe,dateDisponibleDe,date|De,/classes/class[@source='gest.horaire.Horaire']/field[@source='mDateDispoDe']
class-field,gest.horaire.Horaire,mDateDispoA,dateDispoA,dateDisponibleA,date|A,/classes/class[@source='gest.horaire.Horaire']/field[@source='mDateDispoA']
class-field,gest.horaire.Horaire,mVectPreHorQuart,listePreHorQuart,listePreHorQuart,Pre|Hor,/classes/class[@source='gest.horaire.Horaire']/field[@source='mVectPreHorQuart']
class-field,gest.horaire.Horaire,mVectEmplReserv,listeEmplReserv,listeEmplReserv,Empl,/classes/class[@source='gest.horaire.Horaire']/field[@source='mVectEmplReserv']
class-field,gest.horaire.Horaire,mIsLastEstimationModifie,isLastEstimationModifie,isLastEstimationModifie,is|Last,/classes/class[@source='gest.horaire.Horaire']/field[@source='mIsLastEstimationModifie']
class-field,gest.horaire.Horaire,mLastEstimation,lastEstimation,lastEstimation,last,/classes/class[@source='gest.horaire.Horaire']/field[@source='mLastEstimation']
class-field,gest.horaire.Horaire,mVectIDProf,listeIDProf,listeIdProf,Prof,/classes/class[@source='gest.horaire.Horaire']/field[@source='mVectIDProf']
class-field,gest.horaire.InfoEmployeQuart,mIsPartielFinPlusGrandEgalQuart,isPartielFinPlusGrandEgalQuart,isPartielFinPlusGrandEgalQuart,is|Plus|Egal,/classes/class[@source='gest.horaire.InfoEmployeQuart']/field[@source='mIsPartielFinPlusGrandEgalQuart']
class-field,gest.horaire.ModeleHorQuart,mATousLesPer,aTousLesPer,aTousLesPer,a|Tous|Les|Per,/classes/class[@source='gest.horaire.ModeleHorQuart']/field[@source='mATousLesPer']
class-field,gest.horaire.ModeleHorQuart,mJourDebut,jourDebut,jourDebut,jour,/classes/class[@source='gest.horaire.ModeleHorQuart']/field[@source='mJourDebut']
class-field,gest.horaire.ModeleHorQuart,mJourFin,jourFin,jourFin,jour,/classes/class[@source='gest.horaire.ModeleHorQuart']/field[@source='mJourFin']
class-field,gest.horaire.ModeleHorQuart,mSelectionJourPer,selectionJourPer,selectionJourPer,Jour|Per,/classes/class[@source='gest.horaire.ModeleHorQuart']/field[@source='mSelectionJourPer']
class-field,gest.horaire.ModeleHorQuart,mTypePer,typePer,typePer,type|Per,/classes/class[@source='gest.horaire.ModeleHorQuart']/field[@source='mTypePer']
class-field,gest.horaire.ModeleHorQuart,mUniteMesPer,uniteMesPer,uniteMesPer,Mes|Per,/classes/class[@source='gest.horaire.ModeleHorQuart']/field[@source='mUniteMesPer']
class-field,gest.horaire.ModeleHorQuart,mVectHorRestrict,listeHorRestrict,listeHorRestrict,Hor,/classes/class[@source='gest.horaire.ModeleHorQuart']/field[@source='mVectHorRestrict']
class-field,gest.horaire.ModeleHorQuart,mIDTypeActiviteProf,idTypeActiviteProf,idTypeActiviteProf,Type|Prof,/classes/class[@source='gest.horaire.ModeleHorQuart']/field[@source='mIDTypeActiviteProf']
class-field,gest.horaire.ModeleHoraire,mDatePerpetuelDebut,datePerpetuelDebut,datePerpetuelDebut,date,/classes/class[@source='gest.horaire.ModeleHoraire']/field[@source='mDatePerpetuelDebut']
class-field,gest.horaire.ModeleHoraire,mDispoSensRonde,dispoSensRonde,disponibleSensRonde,Sens,/classes/class[@source='gest.horaire.ModeleHoraire']/field[@source='mDispoSensRonde']
class-field,gest.horaire.ModeleHoraire,mDispoTousUtilPermis,dispoTousUtilPermis,disponibleTousUtilPermis,Tous|Util,/classes/class[@source='gest.horaire.ModeleHoraire']/field[@source='mDispoTousUtilPermis']
class-field,gest.horaire.ModeleHoraire,mModuleDeHoraire,moduleDeHoraire,moduleDeHoraire,De,/classes/class[@source='gest.horaire.ModeleHoraire']/field[@source='mModuleDeHoraire']
class-field,gest.horaire.ModeleHoraire,mNbrJour,nbrJour,nombreJour,Jour,/classes/class[@source='gest.horaire.ModeleHoraire']/field[@source='mNbrJour']
class-field,gest.horaire.ModeleHoraire,mNotifCourrielOnComplet,notifCourrielOnComplet,notifCourrielOnComplet,On,/classes/class[@source='gest.horaire.ModeleHoraire']/field[@source='mNotifCourrielOnComplet']
class-field,gest.horaire.ModeleHoraire,mPermetHoraireWeb,permetHoraireWeb,permetHoraireWeb,Web,/classes/class[@source='gest.horaire.ModeleHoraire']/field[@source='mPermetHoraireWeb']
class-field,gest.horaire.ModeleHoraire,mPostSupprimer,postSupprimer,postSupprimer,post,/classes/class[@source='gest.horaire.ModeleHoraire']/field[@source='mPostSupprimer']
class-field,gest.horaire.ModeleHoraire,mReservSensRonde,reservSensRonde,reservSensRonde,Sens,/classes/class[@source='gest.horaire.ModeleHoraire']/field[@source='mReservSensRonde']
class-field,gest.horaire.ModeleHoraire,mTextCourriel,textCourriel,textCourriel,text,/classes/class[@source='gest.horaire.ModeleHoraire']/field[@source='mTextCourriel']
class-field,gest.horaire.ModeleHoraire,mTextCourrielOnComplet,textCourrielOnComplet,textCourrielOnComplet,text|On,/classes/class[@source='gest.horaire.ModeleHoraire']/field[@source='mTextCourrielOnComplet']
class-field,gest.horaire.ModeleHoraire,mTextCourrielPaget,textCourrielPaget,textCourrielPaget,text,/classes/class[@source='gest.horaire.ModeleHoraire']/field[@source='mTextCourrielPaget']
class-field,gest.horaire.ModeleHoraire,mTypeAttrib,typeAttrib,typeAttrib,type,/classes/class[@source='gest.horaire.ModeleHoraire']/field[@source='mTypeAttrib']
class-field,gest.horaire.ModeleHoraire,mTypeDispo,typeDispo,typeDisponible,type,/classes/class[@source='gest.horaire.ModeleHoraire']/field[@source='mTypeDispo']
class-field,gest.horaire.ModeleHoraire,mTypeHoraire,typeHoraire,typeHoraire,type,/classes/class[@source='gest.horaire.ModeleHoraire']/field[@source='mTypeHoraire']
class-field,gest.horaire.ModeleHoraire,mVectEmployeesExportedToXLS,listeEmployeesExportedToXLS,listeEmployeesExportedToXls,To|XLS,/classes/class[@source='gest.horaire.ModeleHoraire']/field[@source='mVectEmployeesExportedToXLS']
class-field,gest.horaire.ModeleHoraire,mVectHorRestrictEmploye,listeHorRestrictEmploye,listeHorRestrictEmploye,Hor,/classes/class[@source='gest.horaire.ModeleHoraire']/field[@source='mVectHorRestrictEmploye']
class-field,gest.horaire.ModeleHoraire,mVectIDEmployeesExportedInXLS,listeIDEmployeesExportedInXLS,listeIdEmployeesExportedInXls,In|XLS,/classes/class[@source='gest.horaire.ModeleHoraire']/field[@source='mVectIDEmployeesExportedInXLS']
class-field,gest.horaire.ModeleHoraire,mVectIDProf,listeIDProf,listeIdProf,Prof,/classes/class[@source='gest.horaire.ModeleHoraire']/field[@source='mVectIDProf']
class-field,gest.horaire.ModeleHoraire,mVectModeleHorQuart,listeModeleHorQuart,listeModeleHorQuart,Hor,/classes/class[@source='gest.horaire.ModeleHoraire']/field[@source='mVectModeleHorQuart']
class-field,gest.horaire.ModeleHoraire,mVectNivDispo,listeNivDispo,listeNivDisponible,Niv,/classes/class[@source='gest.horaire.ModeleHoraire']/field[@source='mVectNivDispo']
class-field,gest.horaire.ModeleHoraire,mVectPostSupprimer,listePostSupprimer,listePostSupprimer,Post,/classes/class[@source='gest.horaire.ModeleHoraire']/field[@source='mVectPostSupprimer']
class-field,gest.horaire.ModeleHoraire,mVectTypeChampPerso,listeTypeChampPerso,listeTypeChampPerso,Type,/classes/class[@source='gest.horaire.ModeleHoraire']/field[@source='mVectTypeChampPerso']
class-field,gest.horaire.ModeleHoraire,mWebAffEnCours,webAffEnCours,webAffEnCours,web|Aff|En,/classes/class[@source='gest.horaire.ModeleHoraire']/field[@source='mWebAffEnCours']
class-field,gest.horaire.ModeleHoraire,mWebEnCoursTousUtilVisible,webEnCoursTousUtilVisible,webEnCoursTousUtilVisible,web|En|Tous|Util,/classes/class[@source='gest.horaire.ModeleHoraire']/field[@source='mWebEnCoursTousUtilVisible']
class-field,gest.horaire.ParamHoraire,mDernChkSumFichSite,dernChkSumFichSite,dernChkSumFichSite,dern|Chk|Sum|Fich|Site,/classes/class[@source='gest.horaire.ParamHoraire']/field[@source='mDernChkSumFichSite']
class-field,gest.horaire.ParamHoraire,mDestUNC,destUNC,destinationUnc,UNC,/classes/class[@source='gest.horaire.ParamHoraire']/field[@source='mDestUNC']
class-field,gest.horaire.ParamHoraire,mTypeDest,typeDest,typeDestination,type,/classes/class[@source='gest.horaire.ParamHoraire']/field[@source='mTypeDest']
class-field,gest.horaire.ParamHoraire,mURLPourUNC,urlPourUNC,urlPourUnc,url|Pour|UNC,/classes/class[@source='gest.horaire.ParamHoraire']/field[@source='mURLPourUNC']
class-field,gest.horaire.ParamHoraire,mIDLogo,idLogo,idLogo,Logo,/classes/class[@source='gest.horaire.ParamHoraire']/field[@source='mIDLogo']
class-field,gest.intervention.CarteAppel,mByteXML,byteXML,byteXml,byte|XML,/classes/class[@source='gest.intervention.CarteAppel']/field[@source='mByteXML']
class-field,gest.intervention.CarteAppel,mDateFichier,dateFichier,dateFichier,date,/classes/class[@source='gest.intervention.CarteAppel']/field[@source='mDateFichier']
class-field,gest.intervention.CarteAppel,mNoAppel,noAppel,noAppel,no,/classes/class[@source='gest.intervention.CarteAppel']/field[@source='mNoAppel']
class-field,gest.intervention.CarteAppel,mNomFichier,nomFichier,nomFichier,nom,/classes/class[@source='gest.intervention.CarteAppel']/field[@source='mNomFichier']
class-field,gest.intervention.IntervCauseIncendie,mLieuOrigine,lieuOrigine,lieuOrigine,lieu,/classes/class[@source='gest.intervention.IntervCauseIncendie']/field[@source='mLieuOrigine']
class-field,gest.intervention.IntervCauseIncendie,mLieuOrigineDesc,lieuOrigineDesc,lieuOrigineDescription,lieu,/classes/class[@source='gest.intervention.IntervCauseIncendie']/field[@source='mLieuOrigineDesc']
class-field,gest.intervention.IntervCauseIncendie,mModeInflammationDesc,modeInflammationDesc,modeInflammationDescription,mode,/classes/class[@source='gest.intervention.IntervCauseIncendie']/field[@source='mModeInflammationDesc']
class-field,gest.intervention.IntervCauseIncendie,mPremMatDesc,premMatDesc,premMatDescription,prem|Mat,/classes/class[@source='gest.intervention.IntervCauseIncendie']/field[@source='mPremMatDesc']
class-field,gest.intervention.IntervCauseIncendie,mPremMatEnflamme,premMatEnflamme,premMatEnflamme,prem|Mat,/classes/class[@source='gest.intervention.IntervCauseIncendie']/field[@source='mPremMatEnflamme']
class-field,gest.intervention.IntervCauseIncendie,mIDModeInflammation,idModeInflammation,idModeInflammation,Mode,/classes/class[@source='gest.intervention.IntervCauseIncendie']/field[@source='mIDModeInflammation']
class-field,gest.intervention.IntervChronologie,mArriveePremVehicule,arriveePremVehicule,arriveePremVehicule,Prem,/classes/class[@source='gest.intervention.IntervChronologie']/field[@source='mArriveePremVehicule']
class-field,gest.intervention.IntervChronologie,mDateAnnule,dateAnnule,dateAnnule,date,/classes/class[@source='gest.intervention.IntervChronologie']/field[@source='mDateAnnule']
class-field,gest.intervention.IntervEnquete,mDateRemis,dateRemis,dateRemis,date,/classes/class[@source='gest.intervention.IntervEnquete']/field[@source='mDateRemis']
class-field,gest.intervention.IntervEnquete,mRemisA,remisA,remisA,A,/classes/class[@source='gest.intervention.IntervEnquete']/field[@source='mRemisA']
class-field,gest.intervention.IntervEnquete,mIDRemisPar,idRemisPar,idRemisPar,Par,/classes/class[@source='gest.intervention.IntervEnquete']/field[@source='mIDRemisPar']
class-field,gest.intervention.IntervIntervEntraide,mHreAppel,hreAppel,hreAppel,hre,/classes/class[@source='gest.intervention.IntervIntervEntraide']/field[@source='mHreAppel']
class-field,gest.intervention.IntervIntervEntraide,mHreArrivee,hreArrivee,hreArrivee,hre,/classes/class[@source='gest.intervention.IntervIntervEntraide']/field[@source='mHreArrivee']
class-field,gest.intervention.IntervIntervEntraide,mHreDepart,hreDepart,hreDepart,hre,/classes/class[@source='gest.intervention.IntervIntervEntraide']/field[@source='mHreDepart']
class-field,gest.intervention.IntervIntervEquipe,mHeureDispCaserne,heureDispCaserne,heureDispCaserne,Disp,/classes/class[@source='gest.intervention.IntervIntervEquipe']/field[@source='mHeureDispCaserne']
class-field,gest.intervention.IntervIntervEquipe,mHeureEnRoute,heureEnRoute,heureEnRoute,En,/classes/class[@source='gest.intervention.IntervIntervEquipe']/field[@source='mHeureEnRoute']
class-field,gest.intervention.IntervIntervEquipe,mHeureLieu,heureLieu,heureLieu,Lieu,/classes/class[@source='gest.intervention.IntervIntervEquipe']/field[@source='mHeureLieu']
class-field,gest.intervention.IntervIntervEquipe,mNbrIntervDansVeh,nbrIntervDansVeh,nombreInterventionDansVeh,Dans|Veh,/classes/class[@source='gest.intervention.IntervIntervEquipe']/field[@source='mNbrIntervDansVeh']
class-field,gest.intervention.IntervIntervRessource,mHeureTravailFait,heureTravailFait,heureTravailFait,Fait,/classes/class[@source='gest.intervention.IntervIntervRessource']/field[@source='mHeureTravailFait']
class-field,gest.intervention.IntervIntervenant,mInfoIntervEmployeSupp,infoIntervEmployeSupp,informationInterventionEmployeSupp,Supp,/classes/class[@source='gest.intervention.IntervIntervenant']/field[@source='mInfoIntervEmployeSupp']
class-field,gest.intervention.IntervIntervenant,mVectIntervEquipeSupp,listeIntervEquipeSupp,listeInterventionEquipeSupp,Supp,/classes/class[@source='gest.intervention.IntervIntervenant']/field[@source='mVectIntervEquipeSupp']
class-field,gest.intervention.IntervMateriel,mIDTypeEquipement,idTypeEquipement,idTypeEquipement,Type,/classes/class[@source='gest.intervention.IntervMateriel']/field[@source='mIDTypeEquipement']
class-field,gest.intervention.IntervMemoFacturation,mVectMemoFacturation,listeMemoFacturation,listeMemoFacturation,Memo,/classes/class[@source='gest.intervention.IntervMemoFacturation']/field[@source='mVectMemoFacturation']
class-field,gest.intervention.IntervPrevention,mAvisEmis,avisEmis,avisEmis,avis|Emis,/classes/class[@source='gest.intervention.IntervPrevention']/field[@source='mAvisEmis']
class-field,gest.intervention.IntervPrevention,mDateRemis,dateRemis,dateRemis,date,/classes/class[@source='gest.intervention.IntervPrevention']/field[@source='mDateRemis']
class-field,gest.intervention.IntervPrevention,mTypeAvis,typeAvis,typeAvis,type|Avis,/classes/class[@source='gest.intervention.IntervPrevention']/field[@source='mTypeAvis']
class-field,gest.intervention.IntervProtection,mNoteAvertFonctionne,noteAvertFonctionne,noteAvertFonctionne,note,/classes/class[@source='gest.intervention.IntervProtection']/field[@source='mNoteAvertFonctionne']
class-field,gest.intervention.IntervProtection,mNoteExtinctionFonctionne,noteExtinctionFonctionne,noteExtinctionFonctionne,note,/classes/class[@source='gest.intervention.IntervProtection']/field[@source='mNoteExtinctionFonctionne']
class-field,gest.intervention.IntervProtection,mNoteSystAlarmeFonctionne,noteSystAlarmeFonctionne,noteSystAlarmeFonctionne,note|Syst,/classes/class[@source='gest.intervention.IntervProtection']/field[@source='mNoteSystAlarmeFonctionne']
class-field,gest.intervention.IntervProtection,mIDSystAlarmeFonctionne,idSystAlarmeFonctionne,idSystAlarmeFonctionne,Syst,/classes/class[@source='gest.intervention.IntervProtection']/field[@source='mIDSystAlarmeFonctionne']
class-field,gest.intervention.IntervRemiseProp,mDateLibere,dateLibere,dateLibere,date,/classes/class[@source='gest.intervention.IntervRemiseProp']/field[@source='mDateLibere']
class-field,gest.intervention.IntervRemiseProp,mRemisA,remisA,remisA,A,/classes/class[@source='gest.intervention.IntervRemiseProp']/field[@source='mRemisA']
class-field,gest.intervention.IntervSourceChaleur,mCie,cie,cie,cie,/classes/class[@source='gest.intervention.IntervSourceChaleur']/field[@source='mCie']
class-field,gest.intervention.IntervVehAccident,mDemandePar,demandePar,demandePar,Par,/classes/class[@source='gest.intervention.IntervVehAccident']/field[@source='mDemandePar']
class-field,gest.intervention.IntervVehAccident,mGenererFormSAAQ,genererFormSAAQ,genererFormSaaq,Form|SAAQ,/classes/class[@source='gest.intervention.IntervVehAccident']/field[@source='mGenererFormSAAQ']
class-field,gest.intervention.IntervVehAccident,mMntBase,mntBase,mntBase,mnt|Base,/classes/class[@source='gest.intervention.IntervVehAccident']/field[@source='mMntBase']
class-field,gest.intervention.IntervVehAccident,mMntParKM,mntParKM,mntParKm,mnt|Par|KM,/classes/class[@source='gest.intervention.IntervVehAccident']/field[@source='mMntParKM']
class-field,gest.intervention.IntervVehAccident,mNbrKMPourExcedent,nbrKMPourExcedent,nombreKmPourExcedent,KM|Pour,/classes/class[@source='gest.intervention.IntervVehAccident']/field[@source='mNbrKMPourExcedent']
class-field,gest.intervention.IntervVehAccident,mIDFournSAAQ,idFournSAAQ,idFournSaaq,SAAQ,/classes/class[@source='gest.intervention.IntervVehAccident']/field[@source='mIDFournSAAQ']
class-field,gest.intervention.IntervVehFeu,mFeuSurvenu,feuSurvenu,feuSurvenu,feu,/classes/class[@source='gest.intervention.IntervVehFeu']/field[@source='mFeuSurvenu']
class-field,gest.intervention.IntervVehFeu,mGenererDSI,genererDSI,genererDsi,DSI,/classes/class[@source='gest.intervention.IntervVehFeu']/field[@source='mGenererDSI']
class-field,gest.intervention.IntervVehicule,mAssAdresse,assAdresse,assAdresse,ass,/classes/class[@source='gest.intervention.IntervVehicule']/field[@source='mAssAdresse']
class-field,gest.intervention.IntervVehicule,mAssNom,assNom,assNom,ass|Nom,/classes/class[@source='gest.intervention.IntervVehicule']/field[@source='mAssNom']
class-field,gest.intervention.IntervVehicule,mAssNumPolice,assNumPolice,assNumeroPolice,ass,/classes/class[@source='gest.intervention.IntervVehicule']/field[@source='mAssNumPolice']
class-field,gest.intervention.IntervVehicule,mIntervVehAccident,intervVehAccident,interventionVehAccident,Veh,/classes/class[@source='gest.intervention.IntervVehicule']/field[@source='mIntervVehAccident']
class-field,gest.intervention.IntervVehicule,mIntervVehFeu,intervVehFeu,interventionVehFeu,Veh|Feu,/classes/class[@source='gest.intervention.IntervVehicule']/field[@source='mIntervVehFeu']
class-field,gest.intervention.IntervVehicule,mPropAutreQueRepondant,propAutreQueRepondant,proprieteAutreQueRepondant,Que,/classes/class[@source='gest.intervention.IntervVehicule']/field[@source='mPropAutreQueRepondant']
class-field,gest.intervention.IntervVehicule,mPropNom,propNom,proprieteNom,Nom,/classes/class[@source='gest.intervention.IntervVehicule']/field[@source='mPropNom']
class-field,gest.intervention.IntervVehicule,mVehAnnee,vehAnnee,vehAnnee,veh,/classes/class[@source='gest.intervention.IntervVehicule']/field[@source='mVehAnnee']
class-field,gest.intervention.IntervVehicule,mVehCommentaire,vehCommentaire,vehCommentaire,veh,/classes/class[@source='gest.intervention.IntervVehicule']/field[@source='mVehCommentaire']
class-field,gest.intervention.IntervVehicule,mVehCouleur,vehCouleur,vehCouleur,veh,/classes/class[@source='gest.intervention.IntervVehicule']/field[@source='mVehCouleur']
class-field,gest.intervention.IntervVehicule,mVehMarque,vehMarque,vehMarque,veh,/classes/class[@source='gest.intervention.IntervVehicule']/field[@source='mVehMarque']
class-field,gest.intervention.IntervVehicule,mVehModele,vehModele,vehModele,veh,/classes/class[@source='gest.intervention.IntervVehicule']/field[@source='mVehModele']
class-field,gest.intervention.IntervVehicule,mVehNumSerie,vehNumSerie,vehNumeroSerie,veh,/classes/class[@source='gest.intervention.IntervVehicule']/field[@source='mVehNumSerie']
class-field,gest.intervention.IntervVehicule,mVehPlaque,vehPlaque,vehPlaque,veh,/classes/class[@source='gest.intervention.IntervVehicule']/field[@source='mVehPlaque']
class-field,gest.intervention.IntervVictimeDetail,mAge,age,age,age,/classes/class[@source='gest.intervention.IntervVictimeDetail']/field[@source='mAge']
class-field,gest.intervention.IntervVictimeDetail,mEtat,etat,etat,etat,/classes/class[@source='gest.intervention.IntervVictimeDetail']/field[@source='mEtat']
class-field,gest.intervention.IntervVictimeDetail,mSexe,sexe,sexe,sexe,/classes/class[@source='gest.intervention.IntervVictimeDetail']/field[@source='mSexe']
class-field,gest.intervention.IntervVictimeDetail,mIDEtat,idEtat,idEtat,Etat,/classes/class[@source='gest.intervention.IntervVictimeDetail']/field[@source='mIDEtat']
class-field,gest.intervention.IntervVictimeDetail,mIDSexe,idSexe,idSexe,Sexe,/classes/class[@source='gest.intervention.IntervVictimeDetail']/field[@source='mIDSexe']
class-field,gest.intervention.Intervention,mCompteRenduRaoEditable,compteRenduRaoEditable,compteRenduRaoEditable,Rao,/classes/class[@source='gest.intervention.Intervention']/field[@source='mCompteRenduRaoEditable']
class-field,gest.intervention.Intervention,mCoutTotal,coutTotal,coutTotal,cout,/classes/class[@source='gest.intervention.Intervention']/field[@source='mCoutTotal']
class-field,gest.intervention.Intervention,mDossPrevAValiderPourSub,dossierAdresseAValiderPourSub,dossierAdresseAValiderPourSub,A|Pour|Sub,/classes/class[@source='gest.intervention.Intervention']/field[@source='mDossPrevAValiderPourSub']
class-field,gest.intervention.Intervention,mGenererDSI2003,genererDSI2003,genererDsi2003,DSI|2003,/classes/class[@source='gest.intervention.Intervention']/field[@source='mGenererDSI2003']
class-field,gest.intervention.Intervention,mIdentJour,identJour,identJour,Jour,/classes/class[@source='gest.intervention.Intervention']/field[@source='mIdentJour']
class-field,gest.intervention.Intervention,mIntervFeuExterieur,interventionFeuExterieur,interventionFeuExterieur,Feu,/classes/class[@source='gest.intervention.Intervention']/field[@source='mIntervFeuExterieur']
class-field,gest.intervention.Intervention,mIntervMemoFacturation,interventionMemoFacturation,interventionMemoFacturation,Memo,/classes/class[@source='gest.intervention.Intervention']/field[@source='mIntervMemoFacturation']
class-field,gest.intervention.Intervention,mLieu,lieu,lieu,lieu,/classes/class[@source='gest.intervention.Intervention']/field[@source='mLieu']
class-field,gest.intervention.Intervention,mLieuArrond,lieuArrond,lieuArrond,lieu,/classes/class[@source='gest.intervention.Intervention']/field[@source='mLieuArrond']
class-field,gest.intervention.Intervention,mLieuCodeGeo,lieuCodeGeo,lieuCodeGeo,lieu|Code|Geo,/classes/class[@source='gest.intervention.Intervention']/field[@source='mLieuCodeGeo']
class-field,gest.intervention.Intervention,mLieuCodePost,lieuCodePost,lieuCodePost,lieu|Code|Post,/classes/class[@source='gest.intervention.Intervention']/field[@source='mLieuCodePost']
class-field,gest.intervention.Intervention,mLieuInterv,lieuInterv,lieuIntervention,lieu,/classes/class[@source='gest.intervention.Intervention']/field[@source='mLieuInterv']
class-field,gest.intervention.Intervention,mLieuSecteur,lieuSecteur,lieuSecteur,lieu,/classes/class[@source='gest.intervention.Intervention']/field[@source='mLieuSecteur']
class-field,gest.intervention.Intervention,mNumConfirmDSI2003,numeroConfirmationDSI2003,numeroConfirmationDsi2003,DSI|2003,/classes/class[@source='gest.intervention.Intervention']/field[@source='mNumConfirmDSI2003']
class-field,gest.intervention.Intervention,mNumDossierMemeInterv,numeroDossierMemeInterv,numeroDossierMemeIntervention,Meme,/classes/class[@source='gest.intervention.Intervention']/field[@source='mNumDossierMemeInterv']
class-field,gest.intervention.Intervention,mTypeEvenement,typeEvenement,typeEvenement,type,/classes/class[@source='gest.intervention.Intervention']/field[@source='mTypeEvenement']
class-field,gest.intervention.Intervention,mVectTabsStates,listeEtatOnglet,listeEtatOnglet,Etat,/classes/class[@source='gest.intervention.Intervention']/field[@source='mVectTabsStates']
class-field,gest.intervention.Intervention,mVieHumaine,vieHumaine,vieHumaine,vie,/classes/class[@source='gest.intervention.Intervention']/field[@source='mVieHumaine']
class-field,gest.intervention.Intervention,mIDAssigneA,idAssigneA,idAssigneA,A,/classes/class[@source='gest.intervention.Intervention']/field[@source='mIDAssigneA']
class-field,gest.intervention.Intervention,mIDCodeAppel,idCodeAppel,idCodeAppel,Code,/classes/class[@source='gest.intervention.Intervention']/field[@source='mIDCodeAppel']
class-field,gest.intervention.Intervention,mIDCodeAppelInitial,idCodeAppelInitial,idCodeAppelInitial,Code,/classes/class[@source='gest.intervention.Intervention']/field[@source='mIDCodeAppelInitial']
class-field,gest.intervention.Intervention,mIDFichAS805,idFichAS805,idFichAs805,Fich|AS|805,/classes/class[@source='gest.intervention.Intervention']/field[@source='mIDFichAS805']
class-field,gest.intervention.MemoFactDetail,mCodeProduit,codeProduit,codeProduit,code,/classes/class[@source='gest.intervention.MemoFactDetail']/field[@source='mCodeProduit']
class-field,gest.intervention.MemoFactDetail,mPosteBud,posteBud,posteBud,Bud,/classes/class[@source='gest.intervention.MemoFactDetail']/field[@source='mPosteBud']
class-field,gest.intervention.MemoFactDetail,mPrixUnitaire,prixUnitaire,prixUnitaire,prix,/classes/class[@source='gest.intervention.MemoFactDetail']/field[@source='mPrixUnitaire']
class-field,gest.intervention.MemoFactDetail,mUniteMes,uniteMes,uniteMes,Mes,/classes/class[@source='gest.intervention.MemoFactDetail']/field[@source='mUniteMes']
class-field,gest.intervention.MemoFacturation,mDernExport,dernExport,dernExport,dern,/classes/class[@source='gest.intervention.MemoFacturation']/field[@source='mDernExport']
class-field,gest.intervention.MemoFacturation,mFactureDate,factureDate,factureDate,Date,/classes/class[@source='gest.intervention.MemoFacturation']/field[@source='mFactureDate']
class-field,gest.intervention.MemoFacturation,mFactureNom,factureNom,factureNom,Nom,/classes/class[@source='gest.intervention.MemoFacturation']/field[@source='mFactureNom']
class-field,gest.intervention.MemoFacturation,mNumMemo,numMemo,numeroMemo,Memo,/classes/class[@source='gest.intervention.MemoFacturation']/field[@source='mNumMemo']
class-field,gest.intervention.MemoFacturation,mServDateDebut,servDateDebut,servDateDebut,serv|Date,/classes/class[@source='gest.intervention.MemoFacturation']/field[@source='mServDateDebut']
class-field,gest.intervention.MemoFacturation,mServDateFin,servDateFin,servDateFin,serv|Date,/classes/class[@source='gest.intervention.MemoFacturation']/field[@source='mServDateFin']
class-field,gest.intervention.MemoFacturation,mVectMemoFactDetail,listeMemoFactDetail,listeMemoFactDetail,Memo|Fact,/classes/class[@source='gest.intervention.MemoFacturation']/field[@source='mVectMemoFactDetail']
class-field,gest.intervention.ParamCarteAppel,mChampDeduitPremInterv,champDeduitPremInterv,champDeduitPremIntervention,Prem,/classes/class[@source='gest.intervention.ParamCarteAppel']/field[@source='mChampDeduitPremInterv']
class-field,gest.intervention.ParamCarteAppel,mCodeService,codeService,codeService,code,/classes/class[@source='gest.intervention.ParamCarteAppel']/field[@source='mCodeService']
class-field,gest.intervention.ParamCarteAppel,mConfirmReimportSiCarteAppelModif,confirmReimportSiCarteAppelModif,confirmReimportSiCarteAppelModif,Si,/classes/class[@source='gest.intervention.ParamCarteAppel']/field[@source='mConfirmReimportSiCarteAppelModif']
class-field,gest.intervention.ParamCarteAppel,mNbrMinutesDeduitPremInterv,nbrMinutesDeduitPremInterv,nombreMinutesDeduitPremIntervention,Prem,/classes/class[@source='gest.intervention.ParamCarteAppel']/field[@source='mNbrMinutesDeduitPremInterv']
class-field,gest.intervention.ParamCarteAppel,mRAO,rao,rao,rao,/classes/class[@source='gest.intervention.ParamCarteAppel']/field[@source='mRAO']
class-field,gest.intervention.ParamCarteAppel,mVectNValRempl,listeNValRempl,listeNValeurRempl,N,/classes/class[@source='gest.intervention.ParamCarteAppel']/field[@source='mVectNValRempl']
class-field,gest.intervention.ParamIntervDSI2003,mAffArronConformesSeulementDansDSI,affArronConformesSeulementDansDSI,affArronConformesSeulementDansDsi,aff|Dans|DSI,/classes/class[@source='gest.intervention.ParamIntervDSI2003']/field[@source='mAffArronConformesSeulementDansDSI']
class-field,gest.intervention.ParamIntervDSI2003,mAffArronDansDSI,affArronDansDSI,affArronDansDsi,aff|Dans|DSI,/classes/class[@source='gest.intervention.ParamIntervDSI2003']/field[@source='mAffArronDansDSI']
class-field,gest.intervention.ParamIntervDSI2003,mCourrielDSI2003,courrielDSI2003,courrielDsi2003,DSI|2003,/classes/class[@source='gest.intervention.ParamIntervDSI2003']/field[@source='mCourrielDSI2003']
class-field,gest.intervention.ParamIntervDSI2003,mTypeEnvoiDSI2003,typeEnvoiDSI2003,typeEnvoiDsi2003,type|DSI|2003,/classes/class[@source='gest.intervention.ParamIntervDSI2003']/field[@source='mTypeEnvoiDSI2003']
class-field,gest.intervention.ParamIntervDSI2003,mCodeUtilDSI2003,codeUtilDSI2003,codeUtilDsi2003,code|Util|DSI|2003,/classes/class[@source='gest.intervention.ParamIntervDSI2003']/field[@source='mCodeUtilDSI2003']
class-field,gest.intervention.ParamIntervDSI2003,mMotPasseDSI2003,motPasseDSI2003,motPasseDsi2003,mot|DSI|2003,/classes/class[@source='gest.intervention.ParamIntervDSI2003']/field[@source='mMotPasseDSI2003']
class-field,gest.intervention.ParamIntervention,mAddCompteRenduFirstRapportOnly,addCompteRenduFirstRapportOnly,addCompteRenduFirstRapportOnly,add|Only,/classes/class[@source='gest.intervention.ParamIntervention']/field[@source='mAddCompteRenduFirstRapportOnly']
class-field,gest.intervention.ParamIntervention,mAffArronDansDSI,affArronDansDSI,affArronDansDsi,aff|Dans|DSI,/classes/class[@source='gest.intervention.ParamIntervention']/field[@source='mAffArronDansDSI']
class-field,gest.intervention.ParamIntervention,mCodeUtilDSI2003,codeUtilDSI2003,codeUtilDsi2003,code|Util|DSI|2003,/classes/class[@source='gest.intervention.ParamIntervention']/field[@source='mCodeUtilDSI2003']
class-field,gest.intervention.ParamIntervention,mCourrielDSI2003,courrielDSI2003,courrielDsi2003,DSI|2003,/classes/class[@source='gest.intervention.ParamIntervention']/field[@source='mCourrielDSI2003']
class-field,gest.intervention.ParamIntervention,mCourrielSAAQ,courrielSAAQ,courrielSaaq,SAAQ,/classes/class[@source='gest.intervention.ParamIntervention']/field[@source='mCourrielSAAQ']
class-field,gest.intervention.ParamIntervention,mMntBaseSAAQ,mntBaseSAAQ,mntBaseSaaq,mnt|Base|SAAQ,/classes/class[@source='gest.intervention.ParamIntervention']/field[@source='mMntBaseSAAQ']
class-field,gest.intervention.ParamIntervention,mMotPasseDSI2003,motPasseDSI2003,motPasseDsi2003,mot|DSI|2003,/classes/class[@source='gest.intervention.ParamIntervention']/field[@source='mMotPasseDSI2003']
class-field,gest.intervention.ParamIntervention,mNumDossPoliceDefaut,numDossPoliceDefaut,numeroDossPoliceDefaut,Doss,/classes/class[@source='gest.intervention.ParamIntervention']/field[@source='mNumDossPoliceDefaut']
class-field,gest.intervention.ParamIntervention,mTypeEnvoiDSI2003,typeEnvoiDSI2003,typeEnvoiDsi2003,type|DSI|2003,/classes/class[@source='gest.intervention.ParamIntervention']/field[@source='mTypeEnvoiDSI2003']
class-field,gest.intervention.ParamIntervention,mVectCompteursParCodesAppel,listeCompteursParCodesAppel,listeCompteursParCodesAppel,Par,/classes/class[@source='gest.intervention.ParamIntervention']/field[@source='mVectCompteursParCodesAppel']
class-field,gest.intervention.ParamIntervention,mVectFournSAAQ,listeFournSAAQ,listeFournSaaq,SAAQ,/classes/class[@source='gest.intervention.ParamIntervention']/field[@source='mVectFournSAAQ']
class-field,gest.intervention.ParamIntervention$NCompteurParCodeAppel,mSubPrefixe,subPrefixe,subPrefixe,sub,/classes/class[@source='gest.intervention.ParamIntervention$NCompteurParCodeAppel']/field[@source='mSubPrefixe']
class-field,gest.intervention.ParamIntervention$NCompteurParCodeAppel,mVectIDCodeAppel2,listeIDCodeAppel,listeIdCodeAppel,Code,/classes/class[@source='gest.intervention.ParamIntervention$NCompteurParCodeAppel']/field[@source='mVectIDCodeAppel2']
class-field,gest.intervention.ParamMemoFacturation,mPosteBudDefaut,posteBudDefaut,posteBudDefaut,Bud,/classes/class[@source='gest.intervention.ParamMemoFacturation']/field[@source='mPosteBudDefaut']
class-field,gest.intervention.ParamMemoFacturation,mSaveOnServer,saveOnServer,saveOnServer,save|On,/classes/class[@source='gest.intervention.ParamMemoFacturation']/field[@source='mSaveOnServer']
class-field,gest.intervention.ParamViewer,mAdresseRAO,adresseRAO,adresseRao,RAO,/classes/class[@source='gest.intervention.ParamViewer']/field[@source='mAdresseRAO']
class-field,gest.intervention.ParamViewer,mNomRAO,nomRAO,nomRao,nom|RAO,/classes/class[@source='gest.intervention.ParamViewer']/field[@source='mNomRAO']
class-field,gest.intervention.ParamViewer,mVehRegEx,vehRegEx,vehRegEx,veh|Reg|Ex,/classes/class[@source='gest.intervention.ParamViewer']/field[@source='mVehRegEx']
class-field,gest.intervention.ParamViewer,mIDLogoRAO,idLogoRAO,idLogoRao,Logo|RAO,/classes/class[@source='gest.intervention.ParamViewer']/field[@source='mIDLogoRAO']
class-field,gest.intervention.RapportOfficier,mRole,role,role,role,/classes/class[@source='gest.intervention.RapportOfficier']/field[@source='mRole']
class-field,gest.intervention.SuiviIntervention,mAspectAClarifier,aspectAClarifier,aspectAClarifier,A,/classes/class[@source='gest.intervention.SuiviIntervention']/field[@source='mAspectAClarifier']
class-field,gest.intervention.SuiviIntervention,mPointFort,pointFort,pointFort,Fort,/classes/class[@source='gest.intervention.SuiviIntervention']/field[@source='mPointFort']
class-field,gest.licence.Licence,mAdresseFact,adresseFact,adresseFact,Fact,/classes/class[@source='gest.licence.Licence']/field[@source='mAdresseFact']
class-field,gest.licence.Licence,mCodeGeo,codeGeo,codeGeo,code|Geo,/classes/class[@source='gest.licence.Licence']/field[@source='mCodeGeo']
class-field,gest.licence.Licence,mDBJPA,dBJPA,dBjpa,d|BJPA,/classes/class[@source='gest.licence.Licence']/field[@source='mDBJPA']
class-field,gest.licence.Licence,mDateFinEval,dateFinEval,dateFinEval,date|Eval,/classes/class[@source='gest.licence.Licence']/field[@source='mDateFinEval']
class-field,gest.licence.Licence,mDatePasCEDepuis,datePasCEDepuis,datePasCeDepuis,date|Pas|CE,/classes/class[@source='gest.licence.Licence']/field[@source='mDatePasCEDepuis']
class-field,gest.licence.Licence,mNbrDossPrev,nbrDossPrev,nombreDossPrevision,Doss,/classes/class[@source='gest.licence.Licence']/field[@source='mNbrDossPrev']
class-field,gest.licence.Licence,mNbrLicConcur,nbrLicConcur,nombreLicConcur,Lic,/classes/class[@source='gest.licence.Licence']/field[@source='mNbrLicConcur']
class-field,gest.licence.Licence,mNbrLicDedie,nbrLicDedie,nombreLicDedie,Lic,/classes/class[@source='gest.licence.Licence']/field[@source='mNbrLicDedie']
class-field,gest.licence.Licence,mNbrSSIMulti,nbrSSIMulti,nombreSsiMulti,SSI,/classes/class[@source='gest.licence.Licence']/field[@source='mNbrSSIMulti']
class-field,gest.licence.Licence,mPasCE,pasCE,pasCe,pas|CE,/classes/class[@source='gest.licence.Licence']/field[@source='mPasCE']
class-field,gest.licence.Licence,mTypeLicence,typeLicence,typeLicence,type,/classes/class[@source='gest.licence.Licence']/field[@source='mTypeLicence']
class-field,gest.listePerso.FormatDonnee,mClassePourPasserAJasper,classePourPasserAJasper,classePourPasserAJasper,Pour|A,/classes/class[@source='gest.listePerso.FormatDonnee']/field[@source='mClassePourPasserAJasper']
class-field,gest.listePerso.FormatDonnee,mNomChampRequeteAssocieeSelonRenderer,nomChampRequeteAssocieeSelonRenderer,nomChampRequeteAssocieeSelonRenderer,nom,/classes/class[@source='gest.listePerso.FormatDonnee']/field[@source='mNomChampRequeteAssocieeSelonRenderer']
class-field,gest.listePerso.FormatDonnee,mNomClasseDuRenderer,nomClasseDuRenderer,nomClasseDuRenderer,nom|Du,/classes/class[@source='gest.listePerso.FormatDonnee']/field[@source='mNomClasseDuRenderer']
class-field,gest.listePerso.FormatDonnee,mPatternDonneeDuRenderer,patternDonneeDuRenderer,patternDonneeDuRenderer,Du,/classes/class[@source='gest.listePerso.FormatDonnee']/field[@source='mPatternDonneeDuRenderer']
class-field,gest.listePerso.FormatDonnee,mValeurParDefaut,valeurParDefaut,valeurParDefaut,Par,/classes/class[@source='gest.listePerso.FormatDonnee']/field[@source='mValeurParDefaut']
class-field,gest.listePerso.ListePerso,mIdentHJTable,identHJTable,identHjTable,HJ,/classes/class[@source='gest.listePerso.ListePerso']/field[@source='mIdentHJTable']
class-field,gest.listePerso.ListePerso,mModeRapport,modeRapport,modeRapport,mode,/classes/class[@source='gest.listePerso.ListePerso']/field[@source='mModeRapport']
class-field,gest.listePerso.ListePerso,mVectNCol,listeNCol,listeNCol,N|Col,/classes/class[@source='gest.listePerso.ListePerso']/field[@source='mVectNCol']
class-field,gest.listePerso.ListePerso,mVectNGroupe,listeNGroupe,listeNGroupe,N,/classes/class[@source='gest.listePerso.ListePerso']/field[@source='mVectNGroupe']
class-field,gest.listePerso.ListePerso,mVectNTri,listeNTri,listeNTri,N|Tri,/classes/class[@source='gest.listePerso.ListePerso']/field[@source='mVectNTri']
class-field,gest.listePerso.ListePerso$NCol,iCalculerSommaire,iCalculerSommaire,iCalculerSommaire,i,/classes/class[@source='gest.listePerso.ListePerso$NCol']/field[@source='iCalculerSommaire']
class-field,gest.listePerso.ListePerso$NCol,iFormat,iFormat,iFormat,i,/classes/class[@source='gest.listePerso.ListePerso$NCol']/field[@source='iFormat']
class-field,gest.listePerso.ListePerso$NCol,iFormatDonnee,iFormatDonnee,iFormatDonnee,i,/classes/class[@source='gest.listePerso.ListePerso$NCol']/field[@source='iFormatDonnee']
class-field,gest.listePerso.ListePerso$NCol,iLargeur,iLargeur,iLargeur,i,/classes/class[@source='gest.listePerso.ListePerso$NCol']/field[@source='iLargeur']
class-field,gest.listePerso.ListePerso$NCol,iMoyenneGlobal,iMoyenneGlobal,iMoyenneGlobal,i,/classes/class[@source='gest.listePerso.ListePerso$NCol']/field[@source='iMoyenneGlobal']
class-field,gest.listePerso.ListePerso$NCol,iMoyenneGroupe,iMoyenneGroupe,iMoyenneGroupe,i,/classes/class[@source='gest.listePerso.ListePerso$NCol']/field[@source='iMoyenneGroupe']
class-field,gest.listePerso.ListePerso$NCol,iNom,iNom,iNom,i|Nom,/classes/class[@source='gest.listePerso.ListePerso$NCol']/field[@source='iNom']
class-field,gest.listePerso.ListePerso$NCol,iTotalGlobal,iTotalGlobal,iTotalGlobal,i,/classes/class[@source='gest.listePerso.ListePerso$NCol']/field[@source='iTotalGlobal']
class-field,gest.listePerso.ListePerso$NCol,iTotalGroupe,iTotalGroupe,iTotalGroupe,i,/classes/class[@source='gest.listePerso.ListePerso$NCol']/field[@source='iTotalGroupe']
class-field,gest.listePerso.ListePerso$NGroupe,iIdentCol,iIdentCol,iIdentCol,i|Col,/classes/class[@source='gest.listePerso.ListePerso$NGroupe']/field[@source='iIdentCol']
class-field,gest.listePerso.ListePerso$NGroupe,iInclureDonnees,iInclureDonnees,iInclureDonnees,i,/classes/class[@source='gest.listePerso.ListePerso$NGroupe']/field[@source='iInclureDonnees']
class-field,gest.listePerso.ListePerso$NGroupe,iInclureToutesLesPossibilites,iInclureToutesLesPossibilites,iInclureToutesLesPossibilites,i|Les,/classes/class[@source='gest.listePerso.ListePerso$NGroupe']/field[@source='iInclureToutesLesPossibilites']
class-field,gest.listePerso.ListePerso$NGroupe,iNom,iNom,iNom,i|Nom,/classes/class[@source='gest.listePerso.ListePerso$NGroupe']/field[@source='iNom']
class-field,gest.listePerso.ListePerso$NGroupe,iProvenanceValeursPossibles,iProvenanceValeursPossibles,iProvenanceValeursPossibles,i,/classes/class[@source='gest.listePerso.ListePerso$NGroupe']/field[@source='iProvenanceValeursPossibles']
class-field,gest.listePerso.ListePerso$NGroupe,iSommaire,iSommaire,iSommaire,i,/classes/class[@source='gest.listePerso.ListePerso$NGroupe']/field[@source='iSommaire']
class-field,gest.listePerso.ListePerso$NGroupe,iVectValeursSpecifiques,iVectValeursSpecifiques,iVectValeursSpecifiques,i|Vect,/classes/class[@source='gest.listePerso.ListePerso$NGroupe']/field[@source='iVectValeursSpecifiques']
class-field,gest.listePerso.ListePerso$NGroupe,mVectValeursSpecifiquesImportesIDs,listeValeursSpecifiquesImportesIDs,listeValeursSpecifiquesImportesIDs,I|Ds,/classes/class[@source='gest.listePerso.ListePerso$NGroupe']/field[@source='mVectValeursSpecifiquesImportesIDs']
class-field,gest.listePerso.ListePerso$NTri,iNom,iNom,iNom,i|Nom,/classes/class[@source='gest.listePerso.ListePerso$NTri']/field[@source='iNom']
class-field,gest.listePerso.ListePerso$NTri,iOrdreTri,iOrdreTri,iOrdreTri,i|Tri,/classes/class[@source='gest.listePerso.ListePerso$NTri']/field[@source='iOrdreTri']
class-field,gest.maintEquip.EtatEquipement,mEtatSysteme,etatSysteme,etatSysteme,etat,/classes/class[@source='gest.maintEquip.EtatEquipement']/field[@source='mEtatSysteme']
class-field,gest.maintEquip.EtatEquipement,mNouvMaintSurCompleter,nouvMaintSurCompleter,nouvMaintSurCompleter,nouv|Sur,/classes/class[@source='gest.maintEquip.EtatEquipement']/field[@source='mNouvMaintSurCompleter']
class-field,gest.maintEquip.EtatEquipement,mIDTypeMaintSurNouvMaint,idTypeMaintSurNouvMaint,idTypeMaintSurNouvMaint,Type|Sur|Nouv,/classes/class[@source='gest.maintEquip.EtatEquipement']/field[@source='mIDTypeMaintSurNouvMaint']
class-field,gest.maintEquip.MaintEquip,mIdentJour,identJour,identJour,Jour,/classes/class[@source='gest.maintEquip.MaintEquip']/field[@source='mIdentJour']
class-field,gest.maintEquip.MaintEquip,mInitEquipement,initEquipement,initEquipement,init,/classes/class[@source='gest.maintEquip.MaintEquip']/field[@source='mInitEquipement']
class-field,gest.maintEquip.MaintEquip,mMaintSurUnEquipExist,maintenanceSurUnEquipement,maintenanceSurUnEquipement,Sur|Un,/classes/class[@source='gest.maintEquip.MaintEquip']/field[@source='mMaintSurUnEquipExist']
class-field,gest.maintEquip.MaintEquip,mIDAssigneA,idAssigneA,idAssigneA,A,/classes/class[@source='gest.maintEquip.MaintEquip']/field[@source='mIDAssigneA']
class-field,gest.maintEquip.MaintEquip,mIDTypeEquipementMaint,idTypeEquipementMaint,idTypeEquipementMaint,Type,/classes/class[@source='gest.maintEquip.MaintEquip']/field[@source='mIDTypeEquipementMaint']
class-field,gest.maintEquip.MaintEquip,mIDTypeMaint,idTypeMaint,idTypeMaint,Type,/classes/class[@source='gest.maintEquip.MaintEquip']/field[@source='mIDTypeMaint']
class-field,gest.maintEquip.MaintEquipHisto,mActionDeplConsom,actionDeplConsom,actionDeplConsom,Depl,/classes/class[@source='gest.maintEquip.MaintEquipHisto']/field[@source='mActionDeplConsom']
class-field,gest.maintEquip.MaintEquipHisto,mCoutMaint,coutMaint,coutMaint,cout,/classes/class[@source='gest.maintEquip.MaintEquipHisto']/field[@source='mCoutMaint']
class-field,gest.maintEquip.MaintEquipHisto,mDateOper,dateOper,dateOper,date|Oper,/classes/class[@source='gest.maintEquip.MaintEquipHisto']/field[@source='mDateOper']
class-field,gest.maintEquip.MaintEquipHisto,mDateRetourPrevu,dateRetourPrevu,dateRetourPrevu,date,/classes/class[@source='gest.maintEquip.MaintEquipHisto']/field[@source='mDateRetourPrevu']
class-field,gest.maintEquip.MaintEquipHisto,mDernEffectue,dernEffectue,dernEffectue,dern,/classes/class[@source='gest.maintEquip.MaintEquipHisto']/field[@source='mDernEffectue']
class-field,gest.maintEquip.MaintEquipHisto,mEstLaMemeQte,estLaMemeQte,estLaMemeQuantite,est|La|Meme,/classes/class[@source='gest.maintEquip.MaintEquipHisto']/field[@source='mEstLaMemeQte']
class-field,gest.maintEquip.MaintEquipHisto,mEtat,etat,etat,etat,/classes/class[@source='gest.maintEquip.MaintEquipHisto']/field[@source='mEtat']
class-field,gest.maintEquip.MaintEquipHisto,mUtiliserNouvelleQteSiDisponible,utiliserNouvelleQteSiDisponible,utiliserNouvelleQuantiteSiDisponible,Si,/classes/class[@source='gest.maintEquip.MaintEquipHisto']/field[@source='mUtiliserNouvelleQteSiDisponible']
class-field,gest.maintEquip.MaintEquipHisto,mVectNDeplaceConsom,listeNDeplaceConsom,listeNDeplaceConsom,N,/classes/class[@source='gest.maintEquip.MaintEquipHisto']/field[@source='mVectNDeplaceConsom']
class-field,gest.maintEquip.MaintEquipHisto,mIDCentreServ,idCentreServ,idCentreServ,Serv,/classes/class[@source='gest.maintEquip.MaintEquipHisto']/field[@source='mIDCentreServ']
class-field,gest.maintEquip.MaintEquipHisto,mIDEmplAssoc,idEmplAssoc,idEmplAssociation,Empl,/classes/class[@source='gest.maintEquip.MaintEquipHisto']/field[@source='mIDEmplAssoc']
class-field,gest.maintEquip.ParamMaintEquip,mRechercheAutoAuDemarrage,rechercheAutoAuDemarrage,rechercheAutomatiqueAuDemarrage,Au,/classes/class[@source='gest.maintEquip.ParamMaintEquip']/field[@source='mRechercheAutoAuDemarrage']
class-field,gest.maintEquip.ParamMaintEquip,mVectConfigImprimCodeBar,listeConfigImprimCodeBar,listeConfigImprimCodeBar,Code|Bar,/classes/class[@source='gest.maintEquip.ParamMaintEquip']/field[@source='mVectConfigImprimCodeBar']
class-field,gest.maintEquip.ConfigImprimCodeBar,mNom,nom,nom,nom,/classes/class[@source='gest.maintEquip.ConfigImprimCodeBar']/field[@source='mNom']
class-field,gest.maintenance.Maintenance,mTypeEquip,typeEquip,typeEquip,type,/classes/class[@source='gest.maintenance.Maintenance']/field[@source='mTypeEquip']
class-field,gest.maintenance.Maintenance,mVectIDTypeEquipement,listeIDTypeEquipement,listeIdTypeEquipement,Type,/classes/class[@source='gest.maintenance.Maintenance']/field[@source='mVectIDTypeEquipement']
class-field,gest.maintenance.Maintenance,mVectPer,listePer,listePer,Per,/classes/class[@source='gest.maintenance.Maintenance']/field[@source='mVectPer']
class-field,gest.maintenance.TypeMaint,mEmpecherEquipementDansAutreMaintEquip,empecherEquipementDansAutreMaintEquip,empecherEquipementDansAutreMaintEquip,Dans,/classes/class[@source='gest.maintenance.TypeMaint']/field[@source='mEmpecherEquipementDansAutreMaintEquip']
class-field,gest.maintenance.TypeMaint,mEmpecherEquipementSiPeriodiqueDu,empecherEquipementSiPeriodiqueDu,empecherEquipementSiPeriodiqueDu,Si|Du,/classes/class[@source='gest.maintenance.TypeMaint']/field[@source='mEmpecherEquipementSiPeriodiqueDu']
class-field,gest.maintenance.TypeMaint,mFormElec,formElec,formElec,form|Elec,/classes/class[@source='gest.maintenance.TypeMaint']/field[@source='mFormElec']
class-field,gest.maintenance.TypeMaint,mInclureEnServiceOnly,inclureEnServiceOnly,inclureEnServiceOnly,En|Only,/classes/class[@source='gest.maintenance.TypeMaint']/field[@source='mInclureEnServiceOnly']
class-field,gest.maintenance.TypeMaint,mNouvEtatParDefaut,nouvEtatParDefaut,nouvEtatParDefaut,nouv|Etat|Par,/classes/class[@source='gest.maintenance.TypeMaint']/field[@source='mNouvEtatParDefaut']
class-field,gest.maintenance.TypeMaint,mPermetNouvEtatParDefaut,permetNouvEtatParDefaut,permetNouvEtatParDefaut,Nouv|Etat|Par,/classes/class[@source='gest.maintenance.TypeMaint']/field[@source='mPermetNouvEtatParDefaut']
class-field,gest.maintenance.TypeMaint,mPermisPourAssemblage,permisPourAssemblage,permisPourAssemblage,Pour,/classes/class[@source='gest.maintenance.TypeMaint']/field[@source='mPermisPourAssemblage']
class-field,gest.maintenance.TypeMaint,mPermisPourCaserne,permisPourCaserne,permisPourCaserne,Pour,/classes/class[@source='gest.maintenance.TypeMaint']/field[@source='mPermisPourCaserne']
class-field,gest.maintenance.TypeMaint,mPermisPourConsommable,permisPourConsommable,permisPourConsommable,Pour,/classes/class[@source='gest.maintenance.TypeMaint']/field[@source='mPermisPourConsommable']
class-field,gest.maintenance.TypeMaint,mPermisPourEmploye,permisPourEmploye,permisPourEmploye,Pour,/classes/class[@source='gest.maintenance.TypeMaint']/field[@source='mPermisPourEmploye']
class-field,gest.maintenance.TypeMaint,mPermisPourEquip,permisPourEquip,permisPourEquip,Pour,/classes/class[@source='gest.maintenance.TypeMaint']/field[@source='mPermisPourEquip']
class-field,gest.maintenance.TypeMaint,mPermisPourGroupeEquip,permisPourGroupeEquip,permisPourGroupeEquip,Pour,/classes/class[@source='gest.maintenance.TypeMaint']/field[@source='mPermisPourGroupeEquip']
class-field,gest.maintenance.TypeMaint,mPermisPourTypeEquip,permisPourTypeEquip,permisPourTypeEquip,Pour|Type,/classes/class[@source='gest.maintenance.TypeMaint']/field[@source='mPermisPourTypeEquip']
class-field,gest.maintenance.TypeMaint,mPermisPourVehicule,permisPourVehicule,permisPourVehicule,Pour,/classes/class[@source='gest.maintenance.TypeMaint']/field[@source='mPermisPourVehicule']
class-field,gest.maintenance.TypeMaint,mUtiliseFormElec,utiliseFormElec,utiliseFormElec,Form|Elec,/classes/class[@source='gest.maintenance.TypeMaint']/field[@source='mUtiliseFormElec']
class-field,gest.maintenance.TypeMaint,mVectTypeChampPerso,listeTypeChampPerso,listeTypeChampPerso,Type,/classes/class[@source='gest.maintenance.TypeMaint']/field[@source='mVectTypeChampPerso']
class-field,gest.mobile.Mobile,mDernSync,dernSync,dernSync,dern|Sync,/classes/class[@source='gest.mobile.Mobile']/field[@source='mDernSync']
class-field,gest.mobile.Mobile,mLastSyncSrvID,lastSyncSrvID,lastSyncServiceId,last|Sync,/classes/class[@source='gest.mobile.Mobile']/field[@source='mLastSyncSrvID']
class-field,gest.parement.Parement,mVectCodesSMI,listeCodesSMI,listeCodesSmi,SMI,/classes/class[@source='gest.parement.Parement']/field[@source='mVectCodesSMI']
class-field,gest.parement.Parement,mVectCodesSMICommercial,listeCodesSMICommercial,listeCodesSmiCommercial,SMI,/classes/class[@source='gest.parement.Parement']/field[@source='mVectCodesSMICommercial']
class-field,gest.parement.Parement,mVectCodesSMIFerme,listeCodesSMIFerme,listeCodesSmiFerme,SMI,/classes/class[@source='gest.parement.Parement']/field[@source='mVectCodesSMIFerme']
class-field,gest.plageHoraire.PlageHoraire,mJourMois,jourMois,jourMois,jour|Mois,/classes/class[@source='gest.plageHoraire.PlageHoraire']/field[@source='mJourMois']
class-field,gest.plageHoraire.PlageHoraire,mJourNum,jourNum,jourNumero,jour,/classes/class[@source='gest.plageHoraire.PlageHoraire']/field[@source='mJourNum']
class-field,gest.plageHoraire.PlageHoraire,mJourSem,jourSem,jourSem,jour|Sem,/classes/class[@source='gest.plageHoraire.PlageHoraire']/field[@source='mJourSem']
class-field,gest.plageHoraire.PlageHoraire,mMois,mois,mois,mois,/classes/class[@source='gest.plageHoraire.PlageHoraire']/field[@source='mMois']
class-field,gest.plageHoraire.PlageHoraire,mMoisNum,moisNum,moisNumero,mois,/classes/class[@source='gest.plageHoraire.PlageHoraire']/field[@source='mMoisNum']
class-field,gest.plageHoraire.PlageHoraire,mVectIntervalleIntAnnee,listeIntervalleIntAnnee,listeIntervalleIntAnnee,Int,/classes/class[@source='gest.plageHoraire.PlageHoraire']/field[@source='mVectIntervalleIntAnnee']
class-field,gest.plageHoraire.PlageHoraire,mVectIntervalleIntJourMois,listeIntervalleIntJourMois,listeIntervalleIntJourMois,Int|Jour|Mois,/classes/class[@source='gest.plageHoraire.PlageHoraire']/field[@source='mVectIntervalleIntJourMois']
class-field,gest.planInterv.BatDebitNecessaire,mCommLong,commLong,commentaireLong,Long,/classes/class[@source='gest.planInterv.BatDebitNecessaire']/field[@source='mCommLong']
class-field,gest.planInterv.BatDebitNecessaire,mCommProtOuv,commProtOuv,commentaireProtOuv,Prot|Ouv,/classes/class[@source='gest.planInterv.BatDebitNecessaire']/field[@source='mCommProtOuv']
class-field,gest.planInterv.BatDebitNecessaire,mExpo,expo,expo,expo,/classes/class[@source='gest.planInterv.BatDebitNecessaire']/field[@source='mExpo']
class-field,gest.planInterv.BatDebitNecessaire,mExpoDist,expoDist,expoDist,expo|Dist,/classes/class[@source='gest.planInterv.BatDebitNecessaire']/field[@source='mExpoDist']
class-field,gest.planInterv.BatDebitNecessaire,mExpoMur,expoMur,expoMur,expo|Mur,/classes/class[@source='gest.planInterv.BatDebitNecessaire']/field[@source='mExpoMur']
class-field,gest.planInterv.BatDebitNecessaire,mExpoProtOuv,expoProtOuv,expoProtOuv,expo|Prot|Ouv,/classes/class[@source='gest.planInterv.BatDebitNecessaire']/field[@source='mExpoProtOuv']
class-field,gest.planInterv.BatDebitNecessaire,mGicReduct,gicReduct,gicReduct,gic,/classes/class[@source='gest.planInterv.BatDebitNecessaire']/field[@source='mGicReduct']
class-field,gest.planInterv.BatDebitNecessaire,mHaut,haut,haut,haut,/classes/class[@source='gest.planInterv.BatDebitNecessaire']/field[@source='mHaut']
class-field,gest.planInterv.BatDebitNecessaire,mLarg,larg,larg,larg,/classes/class[@source='gest.planInterv.BatDebitNecessaire']/field[@source='mLarg']
class-field,gest.planInterv.BatDebitNecessaire,mLieu,lieu,lieu,lieu,/classes/class[@source='gest.planInterv.BatDebitNecessaire']/field[@source='mLieu']
class-field,gest.planInterv.BatDebitNecessaire,mLong,long,long,long,/classes/class[@source='gest.planInterv.BatDebitNecessaire']/field[@source='mLong']
class-field,gest.planInterv.BatDebitNecessaire,mNbrEtageExpo,nbrEtageExpo,nombreEtageExpo,Expo,/classes/class[@source='gest.planInterv.BatDebitNecessaire']/field[@source='mNbrEtageExpo']
class-field,gest.planInterv.BatDebitNecessaire,mTypeConst,typeConst,typeConst,type,/classes/class[@source='gest.planInterv.BatDebitNecessaire']/field[@source='mTypeConst']
class-field,gest.planInterv.BatDebitNecessaire,mTypeOcc,typeOcc,typeOcc,type|Occ,/classes/class[@source='gest.planInterv.BatDebitNecessaire']/field[@source='mTypeOcc']
class-field,gest.planInterv.ConfigSectionEtatInitialPourPlan,mVectEtatSections,listeEtatSections,listeEtatSections,Etat,/classes/class[@source='gest.planInterv.ConfigSectionEtatInitialPourPlan']/field[@source='mVectEtatSections']
class-field,gest.planInterv.EtatSection,mEtatInitial,etatInitial,etatInitial,etat,/classes/class[@source='gest.planInterv.EtatSection']/field[@source='mEtatInitial']
class-field,gest.planInterv.InfoServPub,mEmplFerm,emplFerm,emplFerm,empl|Ferm,/classes/class[@source='gest.planInterv.InfoServPub']/field[@source='mEmplFerm']
class-field,gest.planInterv.PlanAcces,mEchelleToit,echelleToit,echelleToit,Toit,/classes/class[@source='gest.planInterv.PlanAcces']/field[@source='mEchelleToit']
class-field,gest.planInterv.PlanAcces,mToit,toit,toit,toit,/classes/class[@source='gest.planInterv.PlanAcces']/field[@source='mToit']
class-field,gest.planInterv.PlanAdresseContact,mVectPlanContact,listePlanContact,listePlanContact,Plan,/classes/class[@source='gest.planInterv.PlanAdresseContact']/field[@source='mVectPlanContact']
class-field,gest.planInterv.PlanAdresseContact,mVectPlanHreExploit,listePlanHreExploit,listePlanHreExploit,Plan|Hre,/classes/class[@source='gest.planInterv.PlanAdresseContact']/field[@source='mVectPlanHreExploit']
class-field,gest.planInterv.PlanAlarme,mEmplPanneau,emplPanneau,emplPanneau,empl,/classes/class[@source='gest.planInterv.PlanAlarme']/field[@source='mEmplPanneau']
class-field,gest.planInterv.PlanAlarme,mEmplRepart,emplRepart,emplRepart,empl,/classes/class[@source='gest.planInterv.PlanAlarme']/field[@source='mEmplRepart']
class-field,gest.planInterv.PlanAlarme,mType,type,type,type,/classes/class[@source='gest.planInterv.PlanAlarme']/field[@source='mType']
class-field,gest.planInterv.PlanAlimEau,mArrayDebitsUnit,arrayDebitsUnit,arrayDebitsUnit,Unit,/classes/class[@source='gest.planInterv.PlanAlimEau']/field[@source='mArrayDebitsUnit']
class-field,gest.planInterv.PlanAlimEau,mScenPourcOptimiste,scenPourcOptimiste,scenPourcOptimiste,scen,/classes/class[@source='gest.planInterv.PlanAlimEau']/field[@source='mScenPourcOptimiste']
class-field,gest.planInterv.PlanAlimEau,mScenPourcPessimiste,scenPourcPessimiste,scenPourcPessimiste,scen,/classes/class[@source='gest.planInterv.PlanAlimEau']/field[@source='mScenPourcPessimiste']
class-field,gest.planInterv.PlanAlimEau,mVectAlimEauPrive,listeAlimEauPrive,listeAlimEauPrive,Alim|Eau,/classes/class[@source='gest.planInterv.PlanAlimEau']/field[@source='mVectAlimEauPrive']
class-field,gest.planInterv.PlanAlimEau,mVectAlimPompe,listeAlimPompe,listeAlimPompe,Alim,/classes/class[@source='gest.planInterv.PlanAlimEau']/field[@source='mVectAlimPompe']
class-field,gest.planInterv.PlanAlimEau,mVectAlimPrinc,listeAlimPrinc,listeAlimPrinc,Alim,/classes/class[@source='gest.planInterv.PlanAlimEau']/field[@source='mVectAlimPrinc']
class-field,gest.planInterv.PlanAlimEau,mVectAlimSecours,listeAlimSecours,listeAlimSecours,Alim,/classes/class[@source='gest.planInterv.PlanAlimEau']/field[@source='mVectAlimSecours']
class-field,gest.planInterv.PlanAlimEau,mVectBatDebitNecessaire,listeBatDebitNecessaire,listeBatDebitNecessaire,Bat,/classes/class[@source='gest.planInterv.PlanAlimEau']/field[@source='mVectBatDebitNecessaire']
class-field,gest.planInterv.AlimEauPrive,mType,type,type,type,/classes/class[@source='gest.planInterv.AlimEauPrive']/field[@source='mType']
class-field,gest.planInterv.AlimPompe,mType,type,type,type,/classes/class[@source='gest.planInterv.AlimPompe']/field[@source='mType']
class-field,gest.planInterv.PlanConst,mAscCommEmpl,ascCommEmpl,ascCommentaireEmpl,asc|Empl,/classes/class[@source='gest.planInterv.PlanConst']/field[@source='mAscCommEmpl']
class-field,gest.planInterv.PlanConst,mAscEmpl,ascEmpl,ascEmpl,asc|Empl,/classes/class[@source='gest.planInterv.PlanConst']/field[@source='mAscEmpl']
class-field,gest.planInterv.PlanConst,mAscMecEmpl,ascMecEmpl,ascMecEmpl,asc|Mec|Empl,/classes/class[@source='gest.planInterv.PlanConst']/field[@source='mAscMecEmpl']
class-field,gest.planInterv.PlanConst,mAscMecEmplCle,ascMecEmplCle,ascMecEmplCle,asc|Mec|Empl|Cle,/classes/class[@source='gest.planInterv.PlanConst']/field[@source='mAscMecEmplCle']
class-field,gest.planInterv.PlanConst,mAscNbr,ascNbr,ascNombre,asc,/classes/class[@source='gest.planInterv.PlanConst']/field[@source='mAscNbr']
class-field,gest.planInterv.PlanConst,mAscZoneDesservTotal,ascZoneDesservTotal,ascZoneDesservTotal,asc|Zone,/classes/class[@source='gest.planInterv.PlanConst']/field[@source='mAscZoneDesservTotal']
class-field,gest.planInterv.PlanConst,mAscZonePrec,ascZonePrec,ascZonePrec,asc|Zone|Prec,/classes/class[@source='gest.planInterv.PlanConst']/field[@source='mAscZonePrec']
class-field,gest.planInterv.PlanConst,mEmplCle,emplCle,emplCle,empl|Cle,/classes/class[@source='gest.planInterv.PlanConst']/field[@source='mEmplCle']
class-field,gest.planInterv.PlanConst,mEscalEmpl,escalEmpl,escalEmpl,Empl,/classes/class[@source='gest.planInterv.PlanConst']/field[@source='mEscalEmpl']
class-field,gest.planInterv.PlanConst,mEtageHautPartielle,etageHautPartielle,etageHautPartielle,Haut,/classes/class[@source='gest.planInterv.PlanConst']/field[@source='mEtageHautPartielle']
class-field,gest.planInterv.PlanConst,mModeServiceIncendie,modeServiceIncendie,modeServiceIncendie,mode,/classes/class[@source='gest.planInterv.PlanConst']/field[@source='mModeServiceIncendie']
class-field,gest.planInterv.PlanConst,mMurConstruction,murConstruction,murConstruction,mur,/classes/class[@source='gest.planInterv.PlanConst']/field[@source='mMurConstruction']
class-field,gest.planInterv.PlanConst,mOuvEmpl,ouvEmpl,ouvEmpl,ouv|Empl,/classes/class[@source='gest.planInterv.PlanConst']/field[@source='mOuvEmpl']
class-field,gest.planInterv.PlanConst,mOuvType,ouvType,ouvType,ouv|Type,/classes/class[@source='gest.planInterv.PlanConst']/field[@source='mOuvType']
class-field,gest.planInterv.PlanConst,mPlancherFermeToit,plancherFermeToit,plancherFermeToit,Toit,/classes/class[@source='gest.planInterv.PlanConst']/field[@source='mPlancherFermeToit']
class-field,gest.planInterv.PlanConst,mSeparEmpl,separEmpl,separEmpl,Empl,/classes/class[@source='gest.planInterv.PlanConst']/field[@source='mSeparEmpl']
class-field,gest.planInterv.PlanConst,mSeparOuv,separOuv,separOuv,Ouv,/classes/class[@source='gest.planInterv.PlanConst']/field[@source='mSeparOuv']
class-field,gest.planInterv.PlanConst,mSousSolHautPartielle,sousSolHautPartielle,sousSolHautPartielle,sous|Sol|Haut,/classes/class[@source='gest.planInterv.PlanConst']/field[@source='mSousSolHautPartielle']
class-field,gest.planInterv.PlanConst,mToitConstruction,toitConstruction,toitConstruction,toit,/classes/class[@source='gest.planInterv.PlanConst']/field[@source='mToitConstruction']
class-field,gest.planInterv.PlanConst,mToitCouverture,toitCouverture,toitCouverture,toit,/classes/class[@source='gest.planInterv.PlanConst']/field[@source='mToitCouverture']
class-field,gest.planInterv.PlanConst,mToitFermeToit,toitFermeToit,toitFermeToit,toit|Toit,/classes/class[@source='gest.planInterv.PlanConst']/field[@source='mToitFermeToit']
class-field,gest.planInterv.PlanConst,mVectConstVide,listeConstVide,listeConstVide,Vide,/classes/class[@source='gest.planInterv.PlanConst']/field[@source='mVectConstVide']
class-field,gest.planInterv.PlanConst,mVidePrecision,videPrecision,videPrecision,vide,/classes/class[@source='gest.planInterv.PlanConst']/field[@source='mVidePrecision']
class-field,gest.planInterv.ConstVide,mType,type,type,type,/classes/class[@source='gest.planInterv.ConstVide']/field[@source='mType']
class-field,gest.planInterv.PlanContact,mCell,cell,cell,cell,/classes/class[@source='gest.planInterv.PlanContact']/field[@source='mCell']
class-field,gest.planInterv.PlanContact,mNomPropOccup,nomPropOccup,nomProprieteOccup,nom,/classes/class[@source='gest.planInterv.PlanContact']/field[@source='mNomPropOccup']
class-field,gest.planInterv.PlanContact,mToujoursDisp,toujoursDisp,toujoursDisp,Disp,/classes/class[@source='gest.planInterv.PlanContact']/field[@source='mToujoursDisp']
class-field,gest.planInterv.PlanContact,mIDPersonneRess,idPersonneRess,idPersonneRess,Ress,/classes/class[@source='gest.planInterv.PlanContact']/field[@source='mIDPersonneRess']
class-field,gest.planInterv.PlanExposition,mEmplAngleEleve,emplAngleEleve,emplAngleEleve,empl,/classes/class[@source='gest.planInterv.PlanExposition']/field[@source='mEmplAngleEleve']
class-field,gest.planInterv.PlanExposition,mEmplEspClos,emplEspClos,emplEspClos,empl|Esp|Clos,/classes/class[@source='gest.planInterv.PlanExposition']/field[@source='mEmplEspClos']
class-field,gest.planInterv.PlanHreExploit,mToujoursDisp,toujoursDisp,toujoursDisp,Disp,/classes/class[@source='gest.planInterv.PlanHreExploit']/field[@source='mToujoursDisp']
class-field,gest.planInterv.PlanHreExploit,mTypeOccup,typeOccup,typeOccup,type,/classes/class[@source='gest.planInterv.PlanHreExploit']/field[@source='mTypeOccup']
class-field,gest.planInterv.PlanInterv,mDatePlanDetectRecupParRAO,datePlanDetectRecupParRAO,datePlanDetectRecupParRao,date|Plan|Par|RAO,/classes/class[@source='gest.planInterv.PlanInterv']/field[@source='mDatePlanDetectRecupParRAO']
class-field,gest.planInterv.PlanInterv,mDatePlanLastEnvoiAuRAO,datePlanLastEnvoiAuRAO,datePlanLastEnvoiAuRao,date|Plan|Last|Au|RAO,/classes/class[@source='gest.planInterv.PlanInterv']/field[@source='mDatePlanLastEnvoiAuRAO']
class-field,gest.planInterv.PlanInterv,mLastPlanRAOName,lastPlanRAOName,lastPlanRaoName,last|Plan|RAO|Name,/classes/class[@source='gest.planInterv.PlanInterv']/field[@source='mLastPlanRAOName']
class-field,gest.planInterv.PlanInterv,mMergePlanImplantation,mergePlanImplantation,mergePlanImplantation,Plan,/classes/class[@source='gest.planInterv.PlanInterv']/field[@source='mMergePlanImplantation']
class-field,gest.planInterv.PlanInterv,mPhotoFich,photoFich,photoFich,Fich,/classes/class[@source='gest.planInterv.PlanInterv']/field[@source='mPhotoFich']
class-field,gest.planInterv.PlanInterv,mPlanAcces,planAcces,planAcces,plan,/classes/class[@source='gest.planInterv.PlanInterv']/field[@source='mPlanAcces']
class-field,gest.planInterv.PlanInterv,mPlanAdresseContact,planAdresseContact,planAdresseContact,plan,/classes/class[@source='gest.planInterv.PlanInterv']/field[@source='mPlanAdresseContact']
class-field,gest.planInterv.PlanInterv,mPlanAlarme,planAlarme,planAlarme,plan,/classes/class[@source='gest.planInterv.PlanInterv']/field[@source='mPlanAlarme']
class-field,gest.planInterv.PlanInterv,mPlanAlimEau,planAlimEau,planAlimEau,plan|Alim|Eau,/classes/class[@source='gest.planInterv.PlanInterv']/field[@source='mPlanAlimEau']
class-field,gest.planInterv.PlanInterv,mPlanConst,planConst,planConst,plan,/classes/class[@source='gest.planInterv.PlanInterv']/field[@source='mPlanConst']
class-field,gest.planInterv.PlanInterv,mPlanCroquis,planCroquis,planCroquis,plan,/classes/class[@source='gest.planInterv.PlanInterv']/field[@source='mPlanCroquis']
class-field,gest.planInterv.PlanInterv,mPlanEnPDF,planEnPDF,planEnPdf,plan|En|PDF,/classes/class[@source='gest.planInterv.PlanInterv']/field[@source='mPlanEnPDF']
class-field,gest.planInterv.PlanInterv,mPlanExposition,planExposition,planExposition,plan,/classes/class[@source='gest.planInterv.PlanInterv']/field[@source='mPlanExposition']
class-field,gest.planInterv.PlanInterv,mPlanProtection,planProtection,planProtection,plan,/classes/class[@source='gest.planInterv.PlanInterv']/field[@source='mPlanProtection']
class-field,gest.planInterv.PlanInterv,mPlanRepartiteur,planRepartiteur,planRepartiteur,plan,/classes/class[@source='gest.planInterv.PlanInterv']/field[@source='mPlanRepartiteur']
class-field,gest.planInterv.PlanInterv,mPlanRisque,planRisque,planRisque,plan,/classes/class[@source='gest.planInterv.PlanInterv']/field[@source='mPlanRisque']
class-field,gest.planInterv.PlanInterv,mPlanSecurite,planSecurite,planSecurite,plan,/classes/class[@source='gest.planInterv.PlanInterv']/field[@source='mPlanSecurite']
class-field,gest.planInterv.PlanInterv,mPlanServPub,planServPub,planServPub,plan|Serv|Pub,/classes/class[@source='gest.planInterv.PlanInterv']/field[@source='mPlanServPub']
class-field,gest.planInterv.PlanInterv,mStatutPlanRAO,statutPlanRAO,statutPlanRao,Plan|RAO,/classes/class[@source='gest.planInterv.PlanInterv']/field[@source='mStatutPlanRAO']
class-field,gest.planInterv.PlanInterv,mVectTabsStates,listeTabsStates,listeTabsStates,Tabs,/classes/class[@source='gest.planInterv.PlanInterv']/field[@source='mVectTabsStates']
class-field,gest.planInterv.PlanInterv,mIDAssigneA,idAssigneA,idAssigneA,A,/classes/class[@source='gest.planInterv.PlanInterv']/field[@source='mIDAssigneA']
class-field,gest.planInterv.PlanInterv,mIDPlanImplantation,idPlanImplantation,idPlanImplantation,Plan,/classes/class[@source='gest.planInterv.PlanInterv']/field[@source='mIDPlanImplantation']
class-field,gest.planInterv.PlanProtection,mVectProtSpec,listeProtSpec,listeProtSpec,Prot|Spec,/classes/class[@source='gest.planInterv.PlanProtection']/field[@source='mVectProtSpec']
class-field,gest.planInterv.Gicleur,mPlanCouvSystVanne,planCouvSystVanne,planCouvSystVanne,plan|Couv|Syst,/classes/class[@source='gest.planInterv.Gicleur']/field[@source='mPlanCouvSystVanne']
class-field,gest.planInterv.Gicleur,mVanneSectEmpl,vanneSectEmplacement,vanneSectEmplacement,Sect,/classes/class[@source='gest.planInterv.Gicleur']/field[@source='mVanneSectEmpl']
class-field,gest.planInterv.Gicleur,mLieuInteret,lieuInteret,lieuInteret,lieu,/classes/class[@source='gest.planInterv.Gicleur']/field[@source='mLieuInteret']
class-field,gest.planInterv.Gicleur,mZoneProt,zoneProtegee,zoneProtegee,zone,/classes/class[@source='gest.planInterv.Gicleur']/field[@source='mZoneProt']
class-field,gest.planInterv.ColonneMontante,mIDRaccordCageEscalier,idRaccordCageEscalier,idRaccordCageEscalier,Cage,/classes/class[@source='gest.planInterv.ColonneMontante']/field[@source='mIDRaccordCageEscalier']
class-field,gest.planInterv.ColonneMontante,mCageEscalier,cageEscalier,cageEscalier,cage,/classes/class[@source='gest.planInterv.ColonneMontante']/field[@source='mCageEscalier']
class-field,gest.planInterv.ColonneMontante,mConnectIdentiqueSSI,connectIdentiqueSSI,connectIdentiqueSsi,SSI,/classes/class[@source='gest.planInterv.ColonneMontante']/field[@source='mConnectIdentiqueSSI']
class-field,gest.planInterv.ColonneMontante,mEmpl,empl,empl,empl,/classes/class[@source='gest.planInterv.ColonneMontante']/field[@source='mEmpl']
class-field,gest.planInterv.ColonneMontante,mEmplAutre,emplAutre,emplAutre,empl,/classes/class[@source='gest.planInterv.ColonneMontante']/field[@source='mEmplAutre']
class-field,gest.planInterv.ColonneMontante,mType,type,type,type,/classes/class[@source='gest.planInterv.ColonneMontante']/field[@source='mType']
class-field,gest.planInterv.ColonneMontante,mZoneProt,zoneProt,zoneProt,zone|Prot,/classes/class[@source='gest.planInterv.ColonneMontante']/field[@source='mZoneProt']
class-field,gest.planInterv.ProtSpec,mType,type,type,type,/classes/class[@source='gest.planInterv.ProtSpec']/field[@source='mType']
class-field,gest.planInterv.ProtSpec,mZoneProt,zoneProtegee,zoneProtegee,zone,/classes/class[@source='gest.planInterv.ProtSpec']/field[@source='mZoneProt']
class-field,gest.planInterv.Exposition,mNom,nom,nom,nom,/classes/class[@source='gest.planInterv.Exposition']/field[@source='mNom']
class-field,gest.planInterv.PlanRepartiteur,mLieuInteret,lieuInteret,lieuInteret,lieu,/classes/class[@source='gest.planInterv.PlanRepartiteur']/field[@source='mLieuInteret']
class-field,gest.planInterv.RepartDirective,mVectIDCodeAppel,listeIDCodeAppel,listeIdCodeAppel,Code,/classes/class[@source='gest.planInterv.RepartDirective']/field[@source='mVectIDCodeAppel']
class-field,gest.planInterv.PlanRisque,mDangEmpl,dangEmpl,dangEmpl,dang|Empl,/classes/class[@source='gest.planInterv.PlanRisque']/field[@source='mDangEmpl']
class-field,gest.planInterv.PlanRisque,mDangEmplInvent,dangEmplInvent,dangEmplInvent,dang|Empl,/classes/class[@source='gest.planInterv.PlanRisque']/field[@source='mDangEmplInvent']
class-field,gest.planInterv.PlanRisque,mDangInvent,dangInvent,dangInvent,dang,/classes/class[@source='gest.planInterv.PlanRisque']/field[@source='mDangInvent']
class-field,gest.planInterv.PlanRisque,mOrdChute,ordChute,ordChute,ord,/classes/class[@source='gest.planInterv.PlanRisque']/field[@source='mOrdChute']
class-field,gest.planInterv.PlanRisque,mOrdChuteGicleur,ordChuteGicleur,ordChuteGicleur,ord,/classes/class[@source='gest.planInterv.PlanRisque']/field[@source='mOrdChuteGicleur']
class-field,gest.planInterv.PlanRisque,mOrdCompact,ordCompact,ordCompact,ord,/classes/class[@source='gest.planInterv.PlanRisque']/field[@source='mOrdCompact']
class-field,gest.planInterv.PlanRisque,mOrdCompactRelieInt,ordCompactRelieInt,ordCompactRelieInt,ord|Int,/classes/class[@source='gest.planInterv.PlanRisque']/field[@source='mOrdCompactRelieInt']
class-field,gest.planInterv.PlanRisque,mOrdDetail,ordDetail,ordDetail,ord,/classes/class[@source='gest.planInterv.PlanRisque']/field[@source='mOrdDetail']
class-field,gest.planInterv.PlanRisque,mOrdIncinerateur,ordIncinerateur,ordIncinerateur,ord,/classes/class[@source='gest.planInterv.PlanRisque']/field[@source='mOrdIncinerateur']
class-field,gest.planInterv.PlanRisque,mProcEmpl,procEmpl,processusEmpl,Empl,/classes/class[@source='gest.planInterv.PlanRisque']/field[@source='mProcEmpl']
class-field,gest.planInterv.PlanRisque,mRadioEmpl,radioEmpl,radioEmpl,Empl,/classes/class[@source='gest.planInterv.PlanRisque']/field[@source='mRadioEmpl']
class-field,gest.planInterv.PlanRisque,mReagEmpl,reagEmpl,reagEmpl,reag|Empl,/classes/class[@source='gest.planInterv.PlanRisque']/field[@source='mReagEmpl']
class-field,gest.planInterv.PlanRisque,mReagType,reagType,reagType,reag|Type,/classes/class[@source='gest.planInterv.PlanRisque']/field[@source='mReagType']
class-field,gest.planInterv.PlanRisque,mRisquesAuPersonnel,risquesAuPersonnel,risquesAuPersonnel,Au,/classes/class[@source='gest.planInterv.PlanRisque']/field[@source='mRisquesAuPersonnel']
class-field,gest.planInterv.PlanSecurite,mPlanSecurite,planSecurite,planSecurite,plan,/classes/class[@source='gest.planInterv.PlanSecurite']/field[@source='mPlanSecurite']
class-field,gest.planInterv.PlanServPub,mPreocOccupPersRess,preocOccupPersRess,preocOccupPersonneRess,Ress,/classes/class[@source='gest.planInterv.PlanServPub']/field[@source='mPreocOccupPersRess']
class-field,gest.planInterv.PlanServPub,mPreocProcPersRess,preocProcPersRess,preocProcessusPersonneRess,Ress,/classes/class[@source='gest.planInterv.PlanServPub']/field[@source='mPreocProcPersRess']
class-field,gest.planInterv.PlanServPub,mRessSpec,ressSpec,ressSpec,ress|Spec,/classes/class[@source='gest.planInterv.PlanServPub']/field[@source='mRessSpec']
class-field,gest.planInterv.PlanServPub,mVectInfoServPub,listeInfoServPub,listeInformationServPub,Serv|Pub,/classes/class[@source='gest.planInterv.PlanServPub']/field[@source='mVectInfoServPub']
class-field,gest.plancher.Plancher,mVectCodesSMI,listeCodesSMI,listeCodesSmi,SMI,/classes/class[@source='gest.plancher.Plancher']/field[@source='mVectCodesSMI']
class-field,gest.plancher.Plancher,mVectCodesSMICommercial,listeCodesSMICommercial,listeCodesSmiCommercial,SMI,/classes/class[@source='gest.plancher.Plancher']/field[@source='mVectCodesSMICommercial']
class-field,gest.preference.Preference,mIDUtilGroupe,idUtilGroupe,idUtilGroupe,Util,/classes/class[@source='gest.preference.Preference']/field[@source='mIDUtilGroupe']
class-field,gest.prevention.ParamFormWebParSSI,mCodeUsager,codeUsager,codeUsager,code,/classes/class[@source='gest.prevention.ParamFormWebParSSI']/field[@source='mCodeUsager']
class-field,gest.prevention.ParamPrevention,mInclureAnomCorrigeDansAvis,inclureAnomCorrigeDansAvis,inclureAnomCorrigeDansAvis,Anom|Dans|Avis,/classes/class[@source='gest.prevention.ParamPrevention']/field[@source='mInclureAnomCorrigeDansAvis']
class-field,gest.prevention.ParamPrevention,mOngletAPlanifier,ongletAPlanifier,ongletAPlanifier,A,/classes/class[@source='gest.prevention.ParamPrevention']/field[@source='mOngletAPlanifier']
class-field,gest.prevention.ParamPrevention,mPrevAvis,prevAvis,previsionAvis,Avis,/classes/class[@source='gest.prevention.ParamPrevention']/field[@source='mPrevAvis']
class-field,gest.prevention.ParamPrevention,mPrevForm,prevForm,previsionForm,Form,/classes/class[@source='gest.prevention.ParamPrevention']/field[@source='mPrevForm']
class-field,gest.prevention.ParamPrevention,mRechercheAutoAuDemarrage,rechercheAutoAuDemarrage,rechercheAutomatiqueAuDemarrage,Au,/classes/class[@source='gest.prevention.ParamPrevention']/field[@source='mRechercheAutoAuDemarrage']
class-field,gest.prevention.ParamPrevention,mTypeReinspection,typeReinspection,typeReinspection,type,/classes/class[@source='gest.prevention.ParamPrevention']/field[@source='mTypeReinspection']
class-field,gest.prevention.ParamPrevention,mVectCompteursParTypePrev,listeCompteursParTypePrev,listeCompteursParTypePrevision,Par|Type,/classes/class[@source='gest.prevention.ParamPrevention']/field[@source='mVectCompteursParTypePrev']
class-field,gest.prevention.ParamPrevention,mVectIDTypeChampPersoCol,listeIdTypeChampPersoCol,listeIdTypeChampPersoCol,Type|Col,/classes/class[@source='gest.prevention.ParamPrevention']/field[@source='mVectIDTypeChampPersoCol']
class-field,gest.prevention.ParamPrevention,mVectMotsClesAnom,listeMotsClesAnom,listeMotsClesAnom,Mots|Cles|Anom,/classes/class[@source='gest.prevention.ParamPrevention']/field[@source='mVectMotsClesAnom']
class-field,gest.prevention.ParamPrevention,mHashParamAvis,hashParamAvis,hashParametreAvis,hash|Avis,/classes/class[@source='gest.prevention.ParamPrevention']/field[@source='mHashParamAvis']
class-field,gest.prevention.AssocMotCleTexte,mNom,nom,nom,nom,/classes/class[@source='gest.prevention.AssocMotCleTexte']/field[@source='mNom']
class-field,gest.prevention.PhotoFichPrev,mEstUnAvis,estUnAvis,estUnAvis,est|Un|Avis,/classes/class[@source='gest.prevention.PhotoFichPrev']/field[@source='mEstUnAvis']
class-field,gest.prevention.PhotoFichPrev,mFormulaireWeb,formulaireWeb,formulaireWeb,Web,/classes/class[@source='gest.prevention.PhotoFichPrev']/field[@source='mFormulaireWeb']
class-field,gest.prevention.PhotoFichPrev,mInclureDansAvis,inclureDansAvis,inclureDansAvis,Dans|Avis,/classes/class[@source='gest.prevention.PhotoFichPrev']/field[@source='mInclureDansAvis']
class-field,gest.prevention.PrevAnom,mCmptReinspectLorsAjout,cmptReinspectLorsAjout,cmptReinspectLorsAjout,cmpt|Lors,/classes/class[@source='gest.prevention.PrevAnom']/field[@source='mCmptReinspectLorsAjout']
class-field,gest.prevention.PrevAnom,mDateCorrige,dateCorrige,dateCorrige,date,/classes/class[@source='gest.prevention.PrevAnom']/field[@source='mDateCorrige']
class-field,gest.prevention.PrevAnom,mDelaiDate,delaiDate,delaiDate,Date,/classes/class[@source='gest.prevention.PrevAnom']/field[@source='mDelaiDate']
class-field,gest.prevention.PrevAnom,mDelaiNbrJour,delaiNbrJour,delaiNombreJour,Jour,/classes/class[@source='gest.prevention.PrevAnom']/field[@source='mDelaiNbrJour']
class-field,gest.prevention.PrevAnom,mLieu,lieu,lieu,lieu,/classes/class[@source='gest.prevention.PrevAnom']/field[@source='mLieu']
class-field,gest.prevention.PrevAnom,mTexteAnom,texteAnom,texteAnom,Anom,/classes/class[@source='gest.prevention.PrevAnom']/field[@source='mTexteAnom']
class-field,gest.prevention.PrevAnom,mTypeDelai,typeDelai,typeDelai,type,/classes/class[@source='gest.prevention.PrevAnom']/field[@source='mTypeDelai']
class-field,gest.prevention.PrevAnom,mIDTypeAnom,idTypeAnom,idTypeAnom,Type|Anom,/classes/class[@source='gest.prevention.PrevAnom']/field[@source='mIDTypeAnom']
class-field,gest.prevention.PrevAvis,mVectRapportAvis,listeRapportAvis,listeRapportAvis,Avis,/classes/class[@source='gest.prevention.PrevAvis']/field[@source='mVectRapportAvis']
class-field,gest.prevention.PrevAvis,mIDRappAvis1,idRappAvis1,idRappAvis1,Rapp,/classes/class[@source='gest.prevention.PrevAvis']/field[@source='mIDRappAvis1']
class-field,gest.prevention.PrevAvis,mIDRappAvis2,idRappAvis2,idRappAvis2,Rapp,/classes/class[@source='gest.prevention.PrevAvis']/field[@source='mIDRappAvis2']
class-field,gest.prevention.PrevAvis,mIDRappAvis3,idRappAvis3,idRappAvis3,Rapp,/classes/class[@source='gest.prevention.PrevAvis']/field[@source='mIDRappAvis3']
class-field,gest.prevention.PrevAvis,mIDRappAvisPrev,idRappAvisPrev,idRappAvisPrevision,Rapp|Avis,/classes/class[@source='gest.prevention.PrevAvis']/field[@source='mIDRappAvisPrev']
class-field,gest.prevention.PrevForm,mIDRappForm,idRappForm,idRappForm,Rapp|Form,/classes/class[@source='gest.prevention.PrevForm']/field[@source='mIDRappForm']
class-field,gest.prevention.PrevForm,mIDRappFormDefaut,idRappFormDefaut,idRappFormDefaut,Rapp|Form,/classes/class[@source='gest.prevention.PrevForm']/field[@source='mIDRappFormDefaut']
class-field,gest.prevention.Prevention,mAvisEmission,avisEmission,avisEmission,avis,/classes/class[@source='gest.prevention.Prevention']/field[@source='mAvisEmission']
class-field,gest.prevention.Prevention,mCmptInspect,cmptInspect,cmptInspect,cmpt,/classes/class[@source='gest.prevention.Prevention']/field[@source='mCmptInspect']
class-field,gest.prevention.Prevention,mCodeAccesFormWeb,codeAccesFormWeb,codeAccesFormWeb,code|Form|Web,/classes/class[@source='gest.prevention.Prevention']/field[@source='mCodeAccesFormWeb']
class-field,gest.prevention.Prevention,mIdentJour,identJour,identJour,Jour,/classes/class[@source='gest.prevention.Prevention']/field[@source='mIdentJour']
class-field,gest.prevention.Prevention,mMD5Avis,md5Avis,md5Avis,md5|Avis,/classes/class[@source='gest.prevention.Prevention']/field[@source='mMD5Avis']
class-field,gest.prevention.Prevention,mNarratifsPrec,narratifsPrec,narratifsPrec,Prec,/classes/class[@source='gest.prevention.Prevention']/field[@source='mNarratifsPrec']
class-field,gest.prevention.Prevention,mTexteAvis,texteAvis,texteAvis,Avis,/classes/class[@source='gest.prevention.Prevention']/field[@source='mTexteAvis']
class-field,gest.prevention.Prevention,mVectPrevAnom,listePrevAnom,listePrevisionAnom,Anom,/classes/class[@source='gest.prevention.Prevention']/field[@source='mVectPrevAnom']
class-field,gest.prevention.Prevention,mIDAssigneA,idAssigneA,idAssigneA,A,/classes/class[@source='gest.prevention.Prevention']/field[@source='mIDAssigneA']
class-field,gest.prevention.Prevention,mIDAvis,idAvis,idAvis,Avis,/classes/class[@source='gest.prevention.Prevention']/field[@source='mIDAvis']
class-field,gest.prevention.Prevention,mIDAvisAvecSignature,idAvisAvecSignature,idAvisAvecSignature,Avis|Avec,/classes/class[@source='gest.prevention.Prevention']/field[@source='mIDAvisAvecSignature']
class-field,gest.prevention.Prevention,mIDPrevAvisAssoc,idPrevAvisAssoc,idPrevisionAvisAssociation,Avis,/classes/class[@source='gest.prevention.Prevention']/field[@source='mIDPrevAvisAssoc']
class-field,gest.prevention.Prevention,mIDPrevSrc,idPrevSrc,idPrevisionSrc,Src,/classes/class[@source='gest.prevention.Prevention']/field[@source='mIDPrevSrc']
class-field,gest.prevention.Prevention,mIDPreventionSrc,idPreventionSrc,idPreventionSrc,Src,/classes/class[@source='gest.prevention.Prevention']/field[@source='mIDPreventionSrc']
class-field,gest.prevention.Prevention,mIDTypePrev,idTypePrev,idTypePrevision,Type,/classes/class[@source='gest.prevention.Prevention']/field[@source='mIDTypePrev']
class-field,gest.prevention.Prevention,mFormWebEnqueteUUID,formWebEnqueteUUID,formWebEnqueteUuid,form|Web|UUID,/classes/class[@source='gest.prevention.Prevention']/field[@source='mFormWebEnqueteUUID']
class-field,gest.prevention.Prevention,mFormWebOwnerUUID,formWebOwnerUUID,formWebOwnerUuid,form|Web|UUID,/classes/class[@source='gest.prevention.Prevention']/field[@source='mFormWebOwnerUUID']
class-field,gest.prevention.Prevention,mFormWebStatut,formWebStatut,formWebStatut,form|Web,/classes/class[@source='gest.prevention.Prevention']/field[@source='mFormWebStatut']
class-field,gest.prevention.Prevention,mHshSectCondValeurCPOri,hshSectCondValeurCPOri,hshSectCondValeurCodePostalOri,hsh|Sect|Cond|Ori,/classes/class[@source='gest.prevention.Prevention']/field[@source='mHshSectCondValeurCPOri']
class-field,gest.prevention.Prevention,mHshSectCondValeurCPOriDossPrev,hshSectCondValeurCPOriDossPrev,hshSectCondValeurCodePostalOriDossPrevision,hsh|Sect|Cond|Ori|Doss,/classes/class[@source='gest.prevention.Prevention']/field[@source='mHshSectCondValeurCPOriDossPrev']
class-field,gest.prevention.Prevention,mHshSectCondValeursOri,hshSectCondValeursOri,hshSectCondValeursOri,hsh|Sect|Cond|Ori,/classes/class[@source='gest.prevention.Prevention']/field[@source='mHshSectCondValeursOri']
class-field,gest.prevention.Prevention,mHshSectCondValeursOriDossPrev,hshSectCondValeursOriDossPrev,hshSectCondValeursOriDossPrevision,hsh|Sect|Cond|Ori|Doss,/classes/class[@source='gest.prevention.Prevention']/field[@source='mHshSectCondValeursOriDossPrev']
class-field,gest.prevention.RapportAvis,mTypeAvis,typeAvis,typeAvis,type|Avis,/classes/class[@source='gest.prevention.RapportAvis']/field[@source='mTypeAvis']
class-field,gest.processus.Etape,mNote,note,note,note,/classes/class[@source='gest.processus.Etape']/field[@source='mNote']
class-field,gest.processus.Etape,mIDAssigneA,idAssigneA,idAssigneA,A,/classes/class[@source='gest.processus.Etape']/field[@source='mIDAssigneA']
class-field,gest.quart.Quart,mIdentJour,identJour,identJour,Jour,/classes/class[@source='gest.quart.Quart']/field[@source='mIdentJour']
class-field,gest.quart.Quart,mIDAssigneA,idAssigneA,idAssigneA,A,/classes/class[@source='gest.quart.Quart']/field[@source='mIDAssigneA']
class-field,gest.raisonReport.RaisonReport,mUtiliserAvis,utiliserAvis,utiliserAvis,Avis,/classes/class[@source='gest.raisonReport.RaisonReport']/field[@source='mUtiliserAvis']
class-field,gest.rapport.Rapport,mNomFichierExportParDefaut,nomFichierExportParDefaut,nomFichierExportParDefaut,nom|Par,/classes/class[@source='gest.rapport.Rapport']/field[@source='mNomFichierExportParDefaut']
class-field,gest.rapport.Rapport,mNomPerso,nomPerso,nomPerso,nom,/classes/class[@source='gest.rapport.Rapport']/field[@source='mNomPerso']
class-field,gest.rapport.Rapport,mValidationV13Faite,validationV13Faite,validationV13Faite,V13,/classes/class[@source='gest.rapport.Rapport']/field[@source='mValidationV13Faite']
class-field,gest.rapport.Rapport,mVectPageSupp,listePageSupp,listePageSupp,Page|Supp,/classes/class[@source='gest.rapport.Rapport']/field[@source='mVectPageSupp']
class-field,gest.rapport.Rapport,mVectSousRapport,listeSousRapport,listeSousRapport,Sous,/classes/class[@source='gest.rapport.Rapport']/field[@source='mVectSousRapport']
class-field,gest.rapport.Rapport,mIDFichJasper,idFichJasper,idFichJasper,Fich,/classes/class[@source='gest.rapport.Rapport']/field[@source='mIDFichJasper']
class-field,gest.rapport.Rapport,mIDFichXML,idFichXML,idFichXml,Fich|XML,/classes/class[@source='gest.rapport.Rapport']/field[@source='mIDFichXML']
class-field,gest.rapport.RapportPerso,mUniquementSiAlimente,uniquementSiAlimente,uniquementSiAlimente,Si,/classes/class[@source='gest.rapport.RapportPerso']/field[@source='mUniquementSiAlimente']
class-field,gest.rapport.SousRapport,mPeutEtreSelectionne,peutEtreSelectionne,peutEtreSelectionne,peut|Etre,/classes/class[@source='gest.rapport.SousRapport']/field[@source='mPeutEtreSelectionne']
class-field,gest.rci.Constat,mVectFait,listeFait,listeFait,Fait,/classes/class[@source='gest.rci.Constat']/field[@source='mVectFait']
class-field,gest.rci.Constat,mVectReactFeu,listeReactFeu,listeReactFeu,Feu,/classes/class[@source='gest.rci.Constat']/field[@source='mVectReactFeu']
class-field,gest.rci.Disjoncteur,mVectNFusible,listeNFusible,listeNFusible,N,/classes/class[@source='gest.rci.Disjoncteur']/field[@source='mVectNFusible']
class-field,gest.rci.Effraction,mEclatInt,eclatInt,eclatInt,Int,/classes/class[@source='gest.rci.Effraction']/field[@source='mEclatInt']
class-field,gest.rci.Effraction,mEclatSuie,eclatSuie,eclatSuie,Suie,/classes/class[@source='gest.rci.Effraction']/field[@source='mEclatSuie']
class-field,gest.rci.Expertise,mRepr,repr,repr,repr,/classes/class[@source='gest.rci.Expertise']/field[@source='mRepr']
class-field,gest.rci.Rci,mDateRedact,dateRedact,dateRedact,date,/classes/class[@source='gest.rci.Rci']/field[@source='mDateRedact']
class-field,gest.rci.Rci,mIdentJour,identJour,identJour,Jour,/classes/class[@source='gest.rci.Rci']/field[@source='mIdentJour']
class-field,gest.rci.Rci,mRciAnalyse,rciAnalyse,rciAnalyse,rci,/classes/class[@source='gest.rci.Rci']/field[@source='mRciAnalyse']
class-field,gest.rci.Rci,mRciCause,rciCause,rciCause,rci,/classes/class[@source='gest.rci.Rci']/field[@source='mRciCause']
class-field,gest.rci.Rci,mRciConclusion,rciConclusion,rciConclusion,rci,/classes/class[@source='gest.rci.Rci']/field[@source='mRciConclusion']
class-field,gest.rci.Rci,mRciDescBatiment,rciDescBatiment,rciDescriptionBatiment,rci,/classes/class[@source='gest.rci.Rci']/field[@source='mRciDescBatiment']
class-field,gest.rci.Rci,mRciDescExt,rciDescExt,rciDescriptionExterne,rci,/classes/class[@source='gest.rci.Rci']/field[@source='mRciDescExt']
class-field,gest.rci.Rci,mRciDescInt,rciDescInt,rciDescriptionInt,rci|Int,/classes/class[@source='gest.rci.Rci']/field[@source='mRciDescInt']
class-field,gest.rci.Rci,mRciEntrevue,rciEntrevue,rciEntrevue,rci,/classes/class[@source='gest.rci.Rci']/field[@source='mRciEntrevue']
class-field,gest.rci.Rci,mRciInfluence,rciInfluence,rciInfluence,rci,/classes/class[@source='gest.rci.Rci']/field[@source='mRciInfluence']
class-field,gest.rci.Rci,mRciRapportEnquete,rciRapportEnquete,rciRapportEnquete,rci,/classes/class[@source='gest.rci.Rci']/field[@source='mRciRapportEnquete']
class-field,gest.rci.Rci,mSSIImplique,sSIImplique,sSiImplique,s|SI,/classes/class[@source='gest.rci.Rci']/field[@source='mSSIImplique']
class-field,gest.rci.Rci,mVectProtLieu,listeProtLieu,listeProtLieu,Prot|Lieu,/classes/class[@source='gest.rci.Rci']/field[@source='mVectProtLieu']
class-field,gest.rci.Rci,mVectVehImplique,listeVehImplique,listeVehImplique,Veh,/classes/class[@source='gest.rci.Rci']/field[@source='mVectVehImplique']
class-field,gest.rci.Rci,mIDAssigneA,idAssigneA,idAssigneA,A,/classes/class[@source='gest.rci.Rci']/field[@source='mIDAssigneA']
class-field,gest.rci.RciAnalyse,mLieuOrigine,lieuOrigine,lieuOrigine,lieu,/classes/class[@source='gest.rci.RciAnalyse']/field[@source='mLieuOrigine']
class-field,gest.rci.RciAnalyse,mVectRciLieu,listeRciLieu,listeRciLieu,Rci|Lieu,/classes/class[@source='gest.rci.RciAnalyse']/field[@source='mVectRciLieu']
class-field,gest.rci.RciAnalyse,mIDFichCroquisLieu,idFichCroquisLieu,idFichCroquisLieu,Fich|Lieu,/classes/class[@source='gest.rci.RciAnalyse']/field[@source='mIDFichCroquisLieu']
class-field,gest.rci.RciAnalyse,mIDFichCroquisOrigine,idFichCroquisOrigine,idFichCroquisOrigine,Fich,/classes/class[@source='gest.rci.RciAnalyse']/field[@source='mIDFichCroquisOrigine']
class-field,gest.rci.RciAnalyse,mIDGraphCroquisLieu,idGraphCroquisLieu,idGraphCroquisLieu,Lieu,/classes/class[@source='gest.rci.RciAnalyse']/field[@source='mIDGraphCroquisLieu']
class-field,gest.rci.RciCause,mModeInflammationDetail,modeInflammationDetail,modeInflammationDetail,mode,/classes/class[@source='gest.rci.RciCause']/field[@source='mModeInflammationDetail']
class-field,gest.rci.RciCause,mPremMatEnflammeDetail,premMatEnflammeDetail,premMatEnflammeDetail,prem|Mat,/classes/class[@source='gest.rci.RciCause']/field[@source='mPremMatEnflammeDetail']
class-field,gest.rci.RciConclusion,mTypeConclusion,typeConclusion,typeConclusion,type,/classes/class[@source='gest.rci.RciConclusion']/field[@source='mTypeConclusion']
class-field,gest.rci.RciDescBatiment,mFilAluminium,filAluminium,filAluminium,fil,/classes/class[@source='gest.rci.RciDescBatiment']/field[@source='mFilAluminium']
class-field,gest.rci.RciDescBatiment,mFilCuivre,filCuivre,filCuivre,fil,/classes/class[@source='gest.rci.RciDescBatiment']/field[@source='mFilCuivre']
class-field,gest.rci.RciDescBatiment,mFusOuvert,fusOuvert,fusOuvert,fus,/classes/class[@source='gest.rci.RciDescBatiment']/field[@source='mFusOuvert']
class-field,gest.rci.RciDescBatiment,mFusPrec,fusPrec,fusPrec,fus|Prec,/classes/class[@source='gest.rci.RciDescBatiment']/field[@source='mFusPrec']
class-field,gest.rci.RciDescBatiment,mFusType,fusType,fusType,fus|Type,/classes/class[@source='gest.rci.RciDescBatiment']/field[@source='mFusType']
class-field,gest.rci.RciDescBatiment$NElementPanneauElectrique,iNom,iNom,iNom,i|Nom,/classes/class[@source='gest.rci.RciDescBatiment$NElementPanneauElectrique']/field[@source='iNom']
class-field,gest.rci.RciDescBatiment$NElementPanneauElectrique,iStatut,iStatut,iStatut,i,/classes/class[@source='gest.rci.RciDescBatiment$NElementPanneauElectrique']/field[@source='iStatut']
class-field,gest.rci.RciDescBatiment$NFusible,iType,iType,iType,i|Type,/classes/class[@source='gest.rci.RciDescBatiment$NFusible']/field[@source='iType']
class-field,gest.rci.RciLieu,mDetailDansRappEnquete,detailDansRappEnquete,detailDansRappEnquete,Dans|Rapp,/classes/class[@source='gest.rci.RciLieu']/field[@source='mDetailDansRappEnquete']
class-field,gest.rci.RciLieu,mLieuOrigine,lieuOrigine,lieuOrigine,lieu,/classes/class[@source='gest.rci.RciLieu']/field[@source='mLieuOrigine']
class-field,gest.rci.RciLieu,mLieuOrigineDesc,lieuOrigineDesc,lieuOrigineDescription,lieu,/classes/class[@source='gest.rci.RciLieu']/field[@source='mLieuOrigineDesc']
class-field,gest.rci.RciLieu,mModeInflammationDesc,modeInflammationDesc,modeInflammationDescription,mode,/classes/class[@source='gest.rci.RciLieu']/field[@source='mModeInflammationDesc']
class-field,gest.rci.RciLieu,mPremMatDesc,premMatDesc,premMatDescription,prem|Mat,/classes/class[@source='gest.rci.RciLieu']/field[@source='mPremMatDesc']
class-field,gest.rci.RciLieu,mRciCause,rciCause,rciCause,rci,/classes/class[@source='gest.rci.RciLieu']/field[@source='mRciCause']
class-field,gest.rci.RciLieu,mIDFichCroquisLieu,idFichCroquisLieu,idFichCroquisLieu,Fich|Lieu,/classes/class[@source='gest.rci.RciLieu']/field[@source='mIDFichCroquisLieu']
class-field,gest.rci.RciLieu,mIDFichCroquisPoint,idFichCroquisPoint,idFichCroquisPoint,Fich,/classes/class[@source='gest.rci.RciLieu']/field[@source='mIDFichCroquisPoint']
class-field,gest.rci.RciLieu,mIDGraphCroquisLieu,idGraphCroquisLieu,idGraphCroquisLieu,Lieu,/classes/class[@source='gest.rci.RciLieu']/field[@source='mIDGraphCroquisLieu']
class-field,gest.rci.RciLieu,mIDLieuOrigine,idLieuOrigine,idLieuOrigine,Lieu,/classes/class[@source='gest.rci.RciLieu']/field[@source='mIDLieuOrigine']
class-field,gest.rci.RciLieu,mIDModeInflammation,idModeInflammation,idModeInflammation,Mode,/classes/class[@source='gest.rci.RciLieu']/field[@source='mIDModeInflammation']
class-field,gest.rci.RciLieu,mIDPremMatEnflamme,idPremMatEnflamme,idPremMatEnflamme,Prem|Mat,/classes/class[@source='gest.rci.RciLieu']/field[@source='mIDPremMatEnflamme']
class-field,gest.rci.RciRapportEnquete,mVectNIDPhotoFich,listeNIDPhotoFich,listeNidPhotoFich,NID|Fich,/classes/class[@source='gest.rci.RciRapportEnquete']/field[@source='mVectNIDPhotoFich']
class-field,gest.rci.RciRapportEnquete$NIDPhotoFich,iID,iID,iId,i,/classes/class[@source='gest.rci.RciRapportEnquete$NIDPhotoFich']/field[@source='iID']
class-field,gest.rci.Saisie,mDateSaisie,dateSaisie,dateSaisie,date,/classes/class[@source='gest.rci.Saisie']/field[@source='mDateSaisie']
class-field,gest.rci.Saisie,mLieu,lieu,lieu,lieu,/classes/class[@source='gest.rci.Saisie']/field[@source='mLieu']
class-field,gest.rci.Suivi,mContactCie,contactCie,contactCie,Cie,/classes/class[@source='gest.rci.Suivi']/field[@source='mContactCie']
class-field,gest.rci.Suivi,mContactNom,contactNom,contactNom,Nom,/classes/class[@source='gest.rci.Suivi']/field[@source='mContactNom']
class-field,gest.rci.Suivi,mDateSuivi,dateSuivi,dateSuivi,date,/classes/class[@source='gest.rci.Suivi']/field[@source='mDateSuivi']
class-field,gest.rci.Suivi,mType,type,type,type,/classes/class[@source='gest.rci.Suivi']/field[@source='mType']
class-field,gest.rci.Temoin,mDateNaiss,dateNaiss,dateNaiss,date,/classes/class[@source='gest.rci.Temoin']/field[@source='mDateNaiss']
class-field,gest.rci.Temoin,mLieuNarration,lieuNarration,lieuNarration,lieu,/classes/class[@source='gest.rci.Temoin']/field[@source='mLieuNarration']
class-field,gest.ressource.Ressource,mCell,cell,cell,cell,/classes/class[@source='gest.ressource.Ressource']/field[@source='mCell']
class-field,gest.ressource.Ressource,mCodeRAO,codeRAO,codeRao,code|RAO,/classes/class[@source='gest.ressource.Ressource']/field[@source='mCodeRAO']
class-field,gest.schema.ForceFrappe,mNomVille,nomVille,nomVille,nom,/classes/class[@source='gest.schema.ForceFrappe']/field[@source='mNomVille']
class-field,gest.schema.ForceFrappe,mTypeHoraire,typeHoraire,typeHoraire,type,/classes/class[@source='gest.schema.ForceFrappe']/field[@source='mTypeHoraire']
class-field,gest.secCiv.Alarme,mDateAlarme,dateAlarme,dateAlarme,date,/classes/class[@source='gest.secCiv.Alarme']/field[@source='mDateAlarme']
class-field,gest.secCiv.Alarme,mTypeDeclench,typeDeclench,typeDeclench,type,/classes/class[@source='gest.secCiv.Alarme']/field[@source='mTypeDeclench']
class-field,gest.secCiv.LogSinistre,mCP,cP,cP,c|P,/classes/class[@source='gest.secCiv.LogSinistre']/field[@source='mCP']
class-field,gest.secCiv.LogSinistre,mDate,date,date,date,/classes/class[@source='gest.secCiv.LogSinistre']/field[@source='mDate']
class-field,gest.secCiv.LogSinistre,mEtatVerif,etatVerif,etatVerif,etat,/classes/class[@source='gest.secCiv.LogSinistre']/field[@source='mEtatVerif']
class-field,gest.secCiv.LogSinistre,mIDNivAlerte,idNivAlerte,idNivAlerte,Niv,/classes/class[@source='gest.secCiv.LogSinistre']/field[@source='mIDNivAlerte']
class-field,gest.secCiv.LogSinistre,mIDPPI,idPPI,idPpi,PPI,/classes/class[@source='gest.secCiv.LogSinistre']/field[@source='mIDPPI']
class-field,gest.secCiv.LogSinistre,mIDRessSecCiv,idRessSecCiv,idRessSecCiv,Ress|Sec|Civ,/classes/class[@source='gest.secCiv.LogSinistre']/field[@source='mIDRessSecCiv']
class-field,gest.secCiv.NodeDocum,mNomRepertDocum,nomRepertDocum,nomRepertDocum,nom,/classes/class[@source='gest.secCiv.NodeDocum']/field[@source='mNomRepertDocum']
class-field,gest.secCiv.NodeDocum,mTypeNode,typeNode,typeNode,type|Node,/classes/class[@source='gest.secCiv.NodeDocum']/field[@source='mTypeNode']
class-field,gest.secCiv.ParamSecCiv,mHreEnvoiAutoNotif,hreEnvoiAutoNotif,hreEnvoiAutomatiqueNotif,hre,/classes/class[@source='gest.secCiv.ParamSecCiv']/field[@source='mHreEnvoiAutoNotif']
class-field,gest.secCiv.ParamSecCiv,mInclureInfosSSI,inclureInfosSSI,inclureInfosSsi,SSI,/classes/class[@source='gest.secCiv.ParamSecCiv']/field[@source='mInclureInfosSSI']
class-field,gest.secCiv.ParamSecCiv,mInclureNom,inclureNom,inclureNom,Nom,/classes/class[@source='gest.secCiv.ParamSecCiv']/field[@source='mInclureNom']
class-field,gest.secCiv.ParamSecCiv,mInclureRole,inclureRole,inclureRole,Role,/classes/class[@source='gest.secCiv.ParamSecCiv']/field[@source='mInclureRole']
class-field,gest.secCiv.ParamSecCiv,mVectNodeDocum,listeNodeDocum,listeNodeDocum,Node,/classes/class[@source='gest.secCiv.ParamSecCiv']/field[@source='mVectNodeDocum']
class-field,gest.secCiv.ParamSecCiv,mIDRessSecCiv,idRessSecCiv,idRessSecCiv,Ress|Sec|Civ,/classes/class[@source='gest.secCiv.ParamSecCiv']/field[@source='mIDRessSecCiv']
class-field,gest.secCiv.RessSecCiv,DernVerif,dernVerif,dernVerif,dern,/classes/class[@source='gest.secCiv.RessSecCiv']/field[@source='DernVerif']
class-field,gest.secCiv.RessSecCiv,mCell,cell,cell,cell,/classes/class[@source='gest.secCiv.RessSecCiv']/field[@source='mCell']
class-field,gest.secCiv.RessSecCiv,mLieu,lieu,lieu,lieu,/classes/class[@source='gest.secCiv.RessSecCiv']/field[@source='mLieu']
class-field,gest.secCiv.RessSecCiv,mPartageUtilisateurAvecEmploye,partageUtilisateurAvecEmploye,partageUtilisateurAvecEmploye,Avec,/classes/class[@source='gest.secCiv.RessSecCiv']/field[@source='mPartageUtilisateurAvecEmploye']
class-field,gest.secCiv.RessSecCiv,mPermettreSMSsurCell,permettreSMSsurCell,permettreSmSsurCell,SM|Ssur|Cell,/classes/class[@source='gest.secCiv.RessSecCiv']/field[@source='mPermettreSMSsurCell']
class-field,gest.secCiv.RessSecCiv,mRole,role,role,role,/classes/class[@source='gest.secCiv.RessSecCiv']/field[@source='mRole']
class-field,gest.secCiv.RessSecCiv,mVerifDateDebut,verifDateDebut,verifDateDebut,Date,/classes/class[@source='gest.secCiv.RessSecCiv']/field[@source='mVerifDateDebut']
class-field,gest.secCiv.RessSecCiv,mVerifMois,verifMois,verifMois,Mois,/classes/class[@source='gest.secCiv.RessSecCiv']/field[@source='mVerifMois']
class-field,gest.secCiv.RessSecCiv,mVerifTypeEnvoi,verifTypeEnvoi,verifTypeEnvoi,Type,/classes/class[@source='gest.secCiv.RessSecCiv']/field[@source='mVerifTypeEnvoi']
class-field,gest.secCiv.Sinistre,mEtatSituation,etatSituation,etatSituation,etat,/classes/class[@source='gest.secCiv.Sinistre']/field[@source='mEtatSituation']
class-field,gest.secCiv.Sinistre,mIDNivAlerte,idNivAlerte,idNivAlerte,Niv,/classes/class[@source='gest.secCiv.Sinistre']/field[@source='mIDNivAlerte']
class-field,gest.typeAnom.TypeAnom,mNbrJourDelai,nbrJourDelai,nombreJourDelai,Jour,/classes/class[@source='gest.typeAnom.TypeAnom']/field[@source='mNbrJourDelai']
class-field,gest.typeAnom.TypeAnom,mVectIDCodeRef,listeIDCodeRef,listeIdCodeReference,Code,/classes/class[@source='gest.typeAnom.TypeAnom']/field[@source='mVectIDCodeRef']
class-field,gest.typeAssistanceParticuliere.AssistanceParticuliere,mIDTypeAssistanceParticuliere,idTypeAssistanceParticuliere,idTypeAssistanceParticuliere,Type,/classes/class[@source='gest.typeAssistanceParticuliere.AssistanceParticuliere']/field[@source='mIDTypeAssistanceParticuliere']
class-field,gest.typeAssistanceParticuliere.TypeAssistanceParticuliere,mCodeRaoCAUCA,codeRaoCAUCA,codeRaoCauca,code|Rao,/classes/class[@source='gest.typeAssistanceParticuliere.TypeAssistanceParticuliere']/field[@source='mCodeRaoCAUCA']
class-field,gest.typeAssistanceParticuliere.TypeAssistanceParticuliere,mCodeRaoEmergensys,codeRaoEmergensys,codeRaoEmergensys,code|Rao,/classes/class[@source='gest.typeAssistanceParticuliere.TypeAssistanceParticuliere']/field[@source='mCodeRaoEmergensys']
class-field,gest.typeAssistanceParticuliere.TypeAssistanceParticuliere,mCodeRaoLPL,codeRaoLPL,codeRaoLpl,code|Rao|LPL,/classes/class[@source='gest.typeAssistanceParticuliere.TypeAssistanceParticuliere']/field[@source='mCodeRaoLPL']
class-field,gest.typeChauffage.TypeChauffage,mVectCodesSMI,listeCodesSMI,listeCodesSmi,SMI,/classes/class[@source='gest.typeChauffage.TypeChauffage']/field[@source='mVectCodesSMI']
class-field,gest.typeChauffage.TypeChauffage,mVectCodesSMICommercial,listeCodesSMICommercial,listeCodesSmiCommercial,SMI,/classes/class[@source='gest.typeChauffage.TypeChauffage']/field[@source='mVectCodesSMICommercial']
class-field,gest.typeCheminee.TypeCheminee,mVectCodesSMI,listeCodesSMI,listeCodesSmi,SMI,/classes/class[@source='gest.typeCheminee.TypeCheminee']/field[@source='mVectCodesSMI']
class-field,gest.typeCheminee.TypeCheminee,mVectCodesSMICommercial,listeCodesSMICommercial,listeCodesSmiCommercial,SMI,/classes/class[@source='gest.typeCheminee.TypeCheminee']/field[@source='mVectCodesSMICommercial']
class-field,gest.typePrev.TypePrev,mAffectePeriodiciteDossPrev,affectePeriodiciteDossPrev,affectePeriodiciteDossPrevision,Doss,/classes/class[@source='gest.typePrev.TypePrev']/field[@source='mAffectePeriodiciteDossPrev']
class-field,gest.typePrev.TypePrev,mEmissionAvis,emissionAvis,emissionAvis,Avis,/classes/class[@source='gest.typePrev.TypePrev']/field[@source='mEmissionAvis']
class-field,gest.typePrev.TypePrev,mFormElec,formElec,formElec,form|Elec,/classes/class[@source='gest.typePrev.TypePrev']/field[@source='mFormElec']
class-field,gest.typePrev.TypePrev,mFormPerso,formPerso,formPerso,form,/classes/class[@source='gest.typePrev.TypePrev']/field[@source='mFormPerso']
class-field,gest.typePrev.TypePrev,mFormWebUUID,formWebUUID,formWebUuid,form|Web|UUID,/classes/class[@source='gest.typePrev.TypePrev']/field[@source='mFormWebUUID']
class-field,gest.typePrev.TypePrev,mHshSurveyName,hshSurveyName,hshSurveyName,hsh|Name,/classes/class[@source='gest.typePrev.TypePrev']/field[@source='mHshSurveyName']
class-field,gest.typePrev.TypePrev,mImpressionPJAnomalies,impressionPJAnomalies,impressionPjAnomalies,PJ,/classes/class[@source='gest.typePrev.TypePrev']/field[@source='mImpressionPJAnomalies']
class-field,gest.typePrev.TypePrev,mNomFormWeb,nomFormWeb,nomFormWeb,nom|Form|Web,/classes/class[@source='gest.typePrev.TypePrev']/field[@source='mNomFormWeb']
class-field,gest.typePrev.TypePrev,mPermetCompleterEnLot,permettCompleterEnLot,permettCompleterEnLot,En|Lot,/classes/class[@source='gest.typePrev.TypePrev']/field[@source='mPermetCompleterEnLot']
class-field,gest.typePrev.TypePrev,mPermetFormWeb,permettFormWeb,permettFormWeb,Form|Web,/classes/class[@source='gest.typePrev.TypePrev']/field[@source='mPermetFormWeb']
class-field,gest.typePrev.TypePrev,mPermettreAjoutSurMobile,permettreAjoutSurMobile,permettreAjoutSurMobile,Sur,/classes/class[@source='gest.typePrev.TypePrev']/field[@source='mPermettreAjoutSurMobile']
class-field,gest.typePrev.TypePrev,mPermettreAvisMultiPrev,permettreAvisMultiPrev,permettreAvisMultiPrevision,Avis,/classes/class[@source='gest.typePrev.TypePrev']/field[@source='mPermettreAvisMultiPrev']
class-field,gest.typePrev.TypePrev,mPrevAvis,prevAvis,previsionAvis,Avis,/classes/class[@source='gest.typePrev.TypePrev']/field[@source='mPrevAvis']
class-field,gest.typePrev.TypePrev,mPrevForm,prevForm,previsionForm,Form,/classes/class[@source='gest.typePrev.TypePrev']/field[@source='mPrevForm']
class-field,gest.typePrev.TypePrev,mSuivreDateDernPrevDansDossPrev,suivreDateDernPrevDansDossPrev,suivreDateDernPrevisionDansDossPrevision,Date|Dern|Dans|Doss,/classes/class[@source='gest.typePrev.TypePrev']/field[@source='mSuivreDateDernPrevDansDossPrev']
class-field,gest.typePrev.TypePrev,mSurveyWebUUID,surveyWebUUID,surveyWebUuid,Web|UUID,/classes/class[@source='gest.typePrev.TypePrev']/field[@source='mSurveyWebUUID']
class-field,gest.typePrev.TypePrev,mTousTypeAnom,tousTypeAnom,tousTypeAnom,tous|Type|Anom,/classes/class[@source='gest.typePrev.TypePrev']/field[@source='mTousTypeAnom']
class-field,gest.typePrev.TypePrev,mUtiliseFormElec,utiliseFormElec,utiliseFormElec,Form|Elec,/classes/class[@source='gest.typePrev.TypePrev']/field[@source='mUtiliseFormElec']
class-field,gest.typePrev.TypePrev,mVectIDTypeAnom,listeIdTypeAnom,listeIdTypeAnom,Type|Anom,/classes/class[@source='gest.typePrev.TypePrev']/field[@source='mVectIDTypeAnom']
class-field,gest.typePrev.TypePrev,mVectTypeAnom,listeTypeAnom,listeTypeAnom,Type|Anom,/classes/class[@source='gest.typePrev.TypePrev']/field[@source='mVectTypeAnom']
class-field,gest.typePrev.TypePrev,mVectTypeChampPerso,listeTypeChampPerso,listeTypeChampPerso,Type,/classes/class[@source='gest.typePrev.TypePrev']/field[@source='mVectTypeChampPerso']
class-field,gest.typePrev.TypePrev,mVectAssocExtraDataCP,listeAssocExtraDataCP,listeAssociationExtraDataCodePostal,Data,/classes/class[@source='gest.typePrev.TypePrev']/field[@source='mVectAssocExtraDataCP']
class-field,gest.utilGroupe.DroitAcces,mFiltreDossPrev,filtreDossPrev,filtreDossPrevision,Doss,/classes/class[@source='gest.utilGroupe.DroitAcces']/field[@source='mFiltreDossPrev']
class-field,gest.utilGroupe.DroitAcces,mSetDroits,setDroits,setDroits,set,/classes/class[@source='gest.utilGroupe.DroitAcces']/field[@source='mSetDroits']
class-field,gest.utilGroupe.Utilisateur,mCodeUtil,codeUtil,codeUtil,code|Util,/classes/class[@source='gest.utilGroupe.Utilisateur']/field[@source='mCodeUtil']
class-field,gest.utilGroupe.Utilisateur,mCodeUtilDSI2003,codeUtilDSI2003,codeUtilDsi2003,code|Util|DSI|2003,/classes/class[@source='gest.utilGroupe.Utilisateur']/field[@source='mCodeUtilDSI2003']
class-field,gest.utilGroupe.Utilisateur,mEtat,etat,etat,etat,/classes/class[@source='gest.utilGroupe.Utilisateur']/field[@source='mEtat']
class-field,gest.utilGroupe.Utilisateur,mMotPasse,motPasse,motPasse,mot,/classes/class[@source='gest.utilGroupe.Utilisateur']/field[@source='mMotPasse']
class-field,gest.utilGroupe.Utilisateur,mMotPasseDSI2003,motPasseDSI2003,motPasseDsi2003,mot|DSI|2003,/classes/class[@source='gest.utilGroupe.Utilisateur']/field[@source='mMotPasseDSI2003']
class-field,gest.utilGroupe.Utilisateur,mTypeLicence,typeLicence,typeLicence,type,/classes/class[@source='gest.utilGroupe.Utilisateur']/field[@source='mTypeLicence']
class-field,gest.utilGroupe.Utilisateur,mUtilCarto,utilCarto,utilCarto,util,/classes/class[@source='gest.utilGroupe.Utilisateur']/field[@source='mUtilCarto']
class-field,gest.utilGroupe.Utilisateur,mVectIDSSSI,listeIdsSSI,listeIdsSsi,SSI,/classes/class[@source='gest.utilGroupe.Utilisateur']/field[@source='mVectIDSSSI']
class-field,gest.utilGroupe.Utilisateur,mVectLicConcur,listeLicConcur,listeLicConcur,Lic,/classes/class[@source='gest.utilGroupe.Utilisateur']/field[@source='mVectLicConcur']
class-field,gest.vehicule.Vehicule,mCodeRAO,codeRAO,codeRao,code|RAO,/classes/class[@source='gest.vehicule.Vehicule']/field[@source='mCodeRAO']
class-field,gest.vehicule.Vehicule,mVectPer,listePer,listePer,Per,/classes/class[@source='gest.vehicule.Vehicule']/field[@source='mVectPer']
class-field,gest.vehicule.Vehicule,mVehiculePR,vehiculePR,vehiculePr,PR,/classes/class[@source='gest.vehicule.Vehicule']/field[@source='mVehiculePR']
class-field,java.awt.Color,cs,cs,cs,cs,/classes/class[@source='java.awt.Color']/field[@source='cs']
class-field,java.awt.color.ColorSpace,type,type,type,type,/classes/class[@source='java.awt.color.ColorSpace']/field[@source='type']
class-field,java.lang.Class,com.db4o.config.TClass,TClass,tClass,T,/classes/class[@source='java.lang.Class']/field[@source='com.db4o.config.TClass']
class-field,java.util.AbstractCollection,com.db4o.config.TCollection,TCollection,tCollection,T,/classes/class[@source='java.util.AbstractCollection']/field[@source='com.db4o.config.TCollection']
class-field,java.util.AbstractList,com.db4o.config.TNull,TNull,tNull,T|Null,/classes/class[@source='java.util.AbstractList']/field[@source='com.db4o.config.TNull']
class-field,java.util.AbstractSet,com.db4o.config.TNull,TNull,tNull,T|Null,/classes/class[@source='java.util.AbstractSet']/field[@source='com.db4o.config.TNull']
class-field,java.util.HashSet,com.db4o.config.TNull,TNull,tNull,T|Null,/classes/class[@source='java.util.HashSet']/field[@source='com.db4o.config.TNull']
class-field,java.util.Hashtable,com.db4o.config.THashtable,THashtable,tHashtable,T,/classes/class[@source='java.util.Hashtable']/field[@source='com.db4o.config.THashtable']
class-field,java.util.UUID,leastSigBits,leastSigBits,leastSigBits,Sig|Bits,/classes/class[@source='java.util.UUID']/field[@source='leastSigBits']
class-field,java.util.UUID,mostSigBits,mostSigBits,mostSigBits,most|Sig|Bits,/classes/class[@source='java.util.UUID']/field[@source='mostSigBits']
class-field,java.util.Vector,com.db4o.config.TNull,TNull,tNull,T|Null,/classes/class[@source='java.util.Vector']/field[@source='com.db4o.config.TNull']
class-field,gest.borne.MaintBorne,mIDBorne,mIDBorne,mIdBorne,m,/classes/class[@source='gest.borne.MaintBorne']/field[@source='mIDBorne']
class-field,gest.borne.MaintBorne,mDateActivite,mDateActivite,mDateActivite,m|Date,/classes/class[@source='gest.borne.MaintBorne']/field[@source='mDateActivite']
class-field,gest.borne.MaintBorne,mDateCreation,mDateCreation,mDateCreation,m|Date,/classes/class[@source='gest.borne.MaintBorne']/field[@source='mDateCreation']
class-field,gest.borne.MaintBorne,mIDTypeMaint,mIDTypeMaint,mIdTypeMaint,m|Type,/classes/class[@source='gest.borne.MaintBorne']/field[@source='mIDTypeMaint']
class-field,gest.borne.MaintBorne,mCoutMaint,mCoutMaint,mCoutMaint,m|Cout,/classes/class[@source='gest.borne.MaintBorne']/field[@source='mCoutMaint']
class-field,gest.borne.MaintBorne,mRefComptable,mRefComptable,mReferenceComptable,m,/classes/class[@source='gest.borne.MaintBorne']/field[@source='mRefComptable']
class-field,gest.borne.MaintBorne,mVectAnom,mVectAnom,mVectAnom,m|Vect|Anom,/classes/class[@source='gest.borne.MaintBorne']/field[@source='mVectAnom']
class-field,gest.borne.MaintBorne,mTestDebit,mTestDebit,mTestDebit,m|Test,/classes/class[@source='gest.borne.MaintBorne']/field[@source='mTestDebit']
class-field,gest.borne.MaintBorne,mCalcDebit,mCalcDebit,mCalcDebit,m|Calc,/classes/class[@source='gest.borne.MaintBorne']/field[@source='mCalcDebit']
class-field,gest.borne.MaintBorne,mCorrection,mCorrection,mCorrection,m,/classes/class[@source='gest.borne.MaintBorne']/field[@source='mCorrection']
class-field,gest.borne.MaintBorne,mIDAnomBorne,mIDAnomBorne,mIdAnomBorne,m|Anom,/classes/class[@source='gest.borne.MaintBorne']/field[@source='mIDAnomBorne']
class-field,gest.borne.MaintBorne,mPriorite,mPriorite,mPriorite,m,/classes/class[@source='gest.borne.MaintBorne']/field[@source='mPriorite']
class-field,gest.borne.MaintBorne,mNoteAnom,mNoteAnom,mNoteAnom,m|Note|Anom,/classes/class[@source='gest.borne.MaintBorne']/field[@source='mNoteAnom']
class-field,gest.borne.MaintBorne,mProvenance,mProvenance,mProvenance,m,/classes/class[@source='gest.borne.MaintBorne']/field[@source='mProvenance']
class-field,gest.borne.MaintBorne,mVectMaintBornePiece,mVectMaintBornePiece,mVectMaintBornePiece,m|Vect,/classes/class[@source='gest.borne.MaintBorne']/field[@source='mVectMaintBornePiece']
class-field,gest.borne.MaintBorne,mVectHistoActivite,mVectHistoActivite,mVectHistoActivite,m|Vect,/classes/class[@source='gest.borne.MaintBorne']/field[@source='mVectHistoActivite']
class-field,gest.borne.MaintBorne,mVectInfoHistoEmploye,mVectInfoHistoEmploye,mVectInformationHistoEmploye,m|Vect,/classes/class[@source='gest.borne.MaintBorne']/field[@source='mVectInfoHistoEmploye']
class-field,gest.borne.MaintBorne,mNumActivite,mNumActivite,mNumeroActivite,m,/classes/class[@source='gest.borne.MaintBorne']/field[@source='mNumActivite']
class-field,gest.borne.MaintBorne,mIdentJour,mIdentJour,mIdentJour,m|Jour,/classes/class[@source='gest.borne.MaintBorne']/field[@source='mIdentJour']
class-field,gest.borne.MaintBorne,mDateIdent,mDateIdent,mDateIdent,m|Date,/classes/class[@source='gest.borne.MaintBorne']/field[@source='mDateIdent']
class-field,gest.borne.MaintBorne,mDateCompletee,mDateCompletee,mDateCompletee,m|Date,/classes/class[@source='gest.borne.MaintBorne']/field[@source='mDateCompletee']
class-field,gest.borne.MaintBorne,mStatut,mStatut,mStatut,m,/classes/class[@source='gest.borne.MaintBorne']/field[@source='mStatut']
class-field,gest.borne.MaintBorne,mIDAuteur,mIDAuteur,mIdAuteur,m,/classes/class[@source='gest.borne.MaintBorne']/field[@source='mIDAuteur']
class-field,gest.borne.MaintBorne,mIDResponsable,mIDResponsable,mIdResponsable,m,/classes/class[@source='gest.borne.MaintBorne']/field[@source='mIDResponsable']
class-field,gest.borne.MaintBorne,mIDAssigneA,mIDAssigneA,mIdAssigneA,m|A,/classes/class[@source='gest.borne.MaintBorne']/field[@source='mIDAssigneA']
class-field,gest.borne.MaintBorne,mVectEtape,mVectEtape,mVectEtape,m|Vect,/classes/class[@source='gest.borne.MaintBorne']/field[@source='mVectEtape']
class-field,gest.equipement.EquipConsom,mCoutAcquisition,coutAcquisition,coutAcquisition,cout,/classes/class[@source='gest.equipement.EquipConsom']/field[@source='mCoutAcquisition']
class-field,gest.equipement.EquipConsom,mIDTypeEquipement,idTypeEquipement,idTypeEquipement,Type,/classes/class[@source='gest.equipement.EquipConsom']/field[@source='mIDTypeEquipement']
class-field,gest.formation.FormMateriel,mIDTypeEquipement,idTypeEquipement,idTypeEquipement,Type,/classes/class[@source='gest.formation.FormMateriel']/field[@source='mIDTypeEquipement']
class-field,gest.gen.IntervalleInt,mValDe,valeurDe,valeurDe,De,/classes/class[@source='gest.gen.IntervalleInt']/field[@source='mValDe']
class-field,gest.gen.IntervalleInt,mValA,valeurA,valeurA,A,/classes/class[@source='gest.gen.IntervalleInt']/field[@source='mValA']
class-field,gest.horaire.CritereAttribDispo,mTousTypeActiv,tousTypeActivite,tousTypeActivite,tous|Type,/classes/class[@source='gest.horaire.CritereAttribDispo']/field[@source='mTousTypeActiv']
class-field,gest.horaire.CritereAttribDispo,mVectIDTypeActiv,listeIDTypeActivite,listeIdTypeActivite,Type,/classes/class[@source='gest.horaire.CritereAttribDispo']/field[@source='mVectIDTypeActiv']
class-field,gest.horaire.CritereAttribDispo,mPrioriteAuMin,prioriteAuMin,prioriteAuMinimum,Au,/classes/class[@source='gest.horaire.CritereAttribDispo']/field[@source='mPrioriteAuMin']
class-field,gest.horaire.CritereAttribDispo,mCalculHeuresHorCourant,calculHeuresHorCourant,calculHeuresHorCourant,Hor,/classes/class[@source='gest.horaire.CritereAttribDispo']/field[@source='mCalculHeuresHorCourant']
class-field,gest.horaire.EmplReserv,mTypeAttrib,typeAttribution,typeAttribution,type,/classes/class[@source='gest.horaire.EmplReserv']/field[@source='mTypeAttrib']
class-field,gest.horaire.GroupeRondeSelection,mTypeSelection,typeSelection,typeSelection,type,/classes/class[@source='gest.horaire.GroupeRondeSelection']/field[@source='mTypeSelection']
class-field,gest.horaire.GroupeRondeSelection,mDispoSensRonde,dispoSensRonde,disponibleSensRonde,Sens,/classes/class[@source='gest.horaire.GroupeRondeSelection']/field[@source='mDispoSensRonde']
class-field,gest.horaire.HorRestrictEmploye,mNbrHreReservToutHoraire,nombreHeuresReservationToutHoraire,nombreHeuresReservationToutHoraire,Tout,/classes/class[@source='gest.horaire.HorRestrictEmploye']/field[@source='mNbrHreReservToutHoraire']
class-field,gest.horaire.HorRestrictEmploye,mVectIDModeleHorQuart,listeIDModeleHorQuart,listeIdModeleHorQuart,Hor,/classes/class[@source='gest.horaire.HorRestrictEmploye']/field[@source='mVectIDModeleHorQuart']
class-field,gest.horaire.HorRestrictEmploye,mTypeLimite,typeLimite,typeLimite,type,/classes/class[@source='gest.horaire.HorRestrictEmploye']/field[@source='mTypeLimite']
class-field,gest.horaire.HorRestrictQuart,mTypeLimite,typeLimite,typeLimite,type,/classes/class[@source='gest.horaire.HorRestrictQuart']/field[@source='mTypeLimite']
class-field,gest.horaire.Horaire$NCalcVectQuartAttribRetValues,iVectTmpHorQuart,listeTmpHorQuart,listeTemporaireHorQuart,Hor,/classes/class[@source='gest.horaire.Horaire$NCalcVectQuartAttribRetValues']/field[@source='iVectTmpHorQuart']
class-field,gest.horaire.PreHorQuart,mIDModeleHorQuart,idModeleHorQuart,idModeleHorQuart,Hor,/classes/class[@source='gest.horaire.PreHorQuart']/field[@source='mIDModeleHorQuart']
class-field,gest.horaire.PreHorQuart,mVectHorRestrict,listeHorRestrict,listeHorRestrict,Hor,/classes/class[@source='gest.horaire.PreHorQuart']/field[@source='mVectHorRestrict']
class-field,gest.horaire.PreHorQuart,mHshTempsHorPrec,hshTempsHorPrec,hshTempsHorPrec,hsh|Hor|Prec,/classes/class[@source='gest.horaire.PreHorQuart']/field[@source='mHshTempsHorPrec']
class-field,gest.horaire.PreHorQuart,mVectIDEmplAttrib,listeIDEmplAttrib,listeIdEmplAttrib,Empl,/classes/class[@source='gest.horaire.PreHorQuart']/field[@source='mVectIDEmplAttrib']
class-field,gest.horaire.PreHorQuart,mIDTypeActiviteProf,idTypeActiviteProf,idTypeActiviteProf,Type|Prof,/classes/class[@source='gest.horaire.PreHorQuart']/field[@source='mIDTypeActiviteProf']
class-field,gest.horaire.RondeReserv,mNbrMaxParRonde,nombreMaximumParRonde,nombreMaximumParRonde,Par,/classes/class[@source='gest.horaire.RondeReserv']/field[@source='mNbrMaxParRonde']
class-field,gest.prevention.Report,mDate,date,date,date,/classes/class[@source='gest.prevention.Report']/field[@source='mDate']
class-field,gest.prevention.Report,mNote,note,note,note,/classes/class[@source='gest.prevention.Report']/field[@source='mNote']
class-field,gest.prevention.Report,mDateReport,dateReport,dateReport,date,/classes/class[@source='gest.prevention.Report']/field[@source='mDateReport']
class-field,gest.rci.Disjoncteur$NFusible,iNom,nom,nom,nom,/classes/class[@source='gest.rci.Disjoncteur$NFusible']/field[@source='iNom']
class-field,gest.rci.Fait,mFait,fait,fait,fait,/classes/class[@source='gest.rci.Fait']/field[@source='mFait']
class-field,gest.rci.VehImplique,mRetrouvePar,retrouvePar,retrouvePar,Par,/classes/class[@source='gest.rci.VehImplique']/field[@source='mRetrouvePar']
class-field,gest.rci.VehImplique,mRetrouveLieu,retrouveLieu,retrouveLieu,Lieu,/classes/class[@source='gest.rci.VehImplique']/field[@source='mRetrouveLieu']
class-field,gest.rci.VehImplique,mRetrouveParAdresse,retrouveParAdresse,retrouveParAdresse,Par,/classes/class[@source='gest.rci.VehImplique']/field[@source='mRetrouveParAdresse']
class-field,gest.rci.VehImplique,mVectCarrosserie,listeCarr,listeCarr,Carr,/classes/class[@source='gest.rci.VehImplique']/field[@source='mVectCarrosserie']
class-field,gest.rci.VehImplique,mVectIntPiece,listeIntPiece,listeIntPiece,Int,/classes/class[@source='gest.rci.VehImplique']/field[@source='mVectIntPiece']
class-field,gest.rci.VehImplique,mVectPneu,listePneu,listePneu,Pneu,/classes/class[@source='gest.rci.VehImplique']/field[@source='mVectPneu']
class-field,gest.secCiv.MesurePrev,mEtatDoc,etatDoc,etatDocument,etat,/classes/class[@source='gest.secCiv.MesurePrev']/field[@source='mEtatDoc']
class-field,gest.secCiv.MesurePrev,mVectDroitAccesRessSecCiv,listeDroitAccesRessSecCiv,listeDroitAccesRessSecCiv,Ress|Sec|Civ,/classes/class[@source='gest.secCiv.MesurePrev']/field[@source='mVectDroitAccesRessSecCiv']
class-field,gest.secCiv.Mission,mEtatDoc,etatDoc,etatDocument,etat,/classes/class[@source='gest.secCiv.Mission']/field[@source='mEtatDoc']
class-field,gest.secCiv.Mission,mVectDroitAccesRessSecCiv,listeDroitAccesRessSecCiv,listeDroitAccesRessSecCiv,Ress|Sec|Civ,/classes/class[@source='gest.secCiv.Mission']/field[@source='mVectDroitAccesRessSecCiv']
class-field,gest.secCiv.Mission,mHashResponsabilite,hashResponsabilite,hashResponsabilite,hash,/classes/class[@source='gest.secCiv.Mission']/field[@source='mHashResponsabilite']
class-field,gest.secCiv.Objectif,mVectIDNivAlerte,listeIDNivAlerte,listeIdNivAlerte,Niv,/classes/class[@source='gest.secCiv.Objectif']/field[@source='mVectIDNivAlerte']
class-field,gest.secCiv.OutilExterne,mTypeOutil,typeOutil,typeOutil,type,/classes/class[@source='gest.secCiv.OutilExterne']/field[@source='mTypeOutil']
class-field,gest.secCiv.PPI,mVectNMission,listeNMission,listeNMission,N,/classes/class[@source='gest.secCiv.PPI']/field[@source='mVectNMission']
class-field,gest.secCiv.PPI,mEtatDoc,etatDoc,etatDocument,etat,/classes/class[@source='gest.secCiv.PPI']/field[@source='mEtatDoc']
class-field,gest.secCiv.PPI,mVectIDDossPrev,listeIDDossPrev,listeIdDossPrevision,Doss,/classes/class[@source='gest.secCiv.PPI']/field[@source='mVectIDDossPrev']
class-field,gest.secCiv.PPI,mVectDroitAccesRessSecCiv,listeDroitAccesRessSecCiv,listeDroitAccesRessSecCiv,Ress|Sec|Civ,/classes/class[@source='gest.secCiv.PPI']/field[@source='mVectDroitAccesRessSecCiv']
class-field,gest.secCiv.PPI$NMission,iIDMission,iIDMission,iIdMission,i,/classes/class[@source='gest.secCiv.PPI$NMission']/field[@source='iIDMission']
class-field,gest.secCiv.PPI$NMission,iVisible,iVisible,iVisible,i,/classes/class[@source='gest.secCiv.PPI$NMission']/field[@source='iVisible']
class-field,gest.secCiv.PPI$NMission,iTexte,iTexte,iTexte,i,/classes/class[@source='gest.secCiv.PPI$NMission']/field[@source='iTexte']
class-field,gest.secCiv.PPI$NMission,iVectObjectif,iVectObjectif,iVectObjectif,i|Vect,/classes/class[@source='gest.secCiv.PPI$NMission']/field[@source='iVectObjectif']
class-field,gest.secCiv.Risque,mEtatDoc,etatDoc,etatDocument,etat,/classes/class[@source='gest.secCiv.Risque']/field[@source='mEtatDoc']
class-field,gest.secCiv.Risque,mVectDroitAccesRessSecCiv,listeDroitAccesRessSecCiv,listeDroitAccesRessSecCiv,Ress|Sec|Civ,/classes/class[@source='gest.secCiv.Risque']/field[@source='mVectDroitAccesRessSecCiv']
class-field,gest.secCiv.Verif,mVectTypeChampPerso,listeTypeChampPerso,listeTypeChampPerso,Type,/classes/class[@source='gest.secCiv.Verif']/field[@source='mVectTypeChampPerso']
class-field,gest.typePrev.TypePrev$NSignature,iNomSignature,nomSignature,nomSignature,nom,/classes/class[@source='gest.typePrev.TypePrev$NSignature']/field[@source='iNomSignature']
class-field,gest.veh.VehMec,mEtat,etat,etat,etat,/classes/class[@source='gest.veh.VehMec']/field[@source='mEtat']
class-field,gest.veh.VehPlancher,mEtat,etat,etat,etat,/classes/class[@source='gest.veh.VehPlancher']/field[@source='mEtat']
class-field,gest.veh.VehPneu,mTypePneu,typePneu,typePneu,type|Pneu,/classes/class[@source='gest.veh.VehPneu']/field[@source='mTypePneu']
class-field,gest.veh.VehPneu,mTypeRoue,typeRoue,typeRoue,type|Roue,/classes/class[@source='gest.veh.VehPneu']/field[@source='mTypeRoue']
