class_source,source_name,current_destination_name,suggested_destination_name,destination_variants_count,usage_count,status,notes
gest.veh.VehPneu,mAbsent,absent,absent,1,1,,
gest.consolide.ParamSSI,mAccesMultiTous,accesMultiTous,accesMultiTous,1,1,,
gest.planInterv.PlanAcces,mAccesPrincipal,accesPrincipal,accesPrincipal,1,1,,
gest.borne.Borne,mAccessibleHiver,accessibleHiver,accessibleHiver,1,1,,
gest.gen.InfosAuthAurora,mAccessToken,accessToken,jetonAcces,1,1,,
gest.gen.InfosAuthAurora,mAccessTokenExpiration,accessTokenExpiration,jetonAccesExpiration,1,1,,
gest.intervention.IntervVehAccident,mAccidentSurvenu,accidentSurvenu,accidentSurvenu,1,1,,
gest.rci.Accumul,mAccumul,accumulation,accumulation,1,1,,
gest.employe.Employe,mUtilisateur,aCompteUtilisateur,aCompteUtilisateur,1,1,,
[shared],mActif,actif,actif,1,1,,
gest.activite.ActionCondition | gest.histo.Histo | gest.secCiv.LogSinistre,mAction,action,action,1,3,,
gest.maintEquip.MaintEquipHisto,mActionDeplConsom,actionDeplConsom,actionDeplConsommable,1,1,,?
gest.config.ParamBackup | gest.feuilleTemps.ParamFeuilleTemps,mActiver,activer,activer,1,2,,
gest.dossPrev.ParamDossPrev | gest.gen.ParamExportDonnees,mActiverExport,activerExport,activerExport,1,2,,
gest.formation.TypeActivFormation,mActiviteEtudiant,activiteEtudiant,activiteEtudiant,1,1,,
gest.config.ParamCalendrier,mActivitesSimultaneesLayout,activitesSimultaneesLayout,activitesSimultaneesDisposition,1,1,,
gest.intervention.ParamIntervention,mAddCompteRenduFirstRapportOnly,addCompteRenduFirstRapportOnly,ajouterCompteRenduPremierRapportSeulement,1,1,,
gest.intervention.FournSAAQ,mAdrDepart,adrDepart,adresseDepart,1,1,,
gest.intervention.FournSAAQ,mAdrDepartDiffFourn,adrDepartDiffFourn,adresseDepartDifferentFournisseur,1,1,,
[shared],mAdresse,adresse,adresse,1,1,,
gest.intervention.IntervRepondant,mAdresseDifferente,adresseDifferente,adresseDifferente,1,1,,
gest.licence.Licence,mAdresseFact,adresseFact,adresseFacturation,1,1,,
gest.rci.Saisie,mAdressePersSaisie,adressePersSaisie,adressePersonneSaisie,1,1,,
gest.intervention.ParamViewer,mAdresseRAO,adresseRAO,adresseRAO,1,1,,
gest.cauca.ParamCauca,mAdresseServ,adresseServ,adresseServeur,1,1,,
gest.cartographie.ParamServeurCartographie,mAdresseServeur,adresseServeur,adresseServeur,1,1,,
gest.intervention.FournSAAQ,mAdrFourn,adrFourn,adresseFournisseur,1,1,,
gest.intervention.FournSAAQ,mAdrFournDiffService,adrFournDiffService,adresseFournisseurDifferentService,1,1,,
gest.intervention.ParamIntervDSI2003,mAffArronConformesSeulementDansDSI,affArronConformesSeulementDansDSI,affArronConformesSeulementDansDsi,1,1,,
gest.intervention.ParamIntervDSI2003 | gest.intervention.ParamIntervention,mAffArronDansDSI,affArronDansDSI,affArronDansDsi,1,2,,
gest.feuilleTemps.ParamFeuilleTemps,mAffectationTravail,affectationTravail,affectationTravail,1,1,,
gest.borne.BorneIncendie,mAffecteNappe,affecteNappe,affecteNappe,1,1,,
gest.typePrev.TypePrev,mAffectePeriodiciteDossPrev,affectePeriodiciteDossPrev,affectePeriodiciteDossierPrevision,1,1,,
gest.employe.EmployeTaux,mAffectionTravail,affectionTravail,affectionTravail,1,1,,
gest.rci.ParamRci,mAfficherNumeroPiece,afficherNumeroPiece,afficherNumeroPiece,1,1,,
gest.gen.Adresse,mAfficherSuite,afficherSuite,afficherSuite,1,1,,
gest.intervention.IntervVictimeDetail,mAge,age,age,1,1,,
gest.dossPrev.DossPrev,mAireAuSol,aireAuSol,aireAuSol,1,1,,
gest.intervention.ParamIntervention,mAjoutSeparateur,ajoutSeparateur,ajoutSeparateur,1,1,,
gest.secCiv.LogSinistre,mAlarme,alarme,alarme,1,1,,
gest.config.ParamConfigGeneral,mAlerteOnJMSTrouble,alerteOnJMSTrouble,alerteSurTroubleJms,1,1,,
gest.intervention.IntervCauseIncendie,mAmpleurDesc,ampleurDesc,ampleurDescription,1,1,,
gest.intervention.IntervCauseIncendie,mAmpleurIncendie,ampleurIncendie,ampleurIncendie,1,1,,
gest.rci.RciAnalyse,mAmpleurIncendieDetail,ampleurIncendieDetail,ampleurIncendieDetail,1,1,,
gest.plageHoraire.PlageHoraire,mAnnee,annee,annee,1,1,,
gest.dossPrev.DossPrev,mAnneeConstruction,anneeConstruction,anneeConstruction,1,1,,
gest.dossPrev.DossPrev,mAnneeDernRenov,anneeDerniereRenovation,anneeDerniereRenovation,1,1,,
gest.dossPrev.Chauffage,mAnneeFab,anneeFab,anneeFabrication,1,1,,
gest.intervention.IntervSourceChaleur,mAnneeFabrication,anneeFabrication,anneeFabrication,1,1,,
gest.maintEquip.MaintEquipHisto,mAnnexesConsultes,annexesConsultes,annexesConsultes,1,1,,
gest.intervention.IntervChronologie,mAnnule,annule,annule,1,1,,
gest.rci.LocInapprop,mAppareil,appareil,appareil,1,1,,
gest.rci.LocInapprop,mAppareilIncomplet,appareilIncomplet,appareilIncomplet,1,1,,
gest.gen.Adresse,mAppart,appart,appart,1,1,,
gest.intervention.IntervChronologie,mAppel,appel,appel,1,1,,
gest.planInterv.PlanAlimEau,mArrayDebitsUnit,arrayDebitsUnit,listeDebitsUnites,1,1,,
gest.rci.Expertise,mArrive,arrive,arrive,1,1,,
gest.rci.Constat,mArrivee,arrivee,arrivee,1,1,,
gest.intervention.IntervChronologie,mArriveeForceFrappe,arriveeForceFrappe,arriveeForceFrappe,1,1,,
gest.intervention.IntervChronologie,mArriveePremVehicule,arriveePremVehicule,arriveePremVehicule,1,1,,
gest.gen.Lieu | gest.schema.ForceFrappe,mArrond,arrond | arrondissement,arrondissement,2,2,,
gest.intervention.ParamIntervention,mArrondirSecondes,arrondirSecondes,arrondirSecondes,1,1,,
gest.gen.Adresse,mArrondissement,arrondissement,arrondissement,1,1,,
gest.planInterv.PlanConst,mAscCommEmpl,ascCommEmpl,ascCommEmpl,1,1,,?
gest.planInterv.PlanConst,mAscEmpl,ascEmpl,ascEmpl,1,1,,?
gest.planInterv.PlanConst,mAscMecEmpl,ascMecEmpl,ascMecEmpl,1,1,,?
gest.planInterv.PlanConst,mAscMecEmplCle,ascMecEmplCle,ascMecEmplCle,1,1,,?
gest.planInterv.PlanConst,mAscNbr,ascNbr,ascNombre,1,1,,?
gest.planInterv.PlanConst,mAscZoneDesservTotal,ascZoneDesservTotal,ascZoneDesservTotal,1,1,,?
gest.planInterv.PlanConst,mAscZonePrec,ascZonePrec,ascZonePrec,1,1,,?
gest.intervention.SuiviIntervention,mAspectAClarifier,aspectAClarifier,aspectAClarifier,1,1,,
gest.intervention.IntervVehicule,mAssAdresse,assAdresse,assAdresse,1,1,,?
gest.dossPrev.PersonneRess,mAssistanceParticuliere,assistanceParticuliere,assistanceParticuliere,1,1,,
gest.intervention.IntervVehicule,mAssNom,assNom,assNom,1,1,,?
gest.intervention.IntervVehicule,mAssNumPolice,assNumPolice,assNumeroPolice,1,1,,?
gest.dossPrev.DossPrev | gest.dossPrev.DossPrevSuppr,mAssoc,association | associationBatiment,associationBatiment,2,2,,
gest.intervention.Intervention,mAssocieDossierPrev,associeDossierPrev,associeDossierPrevision,1,1,,
gest.formElec.ParamFigureSaisie,mAssocSectCond,assocSectCond,associationSectionConditionnelle,1,1,,
gest.horaire.ModeleHorQuart,mATousLesPer,aTousLesPer,aTousLesPer,1,1,,?
gest.intervention.ParamIntervention | gest.planInterv.ParamPlanInterv,mAutoCompleteOnglets,autoCompleteOnglets,automatiqueCompleteOnglets,1,2,,
gest.rapport.Rapport,mAutoPrint,autoPrint,impressionAutomatique,1,1,,
gest.planInterv.PlanContact,mAutreAdresse,autreAdresse,autreAdresse,1,1,,
gest.dossPrev.PersonneRess,mAutreAdresseQueDossier,autreAdresseQueDossier,autreAdresseQueDossier,1,1,,
gest.activite.TypeActivite,mAutreCodeGain,autreCodeGain,autreCodeGain,1,1,,
gest.planInterv.PlanExposition,mAutrePreoc,autrePreoc,autrePreoccupation,1,1,,
gest.horaire.Horaire$NCalcVectQuartAttribRetValues,iAvertissement,avertissement,avertissement,1,1,,
gest.intervention.IntervPrevention,mAvisEmis,avisEmis,avisEmis,1,1,,
gest.prevention.Prevention,mAvisEmission,avisEmission,avisEmission,1,1,,
gest.horaire.ModeleHorQuart,mBasculerQuartHorairePerpet,basculerQuartHorairePerpet,basculerQuartHorairePerpetuel,1,1,,
gest.licence.Licence,mBloque,bloque,bloque,1,1,,
gest.borne.BorneSeche,mBouchDiam,bouchonDiametre,bouchonDiametre,1,1,,
gest.intervention.SuiviIntervention,mBudget,budget,budget,1,1,,
gest.gen.IDEntite,mBypassValidIDSSISiTous,bypassValidIDSSISiTous,ignorerValiderIDSSISiTous,1,1,,
gest.intervention.CarteAppel,mByteXML,byteXML,byteXml,1,1,,
gest.planInterv.ColonneMontante,mCageEscalier,cageEscalier,cageEscalier,1,1,,
gest.equipement.PeriodiciteEquip,mCalcProchPerSurDernMaint,calculerProchainPeriodiqueSurDerniereMaintenance,calcurProchainPeriodiqueSurDerniereMaintenance,1,1,,
gest.horaire.CritereAttribDispo,mCalculHeuresHorCourant,calculHeuresHorCourant,calculHeuresHoraireCourant,1,1,,
gest.borne.BorneSeche | gest.borne.PointEau,mCapaciteReservoir,capaciteReservoir,capaciteReservoir,1,2,,
gest.intervention.Intervention,mCarteAppel,carteAppel,carteAppel,1,1,,
gest.dossPrev.ProdDang,mCAS,cas,CAS,1,1,,
gest.schema.ForceFrappe,mCategRisque,categRisque,categorieDeRisque,1,1,,
gest.rci.RciConclusion,mCause,cause,cause,1,1,,
gest.intervention.Intervention,mCauseIncendie,causeIncendie,causeIncendie,1,1,,
gest.intervention.IntervCauseIncendie,mCauseProbable,causeProbable,causeProbable,1,1,,
gest.intervention.IntervCauseIncendie | gest.rci.RciLieu,mCauseProbableDesc,causeProbableDesc,causeProbableDescription,1,2,,
gest.config.ConfigCompressionImages,mCboFormatParDefaut,cboFormatParDefaut,comboFormatParDefaut,1,1,,
gest.dossPrev.PersonneRess | gest.employe.Employe | gest.fournisseur.Fournisseur | gest.planInterv.PlanContact | gest.ressource.Ressource | gest.secCiv.RessSecCiv,mCell,cell | cellulaire,cellulaire,2,6,,
gest.gen.Requete,mChamp,champ,champ,1,1,,
gest.intervention.ParamCarteAppel,mChampDeduitPremInterv,champDeduitPremInterv,champDeduitPremiereIntervention,1,1,,
gest.employe.EmployeTaux,mChampSupp2,champSupplementaire2,champSupplementaire2,1,1,,
gest.planInterv.Exposition,mChargeThermique,chargeThermique,chargeThermique,1,1,,
gest.dossPrev.Energie,ChaufPrinc,chauffagePrincipal,chauffagePrincipal,1,1,,
gest.dossPrev.Energie,ChaufSecond,chauffageSecondaire,chauffageSecondaire,1,1,,
gest.intervention.IntervTemperature,mChaussee,chaussee,chaussee,1,1,,
gest.intervention.IntervTemperature,mChausseeAutre,chausseeAutre,chausseeAutre,1,1,,
gest.borne.PointEau,mCheminAcces,cheminAcces,cheminAcces,1,1,,
gest.dossPrev.ParamDossPrev,mChercherMatriculeAnterieurDansVectOldMatricule,chercherMatriculeAnterieurDansListeAncienMatricule,chercherMatriculeAnterieurDansListeAncienMatricule,1,1,,
gest.intervention.Intervention,mChronologie,chronologie,chronologie,1,1,,
gest.intervention.IntervSourceChaleur,mCie,cie,cie,1,1,,
gest.intervention.IntervCompteRendu,mCirconstance,circonstance,circonstance,1,1,,
gest.intervention.IntervVehFeu | gest.rci.RciCause,mCirconstances,circonstances,circonstances,1,2,,
gest.gen.IDEntiteDefaut,mClass,class,classe,1,1,,
gest.listePerso.FormatDonnee,mClasseAssocieeSelonRenderer,classeAssocieeSelonRenderer,classeAssocieeSelonAfficheur,1,1,,
gest.listePerso.FormatDonnee,mClasseDonneeReelle,classeDonneeReelle,classeDonneeReelle,1,1,,
gest.listePerso.FormatDonnee,mClasseDonneeReellePrimarisee,classeDonneeReellePrimarisee,classeDonneeReellePrimarisee,1,1,,
gest.listePerso.FormatDonnee,mClasseDonneeRendue,classeDonneeRendue,classeDonneeRendue,1,1,,
gest.listePerso.FormatDonnee,mClassePourPasserAJasper,classePourPasserAJasper,classePourPasserAJasper,1,1,,
gest.listePerso.FormatDonnee,mClasseSelonEnteteTable,classeSelonEnteteTable,classeSelonEnteteTable,1,1,,
gest.listePerso.FormatDonnee,mClasseSelonRenderer,classeSelonRenderer,classeSelonAfficheur,1,1,,
gest.rapport.Rapport,mClassPrintRapport,classPrintRapport,classeImpressionRapport,1,1,,
gest.prevention.ParamFormWebParSSI,mClientID,clientId,idClient,1,1,,
gest.planInterv.PlanAcces,mCloture,cloture,cloture,1,1,,
gest.prevention.Prevention,mCmptInspect,cmptInspect,compteurInspection,1,1,,
gest.prevention.PrevAnom,mCmptReinspectLorsAjout,cmptReinspectLorsAjout,compteurReinspectiontLorsAjout,1,1,,
gest.DSI2003.DSI2003 | gest.dossPrev.ParamDossPrev$NCodeUsageAssoc,mCode,code,code,1,2,,
gest.prevention.Prevention,mCodeAccesFormWeb,codeAccesFormWeb,codeAccesFormWeb,1,1,,
gest.activite.TypeActivite,mCodeActivite,codeActivite,codeActivite,1,1,,
gest.consolide.ParamSSI,mCodeConso,codeConso,codeConso,1,1,,
gest.gen.ParamPropCouleur,mCodeCouleurProp,codeCouleurProp,codeCouleurPropriete,1,1,,
gest.feuilleTemps.ParamFeuilleTemps$NChampSuppDesjardins,iCodeGain,codeGain,codeGain,1,1,,
gest.cauca.ParamCauca$NDernImport,iCodeGeo,codeGeo,codeGeo,1,1,,
gest.dossPrev.HistoImportDossPrev | gest.gen.Adresse | gest.gen.Lieu | gest.gen.VoieCircul | gest.licence.Licence,mCodeGeo,codeGeo,codeGeo,1,5,,
gest.gen.Adresse | gest.gen.VoieCircul,mCodeLien,codeLien,codeLien,1,2,,
gest.employe.Employe,mCodePermanent,codePermanent,codePermanent,1,1,,
gest.gen.Adresse | gest.gen.Lieu,mCodePost,codePost,codePost,1,2,,
gest.codeAppel.CodeAppel,mCodePR,codePR,codePR,1,1,,
gest.intervention.MemoFactDetail,mCodeProduit,codeProduit,codeProduit,1,1,,
gest.codeAppel.CodeAppel | gest.config.VilleGeo | gest.ressource.Ressource | gest.vehicule.Vehicule,mCodeRAO,codeRAO,codeRAO,1,4,,
gest.typeAssistanceParticuliere.TypeAssistanceParticuliere,mCodeRaoCAUCA,codeRaoCAUCA,codeRaoCAUCA,1,1,,
gest.typeAssistanceParticuliere.TypeAssistanceParticuliere,mCodeRaoEmergensys,codeRaoEmergensys,codeRaoEmergensys,1,1,,
gest.typeAssistanceParticuliere.TypeAssistanceParticuliere,mCodeRaoLPL,codeRaoLPL,codeRaoLPL,1,1,,
gest.intervention.ParamCarteAppel,mCodeService,codeService,codeService,1,1,,
gest.prevention.ParamFormWebParSSI,mCodeUsager,codeUsager,codeUsager,1,1,,
gest.utilGroupe.Utilisateur,mCodeUtil,codeUtil,codeUtil,1,1,,
gest.intervention.ParamIntervDSI2003 | gest.intervention.ParamIntervention | gest.utilGroupe.Utilisateur,mCodeUtilDSI2003,codeUtilDSI2003,codeUtilDsi2003,1,3,,
gest.cartographie.ParamUtilisateurCartographie,mCodeUtilisateur,codeUtilisateur,codeUtilisateur,1,1,,
gest.borne.ModeleBorne,mCoeffFrottement,coeffFrottement,coefficientFrottement,1,1,,
gest.gen.ParamPropCouleur$NEntreeDeLegende | gest.secCiv.Mission | gest.secCiv.NivAlerte,mColor,color,couleur,1,3,,
gest.planInterv.ColonneMontante,mCombineGicleur,combineGicleur,combineGicleur,1,1,,
gest.rci.Combustible,mCombus,combus,combustible,1,1,,
gest.rci.Combustible,mCombusDesc,combusDesc,combustibleDescription,1,1,,
gest.intervention.IntervCauseIncendie,mCombustible,combustible,combustible,1,1,,
gest.intervention.IntervCauseIncendie,mCombustibleDesc,combustibleDesc,combustibleDescription,1,1,,
gest.planInterv.BatDebitNecessaire,mComm,comm,comm,1,1,,?
gest.secCiv.OutilExterne,mCommande,commande,commande,1,1,,
gest.horaire.EmplReserv,mComment,comment,comment,1,1,,
gest.intervention.IntervSourceChaleur,mCommentaire,commentaire,commentaire,1,1,,
gest.planInterv.BatDebitNecessaire,mCommLong,commLong,commLong,1,1,,?
gest.planInterv.BatDebitNecessaire,mCommProtOuv,commProtOuv,commProtOuv,1,1,,?
gest.planInterv.PlanAlarme,mCommunicationPhonique,communicationPhonique,communicationPhonique,1,1,,
gest.dossPrev.Chauffage,mCompagnie,compagnie,compagnie,1,1,,
gest.maintEquip.EtatEquipement,mComport,comport,comport,1,1,,?
gest.rci.Constat,mComportDetail,comportDetail,comportDetail,1,1,,?
gest.rci.Constat,mComportVisage,comportVisage,comportVisage,1,1,,?
gest.config.ConfigCompressionImages,mCompresser,compresser,compresser,1,1,,
gest.feuilleTemps.TempsPaye,mCmptClone,compteClone,compteClone,1,1,,
gest.intervention.IntervVehAccident | gest.intervention.IntervVehFeu | gest.intervention.Intervention | gest.intervention.RapportOfficier,mCompteRendu,compteRendu,compteRendu,1,4,,
gest.intervention.ParamIntervention,mCompteRenduDefaut,compteRenduDefaut,compteRenduDefaut,1,1,,
gest.intervention.Intervention,mCompteRenduRaoEditable,compteRenduRaoEditable,compteRenduRaoEditable,1,1,,
gest.prevention.PhotoFichPrev,mCompteurReinspect,compteurReinspect,compteurReinspection,1,1,,
gest.activite.ActionCondition | gest.veh.VehCarr | gest.veh.VehFluide | gest.veh.VehIntPiece,mCondition,condition,condition,1,4,,
gest.borne.ParamMaintBorne | gest.dossPrev.ParamDossPrev | gest.formation.ParamFormation | gest.horaire.ParamHoraire | gest.intervention.ParamIntervention | gest.maintEquip.ParamMaintEquip | gest.planInterv.ParamPlanInterv | gest.prevention.ParamPrevention | gest.quart.ParamQuart | gest.rci.ParamRci | gest.secCiv.ParamSecCiv,mConfigCompressionImages,configCompressionImages | configurationCompressionImages,configCompressionImages,2,11,,
gest.intervention.ParamCarteAppel,mConfirmReimportSiCarteAppelModif,confirmReimportSiCarteAppelModif,confirmReimportSiCarteAppelModif,1,1,,
gest.planInterv.ColonneMontante,mConnectIdentiqueSSI,connectIdentiqueSSI,connectIdentiqueSsi,1,1,,
gest.dossPrev.PersonneRess,mConsentementWebPourEnvois,consentementWebPourEnvois,consentementWebPourEnvois,1,1,,
gest.equipement.TypeEquipement,mConsommable,consommable,consommable,1,1,,
gest.planInterv.Exposition,mConst,construction,construction,1,1,,
gest.veh.VehCarr | gest.veh.VehIntPiece,mConstruction,construction,construction,1,2,,
gest.rci.Suivi,mContactCie,contactCie,contactCie,1,1,,
gest.rci.Suivi,mContactFonct,contactFonct,contactFonct,1,1,,
gest.dossPrev.PersonneRess,mContactIntervention,contactIntervention,contactIntervention,1,1,,
gest.rci.Suivi,mContactNom,contactNom,contactNom,1,1,,
gest.dossPrev.ProdDang,mContenant,contenant,contenant,1,1,,
gest.rci.VehImplique,mContenuCoffre,contenuCoffre,contenuCoffre,1,1,,
gest.canutec.IDPageJaune | gest.gen.IDEntite,mContrainte,contrainte,contrainte,1,2,,
gest.prevention.PrevAnom,mCorrige,corrige,corrige,1,1,,
gest.borne.AnomBorne,mCorrigerAvantHiver,corrigerAvantHiver,corrigerAvantHiver,1,1,,
gest.borne.NivPriorite,mCouleur,couleur,couleur,1,1,,
gest.activite.TypeActivite | gest.equipe.Equipe,mCouleurActiv,couleurActivite,couleurActivite,1,2,,
gest.rci.Constat,mCouleurFlamme,couleurFlamme,couleurFlamme,1,1,,
gest.rci.Constat,mCouleurFumee,couleurFumee,couleurFumee,1,1,,
gest.employe.Employe,mCouriel,couriel,couriel,1,1,,
gest.employe.Employe,mCourielPaget,courielTeleavertisseur,courielTeleavertisseur,1,1,,
[shared],mCourriel,courriel,courriel,1,1,,
gest.borne.AnomBorne,mCourrielCorrige,courrielCorrige,courrielCorrige,1,1,,
gest.intervention.ParamIntervDSI2003 | gest.intervention.ParamIntervention,mCourrielDSI2003,courrielDSI2003,courrielDsi2003,1,2,,
gest.secCiv.ParamSecCiv,mCourrielEmetteurNotif,courrielEmetteurNotif,courrielEmetteurNotif,1,1,,
gest.config.ParamBackup,mCourrielErreurBackup,courrielErreurBackup,courrielErreurBackup,1,1,,
gest.config.ParamConfigSSI,mCourrielExpirationEquipement,courrielExpirationEquipement,courrielExpirationEquipement,1,1,,
gest.config.ParamConfigSSI,mCourrielExpirationFichier,courrielExpirationFichier,courrielExpirationFichier,1,1,,
gest.config.ParamConfigSSI,mCourrielExpirationFormationCertification,courrielExpirationFormationCertification,courrielExpirationFormationCertification,1,1,,
gest.consolide.ParamSSI,mCourrielNotifReplicException,courrielNotifReplicException,courrielNotifReplicException,1,1,,
gest.config.ParamConfigSSI,mCourrielQteMin,courrielQteMin,courrielQuantiteMinimum,1,1,,
gest.intervention.ParamIntervention,mCourrielSAAQ,courrielSAAQ,courrielSaaq,1,1,,
gest.formation.Formation,mCout,cout,cout,1,1,,
gest.equipement.EquipConsom | gest.equipement.EquipExist,mCoutAcquisition,coutAcquisition,coutAcquisition,1,2,,
gest.borne.MaintBorne | gest.maintEquip.MaintEquipHisto,mCoutMaint,coutMaint | mCoutMaint,coutMaint,2,2,,
gest.intervention.Intervention,mCoutTotal,coutTotal,coutTotal,1,1,,
gest.secCiv.LogSinistre,mCP,cP,cP,1,1,,
gest.formElec.ParamFigureSaisie,mCreerAnom,creerAnom,creerAnom,1,1,,
gest.horaire.CritereAttribDispo,mCritere,critere,critere,1,1,,
gest.intervention.Intervention,mCroquis,croquis,croquis,1,1,,
java.awt.Color,cs,cs,cs,1,1,,
gest.planInterv.PlanRisque,mDangEmpl,dangEmpl,dangEmpl,1,1,,
gest.planInterv.PlanRisque,mDangEmplInvent,dangEmplInvent,dangEmplInvent,1,1,,
gest.planInterv.Exposition,mDanger,danger,danger,1,1,,
gest.planInterv.PlanRisque,mDangInvent,dangInvent,dangInvent,1,1,,
gest.histo.Histo | gest.prevention.Report | gest.secCiv.LogSinistre,mDate,date,date,1,3,,
gest.employe.Employe$NNonDispo,iDateA,dateA,dateA,1,1,,
gest.gen.IntervalleDate,mDateA,dateA,dateA,1,1,,
gest.equipement.EquipExist,mDateAchat,dateAchat,dateAchat,1,1,,
[shared] | gest.borne.MaintBorne,mDateActivite,dateActivite | mDateActivite,dateActivite,2,2,,
gest.fichier.Fichier,mDateAjout,dateAjout,dateAjout,1,1,,
gest.secCiv.Alarme,mDateAlarme,dateAlarme,dateAlarme,1,1,,
gest.intervention.IntervChronologie,mDateAnnule,dateAnnule,dateAnnule,1,1,,
gest.gen.ExpirationDocument,mDateArchivage,dateArchivage,dateArchivage,1,1,,
gest.borne.BorneIncendie,mDateCalcDebit,dateCalculDebit,dateCalculDebit,1,1,,
gest.formation.InfoEtudiant,mDateCertificationDebut,dateCertificationDebut,dateCertificationDebut,1,1,,
gest.formation.InfoEtudiant,mDateCertificationFin,dateCertificationFin,dateCertificationFin,1,1,,
gest.formation.CoursAvantEmbauche,mDateComplete,dateComplete,dateComplete,1,1,,
[shared] | gest.borne.MaintBorne,mDateCompletee,dateCompletee | mDateCompletee,dateCompletee,2,2,,
gest.prevention.PrevAnom,mDateCorrige,dateCorrige,dateCorrige,1,1,,
[shared] | gest.borne.MaintBorne,mDateCreation,dateCreation | mDateCreation,dateCreation,2,2,,
gest.employe.Employe$NNonDispo,iDateDe,dateDe,dateDe,1,1,,
gest.gen.IntervalleDate,mDateDe,dateDe,dateDe,1,1,,
[shared],mDateDebut,dateDebut,dateDebut,1,1,,
gest.gen.Periodicite,mDateDebutPer,dateDebutPer,dateDebutPer,1,1,,
gest.equipement.PeriodiciteEquip,mDateDernMaint,dateDerniereMaintenance,dateDerniereMaintenance,1,1,,
gest.fichier.Fichier,mDateDernModif,dateDerniereModification,dateDerniereModification,1,1,,
gest.dossPrev.PeriodiciteDossPrev,mDateDernPrev,dateDernierePrevention,dateDernierePrevention,1,1,,
gest.dossPrev.ParamDossPrev,mDateDernExport,dateDernierExport,dateDernierExport,1,1,,
gest.dossPrev.ParamDossPrev,mDateDernExportAutomatique,dateDernierExportAutomatique,dateDernierExportAutomatique,1,1,,
gest.gen.Periodicite,mDateDernPer,dateDernPer,dateDernPer,1,1,,
gest.dossPrev.DossPrev,mDateDernResolution,dateDernResolution,dateDernResolution,1,1,,
gest.dossPrev.DossPrev,mDateDernSync,dateDernSync,dateDernSync,1,1,,
gest.horaire.Horaire,mDateDispoA,dateDispoA,dateDisponibleA,1,1,,
gest.horaire.Horaire,mDateDispoDe,dateDispoDe,dateDisponibleDe,1,1,,
gest.employe.Employe,mDateEmbauche,dateEmbauche,dateEmbauche,1,1,,
gest.employe.EmployeDateTaux,mDateVigueur,dateEnVigueur,dateEnVigueur,1,1,,
gest.gen.ExpirationDocument,mDateExpiration,dateExpiration,dateExpiration,1,1,,
gest.intervention.CarteAppel,mDateFichier,dateFichier,dateFichier,1,1,,
[shared],mDateFin,dateFin,dateFin,1,1,,
gest.licence.Licence,mDateFinEval,dateFinEval,dateFinEval,1,1,,
gest.borne.Borne | gest.equipement.EquipExist,mDateFinGarantie,dateFinGarantie,dateFinGarantie,1,2,,
[shared] | gest.borne.MaintBorne,mDateIdent,dateIdent | mDateIdent,dateIdent,2,2,,
gest.dossPrev.HistoImportDossPrev,mDateImport,dateImport,dateImport,1,1,,
gest.borne.Borne,mDateInstallation,dateInstallation,dateInstallation,1,1,,
gest.intervention.IntervRemiseProp,mDateLibere,dateLibere,dateLibere,1,1,,
gest.rci.Temoin,mDateNaiss,dateNaiss,dateNaiss,1,1,,
gest.employe.Employe,mDateNais,dateNaissance,dateNaissance,1,1,,
gest.employe.EmployeNomin,mDateNomin,dateNomination,dateNomination,1,1,,
gest.gen.Message,mDateNote,dateNote,dateNote,1,1,,
gest.maintEquip.MaintEquipHisto,mDateOper,dateOper,dateOper,1,1,,
gest.activite.InfoEmploye,mDatePartielDebut,datePartielleDebut,datePartielleDebut,1,1,,
gest.activite.InfoEmploye,mDatePartielFin,datePartielleFin,datePartielleFin,1,1,,
gest.licence.Licence,mDatePasCEDepuis,datePasCEDepuis,datePasCeDepuis,1,1,,
gest.equipement.EquipExist,mDatePeremption,datePeremption,datePeremption,1,1,,
gest.horaire.ModeleHoraire,mDatePerpetuelDebut,datePerpetuelDebut,datePerpetuelDebut,1,1,,
gest.planInterv.PlanInterv,mDatePlanDetectRecupParRAO,datePlanDetectRecupParRAO,datePlanDetectRecupParRao,1,1,,
gest.planInterv.PlanInterv,mDatePlanLastEnvoiAuRAO,datePlanLastEnvoiAuRAO,datePlanLastEnvoiAuRao,1,1,,
gest.rci.Rci,mDateRedact,dateRedact,dateRedact,1,1,,
gest.intervention.IntervEnquete | gest.intervention.IntervPrevention,mDateRemis,dateRemis,dateRemis,1,2,,
gest.prevention.Report,mDateReport,dateReport,dateReport,1,1,,
gest.maintEquip.MaintEquipHisto,mDateRetourPrevu,dateRetourPrevu,dateRetourPrevu,1,1,,
gest.rci.Saisie,mDateSaisie,dateSaisie,dateSaisie,1,1,,
gest.rci.Suivi,mDateSuivi,dateSuivi,dateSuivi,1,1,,
gest.dossPrev.DossPrev,mDateTransfertRAO,dateTransfertRAO,dateTransfertRao,1,1,,
gest.dossPrev.DossPrev,mDatum,datum,datum,1,1,,
gest.licence.Licence,mDBJPA,dBJPA,dBjpa,1,1,,
gest.borne.BorneIncendie | gest.borne.CalcDebit | gest.planInterv.AlimDisp,mDebit,debit,debit,1,3,,
gest.planInterv.AlimDisp,mDebitCalcAuto,debitCalculAutomatique,debitCalculAutomatique,1,1,,
gest.planInterv.AlimDisp,mDebitRemplissage,debitRemplissage,debitRemplissage,1,1,,
gest.planInterv.BatDebitNecessaire,mDebitRequis,debitRequis,debitRequis,1,1,,
gest.planInterv.BatDebitNecessaire,mDebitRequisCalculAuto,debitRequisCalculAuto,debitRequisCalculAutomatique,1,1,,
gest.feuilleTemps.TempsPaye | gest.rci.ProtLieu,mDebut,debut,debut,1,2,,
gest.rci.RciDescBatiment,mDefaillancePanneau,defaillancePanneau,defaillancePanneau,1,1,,
gest.prevention.ParamPrevention,mDefautEmission,defautEmission,defautEmission,1,1,,
gest.rci.ProtectDefect,mDefect,defectuosite,defectuosite,1,1,,
gest.secCiv.Mission | gest.secCiv.PPI,mDefinition,definition,definition,1,2,,
gest.gen.Message,mDejaLu,dejaLu,dejaLu,1,1,,
gest.prevention.PrevAnom,mDelaiDate,delaiDate,delaiDate,1,1,,
gest.secCiv.Alarme,mDelaiMillis,delaiMillis,delaiMillis,1,1,,
gest.prevention.PrevAnom,mDelaiNbrJour,delaiNbrJour,delaiNombreJour,1,1,,
gest.gen.ExpirationDocument,mDelaisAvantExpiration,delaisAvantExpiration,delaisAvantExpiration,1,1,,
gest.rci.Expertise,mDemande,demande,demande,1,1,,
gest.intervention.IntervVehAccident,mDemandePar,demandePar,demandePar,1,1,,
gest.intervention.Intervention,mDemanderActualiserCarteAppel,demanderActualiserCarteAppel,demanderActualiserCarteAppel,1,1,,
gest.planInterv.AlimPompe,mDemarrageAuto,demarrageAutomatique,demarrageAutomatique,1,1,,
gest.feuilleTemps.ParamFeuilleTemps,mDept,departement,departement,1,1,,
gest.horaire.CritereAttribDispo,mDepuis,depuis,depuis,1,1,,
gest.horaire.ParamHoraire,mDernChkSumFichSite,dernChkSumFichSite,dernChkSumFichSite,1,1,,
gest.maintEquip.MaintEquipHisto,mDernEffectue,dernEffectue,dernEffectue,1,1,,
gest.intervention.MemoFacturation,mDernExport,dernExport,dernExport,1,1,,
gest.gen.AutoIncrement,mDernID,dernID,dernId,1,1,,
gest.champPerso.TypeChampPerso,mDernIDChoix,dernIDChoix,dernIdChoix,1,1,,
gest.horaire.EmplReserv,mDernAcces,dernierAcces,dernierAcces,1,1,,
gest.dossPrev.PersonneRess,mLastUpdateViaFormWeb,derniereMiseAJourViaFormulaireWeb,derniereMiseAJourViaFormulaireWeb,1,1,,
gest.formElec.FormElec,mDernIdent,dernierIdentifiant,dernierIdentifiant,1,1,,
gest.cauca.ParamCauca$NDernImport,iDernImport,dernierImport,dernierImport,1,1,,
gest.config.ParamBackup,mDernierRappelOptimisation,dernierRappelOptimisation,dernierRappelOptimisation,1,1,,
gest.gen.EntiteContientID,mDernModif,dernModif,dernModif,1,1,,
gest.mobile.Mobile,mDernSync,dernSync,dernSync,1,1,,
gest.consolide.ParamSSI,mDernTSImport,dernTSImport,dernTsImport,1,1,,
gest.secCiv.RessSecCiv,DernVerif,dernVerif,dernVerif,1,1,,
gest.secCiv.Verif,mDesc,desc,description,1,1,,
[shared],mDescription,description,description,1,1,,
gest.intervention.Intervention,mDescBatiment,descriptionBatiment,descriptionBatiment,1,1,,
gest.gen.Lieu,mDescLieu,descriptionLieu,descriptionLieu,1,1,,
gest.formElec.ParamFigureBoolean,mDescProp,descriptionPropriete,descriptionPropriete,1,1,,
gest.intervention.IntervChronologie,mDescriptionRaisonDelai,descriptionRaisonDelai,descriptionRaisonDelai,1,1,,
gest.dossPrev.DossPrev,mDescUtilisation,descriptionUtilisation,descriptionUtilisation,1,1,,
gest.horaire.ParamHoraire,mDestUNC,destUNC,destinationUnc,1,1,,
[shared] | gest.intervention.Directive | gest.planInterv.AlimDisp | gest.planInterv.AlimEauPrive | gest.planInterv.ConstVide | gest.rci.Accumul | gest.rci.Dispositif | gest.rci.Fait | gest.rci.LocInapprop | gest.rci.ProduitAccel | gest.rci.ProtectDefect | gest.rci.ReactFeu | gest.veh.VehMec | gest.veh.VehPlancher | gest.veh.VehPneu,mDetail,detail,detail,1,15,,
gest.rci.RciLieu,mDetailDansRappEnquete,detailDansRappEnquete,detailDansRappEnquete,1,1,,
gest.consolide.ParamSSI$NModuleDetail,iDetailEnvoi,detailEnvoi,detailEnvoi,1,1,,
gest.consolide.ParamSSI,mDetailEnvoiGeneral,detailEnvoiGeneral,detailEnvoiGeneral,1,1,,
gest.borne.Bouchon,mDiam,diametre,diametre,1,1,,
gest.borne.BorneIncendie,mDiamConduite,diametreConduite,diametreConduite,1,1,,
gest.borne.BorneIncendie,mDiamValve,diametreValve,diametreValve,1,1,,
gest.intervention.IntervTemperature,mDirection,direction,direction,1,1,,
gest.intervention.IntervTemperature,mDirectionDesc,directionDesc,directionDescription,1,1,,
gest.rci.RciDescBatiment,mDisjoncteur,disjoncteur,disjoncteur,1,1,,
gest.horaire.GroupeRondeSelection | gest.horaire.ModeleHoraire,mDispoProchDebut,dispoProchDebut,disponibleProchDebut,1,2,,
gest.horaire.ModeleHoraire,mDispoRegroupQuartPareil,dispoRegroupQuartPareil,disponibleRegroupQuartPareil,1,1,,
gest.horaire.GroupeRondeSelection | gest.horaire.ModeleHoraire,mDispoSensRonde,dispoSensRonde,disponibleSensRonde,1,2,,
gest.rci.Dispositif,mDispositif,dispositif,dispositif,1,1,,
gest.horaire.ModeleHoraire,mDispoTousUtilPermis,dispoTousUtilPermis,disponibleTousUtilPermis,1,1,,
gest.horaire.Horaire,mDispoWeb,dispoWeb,disponibleWeb,1,1,,
gest.planInterv.AlimDisp,mDistance,distance,distance,1,1,,
gest.borne.BorneIncendie,mDistanceBorne,distanceBorne,distanceBorne,1,1,,
gest.intervention.IntervVehAccident,mDistanceParcourue,distanceParcourue,distanceParcourue,1,1,,
gest.gen.Lieu | gest.schema.ForceFrappe,mDistrict,district,district,1,2,,
gest.feuilleTemps.ParamFeuilleTemps,mDivision,division,division,1,1,,
gest.intervention.IntervCauseIncendie | gest.veh.VehCarr | gest.veh.VehIntPiece | gest.veh.VehPorte,mDommage,dommage,dommage,1,4,,
gest.intervention.IntervCauseIncendie,mDommageDesc,dommageDesc,dommageDescription,1,1,,
gest.rci.RciAnalyse,mDommageDetail,dommageDetail,dommageDetail,1,1,,
gest.fichier.Fichier,mData,donnees,donnees,1,1,,
gest.intervention.Intervention,mDossPrevAValiderPourSub,dossierAdresseAValiderPourSub,dossierAdresseAValiderPourSub,1,1,,
gest.dossPrev.DossPrev,mDossierPapier,dossierPapier,dossierPapier,1,1,,
gest.intervention.IntervPrevention,mDossierRemis,dossierRemis,dossierRemis,1,1,,
gest.intervention.IntervEnquete,mDossierTransmisPolice,dossierTransmisPolice,dossierTransmisPolice,1,1,,
gest.borne.ModeleBorne,mDrain,drain,drain,1,1,,
gest.utilGroupe.Groupe | gest.utilGroupe.Utilisateur,mDroit,droit,droit,1,2,,
gest.consolide.DetailEnvoi | gest.secCiv.DroitAccesRessSecCiv,mDroitAcces,droitAcces,droitAcces,1,2,,
gest.utilGroupe.DroitPourUtilisateurs,mDroitBoolean,droitBoolean,droitBoolean,1,1,,
gest.equipement.TypeEquipement,mDroitRequisPourTransfert,droitRequisPourTransfert,droitRequisPourTransfert,1,1,,
gest.consolide.DetailIntervEnvoi,mDSISeulement,dSISeulement,dSiSeulement,1,1,,
gest.activite.InfoEmploye,mDureeAjout,dureeAjout,dureeAjout,1,1,,
gest.cours.CoursInterne | gest.formation.InfoEtudiant,mDureeCertificationValide,dureeCertificationValide,dureeCertificationValide,1,2,,
gest.formation.CoursAvantEmbauche,mDureeNbrHre,dureeNombreHeures,dureeNombreHeures,1,1,,
gen.requete.DynamicStaticDate,mDynamicDate,dynamicDate,dynamicDate,1,1,,
gest.veh.VehFluide,mEchantillonnage,echantillonnage,echantillonnage,1,1,,
gest.intervention.SuiviIntervention,mEcheance,echeance,echeance,1,1,,
gest.planInterv.PlanAcces,mEchelleToit,echelleToit,echelleToit,1,1,,
gest.rci.Effraction,mEclatExt,eclatExt,eclatExterne,1,1,,
gest.rci.Effraction,mEclatInt,eclatInt,eclatInt,1,1,,
gest.rci.Effraction,mEclatSuie,eclatSuie,eclatSuie,1,1,,
gest.veh.VehPneu,mEcrous,ecrous,ecrous,1,1,,
gest.formElec.ParamFigureSaisie,mEditable,editable,editable,1,1,,
gest.rci.VehImplique,mEffetPers,effetPersonnel,effetPersonnel,1,1,,
gest.dossPrev.Energie,mElecLocation,electriciteEmplacement,electriciteEmplacement,1,1,,
gest.dossPrev.Energie,mElecEquipRaccorde,electriciteEquipementRaccorde,electriciteEquipementRaccorde,1,1,,
gest.dossPrev.Energie,mElecNombre,electriciteNombre,electriciteNombre,1,1,,
gest.dossPrev.Energie,mElecQuant,electriciteQuantite,electriciteQuantite,1,1,,
gest.preference.Preference,mElement,element,element,1,1,,
gest.typePrev.TypePrev,mEmissionAvis,emissionAvis,emissionAvis,1,1,,
gest.maintenance.TypeMaint,mEmpecherEquipementDansAutreMaintEquip,empecherEquipementDansAutreMaintEquip,empecherEquipementDansAutreMaintEquip,1,1,,
gest.maintenance.TypeMaint,mEmpecherEquipementSiPeriodiqueDu,empecherEquipementSiPeriodiqueDu,empecherEquipementSiPeriodiqueDu,1,1,,
gest.planInterv.ColonneMontante | gest.planInterv.Gicleur | gest.planInterv.ProtSpec,mEmpl,empl | emplacement,emplacement,2,3,,
gest.planInterv.AlimPompe,mEmplacement,emplacement,emplacement,1,1,,
gest.dossPrev.ProdDang,mLocalisation,emplacement,emplacement,1,1,,
gest.planInterv.PlanExposition,mEmplAngleEleve,emplAngleEleve,emplAngleEleve,1,1,,
gest.planInterv.ColonneMontante,mEmplAutre,emplAutre,emplAutre,1,1,,
gest.planInterv.PlanConst,mEmplCle,emplCle,emplCle,1,1,,
gest.planInterv.PlanExposition,mEmplEspClos,emplEspClos,emplEspClos,1,1,,
gest.planInterv.InfoServPub,mEmplFerm,emplFerm,emplFerm,1,1,,
gest.rci.Constat,mEmploye,employe,employe,1,1,,
gest.intervention.ParamIntervention,mEmployeLibere,employeLibere,employeLibere,1,1,,
gest.planInterv.PlanAlarme,mEmplPanneau,emplPanneau,emplPanneau,1,1,,
gest.planInterv.PlanAlarme,mEmplRepart,emplRepart,emplRepart,1,1,,
gest.formElec.ParamFigureSaisie,mEnableEdition,enableEdition,enableEdition,1,1,,
gest.rci.ProtectDefect,mEndommage,endommage,endommage,1,1,,
gest.dossPrev.DossPrev,mEnergie,energie,energie,1,1,,
gest.intervention.IntervCauseIncendie | gest.rci.RciLieu,mEnergieDesc,energieDesc,energieDescription,1,2,,
gest.rci.RciCause,mEnergieDetail,energieDetail,energieDetail,1,1,,
gest.intervention.Intervention,mEnquete,enquete,enquete,1,1,,
gest.rci.Rci,mEnqueteur,enqueteur,enqueteur,1,1,,
gest.feuilleTemps.ParamFeuilleTemps | gest.intervention.ParamMemoFacturation,mSaveOnServer,enregistrerSurServeur | saveOnServer,enregistrerSurServeur,2,2,,
gest.gen.Requete,mEntiteImporteDescript,entiteImporteDescript,entiteImporteDescript,1,1,,
gest.gen.Requete,mEntitesImportesIDs,entitesImportesIDs,entitesImportesIDs,1,1,,
gest.dossPrev.ProdDang,mEntreeGaz,entreeGaz,entreeGaz,1,1,,
gest.consolide.ParamSSI,mEnvoiPLCentral,envoiPLCentral,envoiPlCentral,1,1,,
gest.borne.AnomBorne,mEnvoyerCourriel,envoyerCourriel,envoyerCourriel,1,1,,
gest.consolide.ParamSSI,mEnvoyerTout,envoyerTout,envoyerTout,1,1,,
gest.consolide.ParamSSI,mEnvRepert,envRepert,environnementRepert,1,1,,
gest.activite.TypeActivQuart | gest.horaire.TypeActivHoraire,mEquipe,equipe,equipe,1,2,,
gest.intervention.ParamIntervention,mEquipeGeneralePresente,equipeGeneralePresente,equipeGeneralePresente,1,1,,
gest.intervention.Intervention,mEquipement,equipement,equipement,1,1,,
gest.dossPrev.ProdDang,mEquipRaccorde,equipementRaccorde,equipementRaccorde,1,1,,
gest.planInterv.PlanConst,mEscalEmpl,escalEmpl,escalEmpl,1,1,,
gest.planInterv.PlanConst,mEscalNbr,escalNbr,escalNombre,1,1,,
gest.planInterv.PlanConst,mEscalObstruc,escalObstruc,escalObstruc,1,1,,
gest.planInterv.Exposition,mEspacement,espacement,espacement,1,1,,
gest.maintEquip.MaintEquipHisto,mEstLaMemeQte,estLaMemeQte,estLaMemeQuantite,1,1,,
gest.prevention.PhotoFichPrev,mEstUnAvis,estUnAvis,estUnAvis,1,1,,
gest.planInterv.PlanConst,mEtageHautPartielle,etageHautPartielle,etageHautPartielle,1,1,,
gest.intervention.SuiviIntervention,mEtape,etape,etape,1,1,,
gest.borne.Borne | gest.docum.EtatDoc | gest.dossPrev.DossPrev | gest.equipement.SituationEquipement | gest.intervention.IntervVictimeDetail | gest.maintEquip.MaintEquipHisto | gest.utilGroupe.Utilisateur | gest.veh.VehMec | gest.veh.VehPlancher,mEtat,etat,etat,1,9,,
gest.dossPrev.DossPrev,mEtatCAUCA,etatCAUCA,etatCauca,1,1,,
gest.equipement.SituationEquipement,mEtatComportement,etatComportement,etatComportement,1,1,,
gest.docum.Docum | gest.secCiv.MesurePrev | gest.secCiv.Mission | gest.secCiv.PPI | gest.secCiv.Risque,mEtatDoc,etatDoc,etatDocument,1,5,,
gest.planInterv.EtatSection,mEtatInitial,etatInitial,etatInitial,1,1,,
gest.activite.TabState,mCurrentTabState,etatOngletActuel,etatOngletActuel,1,1,,
gest.secCiv.Sinistre,mEtatSituation,etatSituation,etatSituation,1,1,,
gest.maintEquip.EtatEquipement,mEtatSysteme,etatSysteme,etatSysteme,1,1,,
gest.secCiv.LogSinistre,mEtatVerif,etatVerif,etatVerif,1,1,,
gest.rci.Expertise,mExhibit,exhibit,exhibit,1,1,,
gest.fichier.Fichier | gest.graph.Graph,mExpirationDocument,expirationDocument,expirationDocument,1,2,,
gest.borne.AnomBorne,mExplicatif,explicatif,explicatif,1,1,,
gest.planInterv.BatDebitNecessaire,mExpo,expo,expo,1,1,,
gest.planInterv.BatDebitNecessaire,mExpoDist,expoDist,expoDist,1,1,,
gest.planInterv.BatDebitNecessaire,mExpoMur,expoMur,expoMur,1,1,,
gest.planInterv.BatDebitNecessaire,mExpoProtOuv,expoProtOuv,expoProtOuv,1,1,,
gest.intervention.ParamMemoFacturation,mExportActif,exportActif,exportActif,1,1,,
gest.dossPrev.ParamDossPrev | gest.gen.ParamExportDonnees,mExporterTousLesDossPrev,exporterTousLesDossPrev | exporterTousLesDossierAdresse,exporterTousLesDossierAdresse,2,2,,
gest.gen.Adresse,mExt,ext,externe,1,1,,
gest.dossPrev.DossPrev | gest.dossPrev.DossPrevSuppr,mExtFin,extFin | extensionFin,externeFin,2,2,,
gest.champPerso.TypeChampPerso,mExtraDataKeyAssoc,extraDataKeyAssoc,extraDataKeyAssociation,1,1,,
gest.intervention.MemoFacturation,mFactureAdresse,factureAdresse,factureAdresse,1,1,,
gest.intervention.MemoFacturation,mFactureDate,factureDate,factureDate,1,1,,
gest.intervention.MemoFacturation,mFactureNom,factureNom,factureNom,1,1,,
gest.intervention.MemoFacturation,mFactureNum,factureNum,factureNumero,1,1,,
gest.intervention.MemoFacturation,mFactureNumClient,factureNumClient,factureNumeroClient,1,1,,
gest.codeAppel.CodeAppel,mFaireDSI2003,faireDSI2003,faireDsi2003,1,1,,
gest.rci.Fait,mFait,fait,fait,1,1,,
java.awt.Color,falpha,falpha,falpha,1,1,,
gest.gen.Adresse,mFax,fax,fax,1,1,,
gest.veh.VehPorte,mFenOuverte,fenetreOuverte,fenetreOuverte,1,1,,
gest.intervention.IntervVehFeu,mFeuSurvenu,feuSurvenu,feuSurvenu,1,1,,
com.db4o.StaticClass,fields,fields,fields,1,1,,
gest.rci.RciDescBatiment,mFilAluminium,filAluminium,filAluminium,1,1,,
gest.rci.RciDescBatiment,mFilCuivre,filCuivre,filCuivre,1,1,,
gest.utilGroupe.DroitAcces,mFiltreDossPrev,filtreDossPrev,filtreDossPrevision,1,1,,
gest.centreDesRapports.SectionRapportCentral,mFiltresRequete,filtresRequete,filtresRequete,1,1,,
gest.feuilleTemps.TempsPaye | gest.rci.ProtLieu,mFin,fin,fin,1,2,,
gest.rci.Expertise,mFirme,firme,firme,1,1,,
gest.config.ParamConfigGeneral,mFlagPossibleCorruptionBD,flagPossibleCorruptionBD,flagPossibleCorruptionBd,1,1,,
gest.veh.VehFluide,mFluide,fluide,fluide,1,1,,
gest.intervention.IntervChronologie,mForceAtteint,forceAtteint,forceAtteint,1,1,,
gest.champPerso.TypeChampPerso,mFormat,format,format,1,1,,
gest.feuilleTemps.ParamFeuilleTemps,mFormatDesjardins,formatDesjardins,formatDesjardins,1,1,,
gest.feuilleTemps.ParamFeuilleTemps | gest.intervention.ParamMemoFacturation,mFormatExport,formatExport,formatExport,1,2,,
gest.intervention.ParamMemoFacturation,mFormatNumClient,formatNumClient,formatNumeroClient,1,1,,
gest.prevention.ParamPrevention,mFormatNumerotationReinspection,formatNumerotationReinspection,formatNumerotationReinspection,1,1,,
gest.centreDesRapports.SectionRapportCentral | gest.listePerso.ListePerso,mFormatPapier,formatPapier,formatPapier,1,2,,
gest.feuilleTemps.ParamFeuilleTemps,mFormatPerPaie,formatPeriodePaie,formatPeriodePaie,1,1,,
gest.cartographie.ParamServeurCartographie,mFormatterMatricule,formatterMatricule,formatterMatricule,1,1,,
gest.activite.TypeActivQuart | gest.horaire.TypeActivHoraire,mForme,forme,forme,1,2,,
gest.maintenance.TypeMaint | gest.typePrev.TypePrev,mFormElec,formElec,formElec,1,2,,
gest.typePrev.TypePrev,mFormPerso,formPerso,formPerso,1,1,,
gest.maintenance.Maintenance | gest.maintenance.TypeMaint,mFormulairePerso,formulairePerso,formulairePerso,1,2,,
gest.prevention.PhotoFichPrev,mFormulaireWeb,formulaireWeb,formulaireWeb,1,1,,
gest.prevention.Prevention,mFormWebEnqueteUUID,formWebEnqueteUUID,formWebEnqueteUuid,1,1,,
gest.prevention.Prevention,mFormWebOwnerUUID,formWebOwnerUUID,formWebOwnerUuid,1,1,,
gest.prevention.Prevention,mFormWebStatut,formWebStatut,formWebStatut,1,1,,
gest.typePrev.TypePrev,mFormWebUUID,formWebUUID,formWebUuid,1,1,,
gest.preference.Preference,mFrame,frame,frame,1,1,,
gest.schema.ForceFrappe,mFrappe,frappe,frappe,1,1,,
gest.equipement.TypeEquipement,mFrequenceDeRemplacement,frequenceDeRemplacement,frequenceDeRemplacement,1,1,,
java.awt.Color,frgbvalue,frgbvalue,frgbvalue,1,1,,
gest.rci.RciDescBatiment,mFusOuvert,fusOuvert,fusOuvert,1,1,,
gest.rci.RciDescBatiment,mFusPrec,fusPrec,fusPrec,1,1,,
gest.rci.RciDescBatiment,mFusType,fusType,fusType,1,1,,
java.awt.Color,fvalue,fvalue,fvalue,1,1,,
gest.dossPrev.Energie,mGazLocation,gazEmplacement,gazEmplacement,1,1,,
gest.dossPrev.Energie,mGazEquipRaccorde,gazEquipementRaccorde,gazEquipementRaccorde,1,1,,
gest.dossPrev.Energie,mGazNombre,gazNombre,gazNombre,1,1,,
gest.dossPrev.Energie,mGeneratrice,generatrice,generatrice,1,1,,
gest.dossPrev.Energie,mGeneratricePos,generatriceEmplacement,generatriceEmplacement,1,1,,
gest.intervention.IntervVehFeu,mGenererDSI,genererDSI,genererDsi,1,1,,
gest.intervention.Intervention,mGenererDSI2003,genererDSI2003,genererDsi2003,1,1,,
gest.intervention.IntervVehAccident,mGenererFormSAAQ,genererFormSAAQ,genererFormSaaq,1,1,,
gest.borne.Borne | gest.dossPrev.DossPrev,mGeoPosition,geoPosition,geoPosition,1,2,,
gest.planInterv.Exposition,mGicleur,gicleur,gicleur,1,1,,
gest.planInterv.BatDebitNecessaire,mGicReduct,gicReduct,gicReduct,1,1,,
gest.borne.Borne,mGPSConnu,gpsConnu,gpsConnu,1,1,,
gest.DSI2003.DSI2003,mGroupe,groupe,groupe,1,1,,
gest.feuilleTemps.ParamFeuilleTemps,mGroupeEmploye,groupeEmploye,groupeEmploye,1,1,,
gest.dossPrev.PersonneRess,mHandicape,handicape,handicape,1,1,,
gen.util.ObjetToString,mHashCodeSurToString,hashCodeSurToString,hashCodeSurToString,1,1,,
gest.prevention.ParamPrevention,mHashParamAvis,hashParamAvis,hashParametreAvis,1,1,,
gest.secCiv.Mission,mHashResponsabilite,hashResponsabilite,hashResponsabilite,1,1,,
gest.planInterv.BatDebitNecessaire,mHaut,haut,haut,1,1,,
gest.plageHoraire.PlageHoraire,mHeure,heure,heure,1,1,,
gest.gen.IntervalleHeure,mHeureA,heureA,heureA,1,1,,
gest.intervention.IntervIntervEquipe | gest.intervention.IntervIntervRessource,mHeureAppel,heureAppel,heureAppel,1,2,,
gest.intervention.IntervIntervRessource,mHeureArrivee,heureArrivee,heureArrivee,1,1,,
gest.gen.IntervalleHeure,mHeureDe,heureDe,heureDe,1,1,,
gest.horaire.ModeleHorQuart,mHeureDebut,heureDebut,heureDebut,1,1,,
gest.intervention.IntervIntervEmploye,mHeureDepart,heureDepart,heureDepart,1,1,,
gest.intervention.IntervIntervEquipe,mHeureDispCaserne,heureDispCaserne,heureDispCaserne,1,1,,
gest.intervention.IntervIntervEquipe,mHeureEnRoute,heureEnRoute,heureEnRoute,1,1,,
gest.horaire.ModeleHorQuart,mHeureFin,heureFin,heureFin,1,1,,
gest.intervention.IntervIntervEquipe,mHeureLieu,heureLieu,heureLieu,1,1,,
gest.intervention.IntervIntervEquipe,mHeureRetour,heureRetour,heureRetour,1,1,,
gest.intervention.IntervIntervRessource,mHeureTravailFait,heureTravailFait,heureTravailFait,1,1,,
gest.horaire.HorQuart | gest.quart.Quart,mHistoActivite,histoActivite,histoActivite,1,2,,
gest.borne.AnomBorne,mHorsService,horsService,horsService,1,1,,
gest.config.ParamSendMail,mHostSMTP,hostSMTP,hostSmtp,1,1,,
gest.intervention.IntervIntervEntraide,mHreAppel,hreAppel,hreAppel,1,1,,
gest.intervention.IntervIntervEntraide,mHreArrivee,hreArrivee,hreArrivee,1,1,,
gest.config.ParamBackup,mHreBackup,hreBackup,hreBackup,1,1,,
gest.intervention.IntervIntervEntraide,mHreDepart,hreDepart,hreDepart,1,1,,
gest.config.ParamConfigSSI | gest.secCiv.ParamSecCiv,mHreEnvoiAutoNotif,hreEnvoiAutoNotif,hreEnvoiAutomatiqueNotif,1,2,,
gest.prevention.Prevention,mHshSectCondValeurCPOri,hshSectCondValeurCPOri,hshSectCondValeurCodePostalOri,1,1,,
gest.prevention.Prevention,mHshSectCondValeurCPOriDossPrev,hshSectCondValeurCPOriDossPrev,hshSectCondValeurCodePostalOriDossPrevision,1,1,,
gest.prevention.Prevention,mHshSectCondValeursOri,hshSectCondValeursOri,hshSectCondValeursOri,1,1,,
gest.prevention.Prevention,mHshSectCondValeursOriDossPrev,hshSectCondValeursOriDossPrev,hshSectCondValeursOriDossPrevision,1,1,,
gest.typePrev.TypePrev,mHshSurveyName,hshSurveyName,hshSurveyName,1,1,,
gest.horaire.PreHorQuart,mHshTempsHorPrec,hshTempsHorPrec,hshTempsHorPrec,1,1,,
com.db4o.ext.Db4oDatabase,i_signature,i_signature,iSignature,1,1,,
com.db4o.ext.Db4oDatabase,i_uuid,i_uuid,iUuid,1,1,,
gest.listePerso.ListePerso$NCol,iCalculerSommaire,iCalculerSommaire,iCalculerSommaire,1,1,,
[shared] | gest.dossPrev.HistoImportDossPrev,mID,id,id,1,2,,
gest.activite.HistoActivite,mIDActivite,idActivite,idActivite,1,1,,
gest.borne.MaintBorne | gest.formation.Formation | gest.horaire.HorQuart | gest.intervention.Intervention | gest.maintEquip.MaintEquip | gest.planInterv.PlanInterv | gest.prevention.Prevention | gest.processus.Etape | gest.quart.Quart | gest.rci.Rci,mIDAssigneA,idAssigneA | mIDAssigneA,idAssigneA,2,10,,
gest.intervention.IntervFeuExterieur | gest.intervention.IntervPerte | gest.intervention.IntervVehicule,mIDAssurance,idAssurance,idAssurance,1,3,,
gest.borne.MaintBorne | gest.dossPrev.DossPrev | gest.formation.Formation | gest.horaire.HorQuart | gest.horaire.Horaire | gest.intervention.Intervention | gest.maintEquip.MaintEquip | gest.planInterv.PlanInterv | gest.prevention.Prevention | gest.quart.Quart | gest.rci.Rci | gest.secCiv.Sinistre,mIDAuteur,idAuteur | mIDAuteur,idAuteur,2,12,,
gest.intervention.IntervProtection,mIDAvertFonctionne,idAvertFonctionne,idAvertFonctionne,1,1,,
gest.dossPrev.Protection,mIDAvertisseur,idAvertisseur,idAvertisseur,1,1,,
gest.prevention.Prevention,mIDAvis,idAvis,idAvis,1,1,,
gest.prevention.Prevention,mIDAvisAvecSignature,idAvisAvecSignature,idAvisAvecSignature,1,1,,
gest.borne.MaintBorne | gest.planInterv.AlimDisp,mIDBorne,idBorne | mIDBorne,idBorne,2,2,,
gest.borne.BorneIncendie | gest.borne.CalcDebit,mIDBorneTemoin,idBorneTemoin,idBorneTemoin,1,2,,
gest.borne.CalcDebit,mIDBouchon,idBouchon,idBouchon,1,1,,
[shared] | gest.horaire.GroupeRondeSelection,mIDCaserne,idCaserne,idCaserne,1,2,,
gest.maintEquip.MaintEquip,mIDCaserneMaint,idCaserneMaint,idCaserneMaint,1,1,,
gest.dossPrev.DossPrev | gest.planInterv.ConfigSectionEtatInitialPourPlan,mIDCategRisque,idCategRisque,idCategRisque,1,2,,
gest.rci.RciLieu,mIDCauseProbable,idCauseProbable,idCauseProbable,1,1,,
gest.equipement.EquipExist | gest.equipement.SituationEquipement | gest.maintEquip.MaintEquipHisto,mIDCentreServ,idCentreServ | idCentreService,idCentreService,2,3,,
gest.champPerso.ChampPersoChoix,iIDChoix,idChoix,idChoix,1,1,,
gest.dossPrev.DossPrev,mIDClassif,idClassif,idClassif,1,1,,
gest.intervention.Intervention,mIDCodeAppel,idCodeAppel,idCodeAppel,1,1,,
gest.intervention.Intervention,mIDCodeAppelInitial,idCodeAppelInitial,idCodeAppelInitial,1,1,,
gest.equipement.SituationEquipement | gest.maintEquip.MaintEquipHisto,mIDCompartiment,idCompartiment,idCompartiment,1,2,,
gest.maintEquip.MaintEquipHisto$NDeplaceConsom,iIDCompartimentEmpl,idCompartimentEmploye,idCompartimentEmploye,1,1,,
gest.formation.CoursAvantEmbauche | gest.formation.Formation | gest.horaire.Horaire | gest.horaire.ModeleHoraire,mIDCours,idCours,idCours,1,4,,
gest.borne.ModeleBorne | gest.intervention.RapportOfficier,mIDCroquis,idCroquis,idCroquis,1,2,,
[shared],mIDDBConso,idDBConso,idDbConso,1,1,,
gest.secCiv.NodeDocum,mIDDocum,idDocument,idDocument,1,1,,
[shared],mIDDossPrev,idDossierAdresse,idDossierAdresse,1,1,,
gest.dossPrev.DossPrev,mIDDossPrevOld,idDossierAdresseAncien,idDossierAdresseAncien,1,1,,
gest.dossPrev.DossPrev,mIDDossPrevAssoc,idDossierAdresseAssocie,idDossierAdresseAssocie,1,1,,
gest.dossPrev.DossPrev,mIDDossPrevAttach,idDossierAdresseAttach,idDossierAdresseAttach,1,1,,
gest.docum.Docum | gest.docum.DossierDocum,mIDDossierParent,idDossierParent,idDossierParent,1,2,,
gest.equipement.SituationEquipement | gest.maintEquip.MaintEquipHisto,mIDEmplAssoc,idEmplAssoc | idEmplacementAssocie,idEmplacementAssocie,2,2,,
gest.activite.InfoEmploye | gest.equipe.IDEquipeOuIDEmploye | gest.gen.Message | gest.horaire.EmplReserv | gest.intervention.RapportOfficier | gest.rci.Constat | gest.secCiv.RessSecCiv,mIDEmploye,idEmploye,idEmploye,1,7,,
gest.maintEquip.MaintEquipHisto$NDeplaceConsom,iIDEmployeEmpl,idEmployeEmplacement,idEmployeEmplacement,1,1,,
gest.maintEquip.MaintEquip,mIDEmployeMaint,idEmployeMaint,idEmployeMaint,1,1,,
gest.activite.InfoEmploye,mIDEmployeRemplace,idEmployeRemplace,idEmployeRemplace,1,1,,
gest.intervention.IntervCauseIncendie | gest.rci.RciLieu,mIDEnergie,idEnergie,idEnergie,1,2,,
gest.rci.Rci,mIDEnqueteur,idEnqueteur,idEnqueteur,1,1,,
gest.config.VilleGeo | gest.formElec.Section,mIdent,ident | identifiant,ident,2,2,,
gest.centreDesRapports.SectionRapportCentral | gest.listePerso.ListePerso,mIdentHJTable,identHJTable,identHjTable,1,2,,
gest.rapport.SousRapport,mIdentifiant,identifiant,identifiant,1,1,,
gest.equipement.EquipConsom | gest.equipement.EquipExist | gest.vehicule.Compartiment,mIdentification,identification,identification,1,3,,
gest.dossPrev.PersonneRess | gest.secCiv.RessSecCiv,mIdentImport,identImport | identificationImport,identificationImport,2,2,,
gest.champPerso.TypeChampPerso,mIDEntiteAssoc,idEntiteAssoc,idEntiteAssociation,1,1,,
gest.gen.EntiteContientID,mIDEntiteFusionSrc,idEntiteFusionSrc,idEntiteFusionSrc,1,1,,
gest.borne.MaintBorne | gest.formation.Formation | gest.horaire.HorQuart | gest.horaire.Horaire | gest.intervention.Intervention | gest.maintEquip.MaintEquip | gest.prevention.Prevention | gest.quart.Quart | gest.rci.Rci,mIdentJour,identJour | mIdentJour,identJour,2,9,,
gest.prevention.PrevAnom,mIdentParamFigureSaisie,identParamFigureSaisie,identParametreFigureSaisie,1,1,,
gest.prevention.PrevAnom,mIdentSection,identSection,identSection,1,1,,
gest.formElec.ParamFigureSaisie,mIdentSectionCond,identSectionCond,identSectionCond,1,1,,
gest.prevention.PrevAnom,mIdentSectionConditionnelle,identSectionConditionnelle,identSectionConditionnelle,1,1,,
gest.config.ParamConfig | gest.config.ParamConfigSSI,mIdentVilleDansNumActiv,identVilleDansNumActiv,identVilleDansNumeroActiv,1,2,,
gest.equipement.SituationEquipement | gest.maintEquip.MaintEquipHisto,mIDEquipConsom,idEquipConsom | idEquipementConsommable,idEquipementConsommable,2,2,,
gest.activite.HistoActivite | gest.equipe.IDEquipeOuIDEmploye | gest.horaire.CritereAttribDispo | gest.horaire.HorQuart | gest.horaire.ModeleHorQuart | gest.horaire.PreHorQuart | gest.intervention.IntervIntervEquipe | gest.quart.Quart,mIDEquipe,idEquipe,idEquipe,1,8,,
gest.equipement.SituationEquipement | gest.maintEquip.MaintEquipHisto,mIDEquipExist,idEquipement,idEquipement,1,2,,
gest.equipement.SituationEquipement | gest.maintEquip.MaintEquip | gest.maintEquip.MaintEquipHisto,mIDEquipExistAssemble,idEquipementAssemble,idEquipementAssemble,1,3,,
gest.intervention.IntervVictimeDetail,mIDEtat,idEtat,idEtat,1,1,,
gest.intervention.IntervSauvetage | gest.intervention.IntervVehFeu,mIDEvacuation,idEvacuation,idEvacuation,1,2,,
gest.intervention.ParamViewer,mIDExport,idExport,idExport,1,1,,
gest.dossPrev.DossPrev | gest.dossPrev.DossPrevSuppr,mIDExterne,idExterne,idExterne,1,2,,
gest.dossPrev.Protection,mIDExtinction,idExtinction,idExtinction,1,1,,
gest.intervention.IntervProtection,mIDExtinctionFonctionne,idExtinctionFonctionne,idExtinctionFonctionne,1,1,,
gest.intervention.Intervention,mIDFichAS805,idFichAS805,idFichAs805,1,1,,
gest.rci.RciAnalyse | gest.rci.RciLieu,mIDFichCroquisLieu,idFichCroquisLieu,idFichCroquisLieu,1,2,,
gest.rci.RciAnalyse,mIDFichCroquisOrigine,idFichCroquisOrigine,idFichCroquisOrigine,1,1,,
gest.rci.RciLieu,mIDFichCroquisPoint,idFichCroquisPoint,idFichCroquisPoint,1,1,,
gest.formElec.Section | gest.gen.PhotoFich | gest.intervention.IntervCroquis | gest.intervention.IntervRemiseProp | gest.secCiv.Mission,mIDFichier,idFichier,idFichier,1,5,,
gest.graph.GraphPalier,mIDFichierSVG,idFichierSVG,idFichierSvg,1,1,,
gest.rapport.Rapport,mIDFichJasper,idFichJasper,idFichJasper,1,1,,
gest.rapport.Rapport,mIDFichXML,idFichXML,idFichXml,1,1,,
gest.borne.TypeMaintBorne | gest.classif.Classif,mIDFormulaire,idFormulaire,idFormulaire,1,2,,
gest.borne.ModeleBorne | gest.equipement.EquipConsom | gest.equipement.EquipExist | gest.secCiv.RessSecCiv,mIDFournisseur,idFournisseur,idFournisseur,1,4,,
gest.intervention.IntervVehAccident,mIDFournSAAQ,idFournSAAQ,idFournSaaq,1,1,,
gest.activite.ActionCondition | gest.employe.EmployeNomin | gest.horaire.CritereAttribDispo,mIDGrade,idGrade,idGrade,1,3,,
gest.borne.Borne | gest.dossPrev.DossPrev | gest.equipement.TypeEquipement | gest.gen.PhotoFich | gest.planInterv.PlanInterv | gest.secCiv.Mission | gest.vehicule.Vehicule,mIDGraph,idGraph,idGraph,1,7,,
gest.rci.RciAnalyse | gest.rci.RciLieu,mIDGraphCroquisLieu,idGraphCroquisLieu,idGraphCroquisLieu,1,2,,
gest.rci.RciAnalyse,mIDGraphCroquisOrigine,idGraphCroquisOrigine,idGraphCroquisOrigine,1,1,,
gest.rci.RciLieu,mIDGraphCroquisPoint,idGraphCroquisPoint,idGraphCroquisPoint,1,1,,
gest.activite.ActionCondition,mIDGroupeAction,idGroupeAction,idGroupeAction,1,1,,
gest.activite.InfoHistoEmploye,mIDHistoActivite,idHistoActivite,idHistoActivite,1,1,,
gest.equipement.EquipExist,mIDHisto,idHistorique,idHistorique,1,1,,
gest.horaire.HorQuart,mIDHoraire,idHoraire,idHoraire,1,1,,
gest.feuilleTemps.TempsPaye,mIDInfoEmploye,idInfoEmploye,idInformationEmploye,1,1,,
gest.intervention.MemoFacturation | gest.intervention.RapportOfficier | gest.rci.Rci,mIDIntervention,idIntervention,idIntervention,1,3,,
gest.gen.Entite,idJPA,idJPA,idJpa,1,1,,
gest.dossPrev.PersonneRess | gest.employe.Employe | gest.utilGroupe.Utilisateur,mIDLangue,idLangue,idLangue,1,3,,
gest.rci.RciLieu,mIDLieuOrigine,idLieuOrigine,idLieuOrigine,1,1,,
gest.config.ParamConfig | gest.config.ParamConfigSSI | gest.horaire.ParamHoraire,mIDLogo,idLogo,idLogo,1,3,,
gest.intervention.ParamViewer,mIDLogoRAO,idLogoRAO,idLogoRao,1,1,,
gest.maintEquip.MaintEquip,mIDMaintenance,idMaintenance,idMaintenance,1,1,,
gest.maintEquip.MaintEquipHisto$NDeplaceConsom,iIDMaintEquipHisto,idMaintenanceEquipementHistorique,idMaintenanceEquipementHistorique,1,1,,
gest.equipement.EquipConsom | gest.maintEquip.MaintEquipHisto,mIDMaintEquip,idMaintEquip,idMaintEquip,1,2,,
gest.maintEquip.MaintEquipHisto,mIDMaintEquipHistoOriginal,idMaintEquipHistoOriginal,idMaintEquipHistoOriginal,1,1,,
gest.rci.Rci,mIDMandataire,idMandataire,idMandataire,1,1,,
gest.secCiv.LogSinistre,mIDMission,idMission,idMission,1,1,,
gest.intervention.IntervCauseIncendie | gest.rci.RciLieu,mIDModeInflammation,idModeInflammation,idModeInflammation,1,2,,
gest.borne.BorneIncendie,mIDModeleBorne,idModeleBorne,idModeleBorne,1,1,,
gest.horaire.HorQuart | gest.horaire.Horaire,mIDModeleHoraire,idModeleHoraire,idModeleHoraire,1,2,,
gest.horaire.ModeleHorQuart,mIDModeleHoraireBasculePerpet,idModeleHoraireBasculePerpet,idModeleHoraireBasculePerpet,1,1,,
gest.horaire.HorQuart | gest.horaire.PreHorQuart,mIDModeleHorQuart,idModeleHorQuart,idModeleHorQuart,1,2,,
gest.secCiv.LogSinistre | gest.secCiv.Sinistre,mIDNivAlerte,idNivAlerte,idNivAlerte,1,2,,
gest.borne.AnomBorne,mIDNivPriorite,idNiveauPriorite,idNiveauPriorite,1,1,,
gest.histo.Histo,mIDNomEntite,idNomEntite,idNomEntite,1,1,,
gest.secCiv.LogSinistre,mIDObjectif,idObjectif,idObjectif,1,1,,
gest.dossPrev.HistoImportDossPrev,mIDOperateur,idOperateur,idOperateur,1,1,,
gest.dossPrev.ProdDang,mIDPageJaune,idPageJaune,idPageJaune,1,1,,
gest.dossPrev.DossPrev,mIDParementExt,idParementExterieur,idParementExterieur,1,1,,
gest.vehicule.Compartiment,mIDParent,idParent,idParent,1,1,,
gest.planInterv.PlanContact,mIDPersonneRess,idPersonneRess,idPersonneRess,1,1,,
gest.dossPrev.DossPrev,mIDPlancher,idPlancher,idPlancher,1,1,,
gest.planInterv.PlanInterv,mIDPlanImplantation,idPlanImplantation,idPlanImplantation,1,1,,
gest.secCiv.LogSinistre,mIDPPI,idPPI,idPpi,1,1,,
gest.horaire.HorQuart,mIDPreHorQuart,idPreHorQuart,idPreHorQuart,1,1,,
gest.intervention.IntervVictimeDetail,mIDPremiersSoins,idPremiersSoins,idPremiersSoins,1,1,,
gest.rci.RciLieu,mIDPremMatEnflamme,idPremMatEnflamme,idPremMatEnflamme,1,1,,
gest.prevention.Prevention,mIDPrevAvisAssoc,idPrevAvisAssoc,idPrevisionAvisAssociation,1,1,,
gest.prevention.Prevention,mIDPreventionSrc,idPreventionSrc,idPreventionSrc,1,1,,
gest.prevention.Prevention,mIDPrevSrc,idPrevSrc,idPrevisionSrc,1,1,,
gest.formation.CoursAvantEmbauche | gest.formation.Formation | gest.horaire.Horaire | gest.horaire.ModeleHoraire,mIDProgramme,idProgramme,idProgramme,1,4,,
gest.rci.RciLieu,mIDPropagation,idPropagation,idPropagation,1,1,,
gest.borne.BorneSeche | gest.borne.Bouchon | gest.planInterv.ColonneMontante | gest.planInterv.Gicleur,mIDRaccord,idRaccord,idRaccord,1,4,,
gest.planInterv.ColonneMontante,mIDRaccordCageEscalier,idRaccordCageEscalier,idRaccordCageEscalier,1,1,,
gest.planInterv.ColonneMontante,mIDRaccordPlafondSolive,idRaccordPlafondSolive,idRaccordPlafondSolive,1,1,,
gest.prevention.Report,mIDRaisonReport,idRaisonReport,idRaisonReport,1,1,,
gest.prevention.PrevAvis,mIDRappAvis1,idRappAvis1,idRappAvis1,1,1,,
gest.prevention.PrevAvis,mIDRappAvis2,idRappAvis2,idRappAvis2,1,1,,
gest.prevention.PrevAvis,mIDRappAvis3,idRappAvis3,idRappAvis3,1,1,,
gest.prevention.PrevAvis,mIDRappAvisPrev,idRappAvisPrev,idRappAvisPrevision,1,1,,
gest.prevention.PrevForm,mIDRappForm,idRappForm,idRappForm,1,1,,
gest.prevention.PrevForm,mIDRappFormDefaut,idRappFormDefaut,idRappFormDefaut,1,1,,
gest.prevention.RapportAvis | gest.raisonReport.RaisonReport | gest.rapport.RapportPerso,mIDRapport,idRapport,idRapport,1,3,,
gest.centreDesRapports.SectionRapportCentral,mIDRapportCentral,idRapportCentral,idRapportCentral,1,1,,
gest.centreDesRapports.SectionRapportCentral | gest.listePerso.ListePerso,mIDRapportExpert,idRapportExpert,idRapportExpert,1,2,,
gest.maintenance.Maintenance | gest.maintenance.TypeMaint,mIDRapportPerso,idRapportPerso,idRapportPerso,1,2,,
gest.intervention.IntervEnquete,mIDRemisPar,idRemisPar,idRemisPar,1,1,,
gest.borne.MaintBorne | gest.docum.Docum | gest.dossPrev.PeriodiciteDossPrev | gest.equipement.PeriodiciteEquip | gest.formation.Formation | gest.horaire.HorQuart | gest.horaire.Horaire | gest.intervention.Intervention | gest.intervention.SuiviIntervention | gest.maintEquip.MaintEquip | gest.planInterv.PlanInterv | gest.prevention.Prevention | gest.quart.Quart | gest.rci.Rci | gest.secCiv.MesurePrev | gest.secCiv.Mission | gest.secCiv.PPI | gest.secCiv.Risque | gest.secCiv.Sinistre,mIDResponsable,idResponsable | mIDResponsable,idResponsable,2,19,,
gest.intervention.IntervIntervRessource | gest.planInterv.InfoServPub | gest.secCiv.RessSecCiv,mIDRessource,idRessource,idRessource,1,3,,
gest.secCiv.DroitAccesRessSecCiv | gest.secCiv.LogSinistre | gest.secCiv.ParamSecCiv,mIDRessSecCiv,idRessSecCiv | idRessourceSecuriteCivile,idRessSecCiv,2,3,,
gest.secCiv.MesurePrev,mIDRisque,idRisque,idRisque,1,1,,
gest.secCiv.Mission,mIDRubrique,idRubrique,idRubrique,1,1,,
gest.intervention.IntervSauvetage | gest.intervention.IntervVehFeu,mIDSauvetage,idSauvetage,idSauvetage,1,2,,
gest.intervention.IntervVictimeDetail,mIDSexe,idSexe,idSexe,1,1,,
gest.employe.Employe,mIDSignature,idSignature,idSignature,1,1,,
gest.secCiv.LogSinistre,mIDSinistre,idSinistre,idSinistre,1,1,,
gest.DSI2003.DSI2003Perso,mIDSousCodeMSP,idSousCodeMSP,idSousCodeMsp,1,1,,
[shared],mIDSSI,idSSI,idSsi,1,1,,
gest.intervention.IntervVictimeDetail,mIDStatut,idStatut,idStatut,1,1,,
gest.intervention.IntervProtection,mIDSystAlarmeFonctionne,idSystAlarmeFonctionne,idSystAlarmeFonctionne,1,1,,
gest.dossPrev.Protection,mIDSystAlarme,idSystemeAlarme,idSystemeAlarme,1,1,,
[shared],mIDTypeActivite,idTypeActivite,idTypeActivite,1,1,,
gest.activite.ActionCondition,mIDTypeActiviteActTaux,idTypeActiviteActTaux,idTypeActiviteActTaux,1,1,,
gest.horaire.ModeleHorQuart | gest.horaire.PreHorQuart,mIDTypeActiviteProf,idTypeActiviteProf,idTypeActiviteProf,1,2,,
gest.activite.InfoEmploye,mIDTypeActiviteRempl,idTypeActiviteRemplacant,idTypeActiviteRemplacant,1,1,,
gest.formElec.ParamFigureSaisie | gest.prevention.PrevAnom,mIDTypeAnom,idTypeAnom,idTypeAnom,1,2,,
gest.typeAssistanceParticuliere.AssistanceParticuliere,mIDTypeAssistanceParticuliere,idTypeAssistanceParticuliere,idTypeAssistanceParticuliere,1,1,,
gest.dossPrev.DossPrev,mIDTypeBatiment,idTypeBatiment,idTypeBatiment,1,1,,
gest.champPerso.ChampPerso | gest.formElec.ParamFigureSaisie,mIDTypeChampPerso,idTypeChampPerso,idTypeChampPerso,1,2,,
gest.dossPrev.Chauffage,mIDTypeChauffage,idTypeChauffage,idTypeChauffage,1,1,,
gest.dossPrev.Chauffage,mIDTypeCheminee,idTypeCheminee,idTypeCheminee,1,1,,
gest.dossPrev.DossPrev,mIDTypeConstruction,idTypeConstruction,idTypeConstruction,1,1,,
gest.equipement.EquipConsom | gest.equipement.EquipExist | gest.equipement.QteRequise | gest.formation.FormMateriel | gest.intervention.IntervMateriel,mIDTypeEquipement,idTypeEquipement,idTypeEquipement,1,5,,
gest.maintEquip.MaintEquip,mIDTypeEquipementMaint,idTypeEquipementMaint,idTypeEquipementMaint,1,1,,
gest.graph.Graph,mIDTypeGraph,idTypeGraph,idTypeGraph,1,1,,
gest.borne.MaintBorne | gest.equipement.PeriodiciteEquip | gest.maintEquip.MaintEquip,mIDTypeMaint,idTypeMaint | idTypeMaintenance | mIDTypeMaint,idTypeMaintenance,3,3,,
gest.borne.BornePer,mIDTypeMaintBorne,idTypeMaintBorne,idTypeMaintBorne,1,1,,
gest.maintEquip.EtatEquipement,mIDTypeMaintSurNouvMaint,idTypeMaintSurNouvMaint,idTypeMaintSurNouvMaint,1,1,,
gest.prevention.Prevention,mIDTypePrev,idTypePrev,idTypePrevision,1,1,,
gest.dossPrev.PeriodiciteDossPrev,mIDTypePrevention,idTypePrevention,idTypePrevention,1,1,,
gest.dossPrev.DossPrev,mIDTypeToit,idTypeToit,idTypeToit,1,1,,
gest.borne.BorneIncendie,mIDTypeValve,idTypeValve,idTypeValve,1,1,,
gest.borne.BorneIncendie,mIDUsageBorne,idUsageBorne,idUsageBorne,1,1,,
gest.dossPrev.DossPrev,mIDUsageDuLocal,idUsageDuLocal,idUsageDuLocal,1,1,,
gest.dossPrev.DossPrev,mIDUsagePrincipal,idUsagePrincipal,idUsagePrincipal,1,1,,
gest.preference.Preference,mIDUtilGroupe,idUtilGroupe,idUtilGroupe,1,1,,
gest.employe.Employe | gest.histo.Histo | gest.secCiv.RessSecCiv,mIDUtilisateur,idUtilisateur,idUtilisateur,1,3,,
gest.employe.Employe | gest.equipement.SituationEquipement | gest.horaire.InfoEmployeQuart | gest.intervention.IntervIntervEmploye | gest.intervention.IntervIntervEquipe | gest.maintEquip.MaintEquipHisto | gest.planInterv.AlimDisp,mIDVehicule,idVehicule,idVehicule,1,7,,
gest.rci.VehImplique,mIDVeh,idVehiculeIntervention,idVehiculeIntervention,1,1,,
gest.maintEquip.MaintEquip,mIDVehiculeMaint,idVehiculeMaint,idVehiculeMaint,1,1,,
gest.secCiv.LogSinistre,mIDVerif,idVerif,idVerif,1,1,,
gest.rci.Rci,mIDVerificateur,idVerificateur,idVerificateur,1,1,,
gest.listePerso.ListePerso$NCol,iFormat,iFormat,iFormat,1,1,,
gest.listePerso.ListePerso$NCol,iFormatDonnee,iFormatDonnee,iFormatDonnee,1,1,,
gest.gen.ParamStatPresActivite,mIgnorerFeuilleTemps,ignorerFeuilleTemps,ignorerFeuilleTemps,1,1,,
gest.gen.Requete$NComplexeComparaison,iHashCritere,iHashCritere,iHashCritere,1,1,,
gest.rci.RciRapportEnquete$NIDPhotoFich,iID,iID,iId,1,1,,
gest.listePerso.ListePerso$NGroupe,iIdentCol,iIdentCol,iIdentCol,1,1,,
gest.secCiv.PPI$NMission,iIDMission,iIDMission,iIdMission,1,1,,
gest.listePerso.ListePerso$NGroupe,iInclureDonnees,iInclureDonnees,iInclureDonnees,1,1,,
gest.listePerso.ListePerso$NGroupe,iInclureToutesLesPossibilites,iInclureToutesLesPossibilites,iInclureToutesLesPossibilites,1,1,,
gest.listePerso.ListePerso$NCol,iLargeur,iLargeur,iLargeur,1,1,,
gest.fichier.Fichier,mImageCompressee,imageCompressee,imageCompressee,1,1,,
gest.listePerso.ListePerso$NCol,iMoyenneGlobal,iMoyenneGlobal,iMoyenneGlobal,1,1,,
gest.listePerso.ListePerso$NCol,iMoyenneGroupe,iMoyenneGroupe,iMoyenneGroupe,1,1,,
gest.planInterv.InfoServPub,mImpactOccupant,impactOccupant,impactOccupant,1,1,,
gest.planInterv.InfoServPub,mImpactProcede,impactProcede,impactProcede,1,1,,
gest.dossPrev.DossPrev,mImport,import,import,1,1,,
gest.intervention.ParamCarteAppel,mImporterNumActivite,importerNumActivite,importerNumeroActivite,1,1,,
gest.typePrev.TypePrev,mImpressionPJAnomalies,impressionPJAnomalies,impressionPjAnomalies,1,1,,
gest.feuilleTemps.ParamFeuilleTemps,mImputationBud,imputationBudget,imputationBudget,1,1,,
[shared],mInactif,inactif,inactif,1,1,,
gest.prevention.ParamPrevention,mInclureAnomCorrigeDansAvis,inclureAnomCorrigeDansAvis,inclureAnomCorrigeDansAvis,1,1,,
gest.consolide.DetailEnvoi,mInclureComplete,inclureComplete,inclureComplete,1,1,,
gest.maintenance.TypeMaint,mInclureContenuAssemblage,inclureContenuAssemblage,inclureContenuAssemblage,1,1,,
gest.prevention.PhotoFichPrev,mInclureDansAvis,inclureDansAvis,inclureDansAvis,1,1,,
gest.config.ConfigCompressionImages,mInclureDansRapport,inclureDansRapport,inclureDansRapport,1,1,,
gest.gen.PhotoFich,mInclureDansRapportAct,inclureDansRapportAct,inclureDansRapportAct,1,1,,
gest.gen.Periodicite,mInclureDate,inclureDate,inclureDate,1,1,,
gest.consolide.DetailEnvoi,mInclureEnCours,inclureEnCours,inclureEnCours,1,1,,
gest.maintenance.TypeMaint,mInclureEnServiceOnly,inclureEnServiceOnly,inclureEnServiceOnly,1,1,,
gest.graph.GraphPalier,mInclureFond,inclureFond,inclureFond,1,1,,
gest.secCiv.ParamSecCiv,mInclureInfosSSI,inclureInfosSSI,inclureInfosSsi,1,1,,
gest.secCiv.ParamSecCiv,mInclureNom,inclureNom,inclureNom,1,1,,
gest.feuilleTemps.ParamFeuilleTemps,mInclureNoSemaine,inclureNumeroSemaine,inclureNumeroSemaine,1,1,,
gest.consolide.ParamSSI,mInclurePJ,inclurePJ,inclurePj,1,1,,
gest.consolide.DetailEnvoiSC,mInclureRessources,inclureRessources,inclureRessources,1,1,,
gest.secCiv.ParamSecCiv,mInclureRole,inclureRole,inclureRole,1,1,,
gest.feuilleTemps.ParamFeuilleTemps,mInclureTauxHoraire,inclureTauxHoraire,inclureTauxHoraire,1,1,,
gest.secCiv.ParamSecCiv,mInclureTelephone,inclureTelephone,inclureTelephone,1,1,,
gest.dossPrev.DossPrev | gest.gen.Adresse | gest.gen.Lieu,INDEX_toString,INDEX_toString | index_toString,indexToString,2,3,,
gest.activite.TypeActivite,mIndiqueAbsence,indiqueAbsence,indiqueAbsence,1,1,,
gest.activite.TypeActivite,mIndiquePresenceCaserne,indiquePresenceCaserne,indiquePresenceCaserne,1,1,,
gest.borne.Borne,mIndiquerDateEchue,indiquerDateEchue,indiquerDateEchue,1,1,,
gest.equipement.EquipExist,mIndiquerFinGarantie,indiquerFinGarantie,indiquerFinGarantie,1,1,,
gest.champPerso.TypeChampPerso,mIndiquerMax,indiquerMax,indiquerMaximum,1,1,,
gest.champPerso.TypeChampPerso,mIndiquerMin,indiquerMin,indiquerMinimum,1,1,,
gest.equipement.EquipExist,mIndiquerPeremption,indiquerPeremption,indiquerPeremption,1,1,,
gest.horaire.HorQuart | gest.quart.Quart,mInfoHistoEmploye,infoHistoEmploye,informationHistoEmploye,1,2,,
gest.intervention.IntervIntervenant,mInfoIntervEmploye,infoIntervEmploye,informationInterventionEmploye,1,1,,
gest.intervention.IntervIntervenant,mInfoIntervEmployeSupp,infoIntervEmployeSupp,informationInterventionEmployeSupp,1,1,,
gest.secCiv.Sinistre,mInfoPublique,infoPublique,informationPublique,1,1,,
gest.typeAssistanceParticuliere.AssistanceParticuliere,mInformationsAdditionnelles,informationsAdditionnelles,informationsAdditionnelles,1,1,,
gest.feuilleTemps.ParamFeuilleTemps,mInfosAuthAurora,infosAuthAurora,infosAuthAurora,1,1,,
gest.maintEquip.MaintEquip,mInitEquipement,initEquipement,initEquipement,1,1,,
gest.dossPrev.DossPrev$NAliasNom | gest.listePerso.ListePerso$NCol | gest.listePerso.ListePerso$NGroupe | gest.listePerso.ListePerso$NTri | gest.rci.Disjoncteur$NFusible | gest.rci.RciDescBatiment$NElementPanneauElectrique,iNom,iNom | nom,iNom,2,6,,
gest.typePrev.TypePrev,mInspection,inspection,inspection,1,1,,
gest.borne.ModeleBorne,mInstallation,installation,installation,1,1,,
gest.rci.Rci,mIntensite,intensite,intensite,1,1,,
gest.planInterv.PlanAcces,mInterieur,interieur,interieur,1,1,,
gest.gen.Periodicite,mIntervalle,intervalle,intervalle,1,1,,
gest.rci.Rci,mIntervCause,intervCause,interventionCause,1,1,,
gest.intervention.IntervVehFeu,mIntervCauseIncendie,intervCauseIncendie,interventionCauseIncendie,1,1,,
gest.intervention.Intervention,mIntervenant,intervenant,intervenant,1,1,,
gest.intervention.Intervention,mIntervFeuExterieur,interventionFeuExterieur,interventionFeuExterieur,1,1,,
gest.intervention.Intervention,mIntervMemoFacturation,interventionMemoFacturation,interventionMemoFacturation,1,1,,
gest.intervention.Intervention,mIntervPerteIndirecte,interventionPerteIndirecte,interventionPerteIndirecte,1,1,,
gest.intervention.IntervVehicule,mIntervVehAccident,intervVehAccident,interventionVehAccident,1,1,,
gest.intervention.IntervVehicule,mIntervVehFeu,intervVehFeu,interventionVehFeu,1,1,,
gest.listePerso.ListePerso$NTri,iOrdreTri,iOrdreTri,iOrdreTri,1,1,,
gest.listePerso.ListePerso$NGroupe,iProvenanceValeursPossibles,iProvenanceValeursPossibles,iProvenanceValeursPossibles,1,1,,
gest.horaire.Horaire,mIsLastEstimationModifie,isLastEstimationModifie,isLastEstimationModifie,1,1,,
gest.listePerso.ListePerso$NGroupe,iSommaire,iSommaire,iSommaire,1,1,,
gest.horaire.InfoEmployeQuart,mIsPartielFinPlusGrandEgalQuart,isPartielFinPlusGrandEgalQuart,isPartielFinPlusGrandEgalQuart,1,1,,
gest.gen.ParamPropCouleur$NEntreeDeLegende,mIsRange,isRange,isRange,1,1,,
gest.rci.RciDescBatiment$NElementPanneauElectrique,iStatut,iStatut,iStatut,1,1,,
gest.secCiv.PPI$NMission,iTexte,iTexte,iTexte,1,1,,
gest.listePerso.ListePerso$NCol,iTotalGlobal,iTotalGlobal,iTotalGlobal,1,1,,
gest.listePerso.ListePerso$NCol,iTotalGroupe,iTotalGroupe,iTotalGroupe,1,1,,
gest.gen.Requete$NComplexeComparaison | gest.rci.RciDescBatiment$NFusible,iType,iType,iType,1,2,,
gest.secCiv.PPI$NMission,iVectObjectif,iVectObjectif,iVectObjectif,1,1,,
gest.listePerso.ListePerso$NGroupe,iVectValeursSpecifiques,iVectValeursSpecifiques,iVectValeursSpecifiques,1,1,,
gest.secCiv.PPI$NMission,iVisible,iVisible,iVisible,1,1,,
gest.gen.Periodicite,mJour,jour,jour,1,1,,
gest.horaire.ModeleHorQuart,mJourDebut,jourDebut,jourDebut,1,1,,
gest.horaire.ModeleHorQuart,mJourFin,jourFin,jourFin,1,1,,
gest.plageHoraire.PlageHoraire,mJourMois,jourMois,jourMois,1,1,,
gest.plageHoraire.PlageHoraire,mJourNum,jourNum,jourNumero,1,1,,
gest.plageHoraire.PlageHoraire,mJourSem,jourSem,jourSem,1,1,,
com.db4o.config.Entry,key,key,key,1,1,,
gest.formElec.ParamFigureSaisie,mLabel,label,label,1,1,,
gest.planInterv.BatDebitNecessaire,mLarg,larg,larg,1,1,,
gest.config.ParamConfigGeneral,mLastBakVerif,lastBakVerif,lastBakVerif,1,1,,
gest.horaire.Horaire,mLastEstimation,lastEstimation,lastEstimation,1,1,,
gest.gen.EntiteContientID,mLastFusionTime,lastFusionTime,lastFusionTime,1,1,,
gest.config.ParamConfigGeneral,mLastJMSAlerteSent,lastJMSAlerteSent,lastJmsAlerteSent,1,1,,
gest.planInterv.PlanInterv,mLastPlanRAOName,lastPlanRAOName,lastPlanRaoName,1,1,,
gest.mobile.Mobile,mLastSyncSrvID,lastSyncSrvID,lastSyncServiceId,1,1,,
gest.horaire.HorQuart,mLastWSUpdate,lastWSUpdate,lastWsUpdate,1,1,,
gest.gen.LongLat,mLat,lat,lat,1,1,,
java.util.UUID,leastSigBits,leastSigBits,leastSigBits,1,1,,
gest.gen.ParamPropCouleur,mLegende,legende,legende,1,1,,
gest.activite.InfoEmploye,mLibere,libere,libere,1,1,,
gest.borne.Borne | gest.intervention.Intervention | gest.planInterv.BatDebitNecessaire | gest.prevention.PrevAnom | gest.rci.Saisie | gest.secCiv.RessSecCiv,mLieu,lieu,lieu,1,6,,
gest.formElec.ParamFigureSaisie,mLieuAnom,lieuAnom,lieuAnom,1,1,,
gest.intervention.Intervention,mLieuArrond,lieuArrond,lieuArrond,1,1,,
gest.intervention.Intervention,mLieuCodeGeo,lieuCodeGeo,lieuCodeGeo,1,1,,
gest.intervention.Intervention,mLieuCodePost,lieuCodePost,lieuCodePost,1,1,,
gest.planInterv.Gicleur | gest.planInterv.PlanRepartiteur,mLieuInteret,lieuInteret,lieuInteret,1,2,,
gest.intervention.Intervention,mLieuInterv,lieuInterv,lieuIntervention,1,1,,
gest.rci.Temoin,mLieuNarration,lieuNarration,lieuNarration,1,1,,
gest.intervention.IntervCauseIncendie | gest.rci.RciAnalyse | gest.rci.RciLieu,mLieuOrigine,lieuOrigine,lieuOrigine,1,3,,
gest.intervention.IntervCauseIncendie | gest.rci.RciLieu,mLieuOrigineDesc,lieuOrigineDesc,lieuOrigineDescription,1,2,,
gest.intervention.Intervention,mLieuSecteur,lieuSecteur,lieuSecteur,1,1,,
gest.feuilleTemps.ParamFeuilleTemps,mLieuTravail,lieuTravail,lieuTravail,1,1,,
gest.gen.ParamPropCouleur$NEntreeDeLegende,mLimiteMax,limiteMax,limiteMaximum,1,1,,
gest.gen.ParamPropCouleur$NEntreeDeLegende,mLimiteMin,limiteMin,limiteMinimum,1,1,,
gest.rci.Constat,mVectAccumul,listeAccumul,listeAccumul,1,1,,
gest.activite.TypeActivite,mVectActionCondition,listeActionCondition,listeActionCondition,1,1,,
gest.borne.BorneIncendie,mVectAdaptateur,listeAdaptateur,listeAdaptateur,1,1,,
gest.dossPrev.DossPrev,mVectAliasAdresse,listeAliasAdresse,listeAliasAdresse,1,1,,
gest.dossPrev.DossPrev,mVectAliasNom,listeAliasNom,listeAliasNom,1,1,,
gest.planInterv.PlanAlimEau,mVectAlimEauPrive,listeAlimEauPrive,listeAlimEauPrive,1,1,,
gest.planInterv.PlanAlimEau,mVectAlimPompe,listeAlimPompe,listeAlimPompe,1,1,,
gest.planInterv.PlanAlimEau,mVectAlimPrinc,listeAlimPrinc,listeAlimPrinc,1,1,,
gest.planInterv.PlanAlimEau,mVectAlimSecours,listeAlimSecours,listeAlimSecours,1,1,,
gest.dossPrev.DossPrev,mVectOldMatricule,listeAncienMatricule,listeAncienMatricule,1,1,,
gest.maintEquip.EtatEquipement | gest.maintEquip.MaintEquipHisto,mVectAnnexeMaintenance,listeAnnexeMaintenance,listeAnnexeMaintenance,1,2,,
gest.planInterv.PlanConst,mVectAscPJ,listeAscenseurPieceJointe,listeAscenseurPieceJointe,1,1,,
gest.typePrev.TypePrev,mVectAssocExtraDataCP,listeAssocExtraDataCP,listeAssociationExtraDataCodePostal,1,1,,
gest.planInterv.PlanAlimEau,mVectBatDebitNecessaire,listeBatDebitNecessaire,listeBatDebitNecessaire,1,1,,
gest.borne.Borne | gest.borne.ModeleBorne,mVectBornePer,listeBornePer | listeBornePeriodique,listeBornePeriodique,2,2,,
gest.borne.Borne | gest.borne.ModeleBorne,mVectBornePiece,listeBornePiece,listeBornePiece,1,2,,
gest.borne.ModeleBorne,mVectBouchon,listeBouchon,listeBouchon,1,1,,
gest.rci.VehImplique,mVectCarrosserie,listeCarr,listeCarr,1,1,,
gest.intervention.Intervention,mVectCarteAppelRenfort,listeCarteAppelRenfort,listeCarteAppelRenfort,1,1,,
gest.intervention.ParamIntervention,mVectCausesProbables,listeCausesProbables,listeCausesProbables,1,1,,
gest.dossPrev.DossPrev | gest.horaire.HorQuart | gest.maintEquip.MaintEquipHisto | gest.prevention.Prevention,mVectChampPerso,listeChampPerso,listeChampPerso,1,4,,
gest.feuilleTemps.ParamFeuilleTemps,mVectChampsFeuilleTemps,listeChampsFeuilleTemps,listeChampsFeuilleTemps,1,1,,
gest.champPerso.TypeChampPerso,mVectChoix,listeChoix,listeChoix,1,1,,
gest.consolide.ParamConsolide,mVectClassCorrToString,listeClassCorrToString,listeClassCorrToString,1,1,,
gest.feuilleTemps.ParamFeuilleTemps,mVectCodeGain,listeCodeGain,listeCodeGain,1,1,,
gest.plancher.Plancher,mVectCodesAgricole,listeCodesAgricole,listeCodesAgricole,1,1,,
gest.parement.Parement | gest.plancher.Plancher | gest.typeChauffage.TypeChauffage | gest.typeCheminee.TypeCheminee,mVectCodesSMI,listeCodesSMI,listeCodesSmi,1,4,,
gest.parement.Parement | gest.plancher.Plancher | gest.typeChauffage.TypeChauffage | gest.typeCheminee.TypeCheminee,mVectCodesSMICommercial,listeCodesSMICommercial,listeCodesSmiCommercial,1,4,,
gest.parement.Parement,mVectCodesSMIFerme,listeCodesSMIFerme,listeCodesSmiFerme,1,1,,
gest.dossPrev.ParamDossPrev,mVectCodeUsageRempl,listeCodeUsageRemplacement,listeCodeUsageRemplacement,1,1,,
gest.planInterv.PlanProtection,mVectColonneMontante,listeColonneMontante,listeColonneMontante,1,1,,
gest.rci.RciCause | gest.rci.SourceChaleur,mVectCombustible,listeCombustible,listeCombustible,1,2,,
gest.activite.ActionCondition,mVectCommenceIntervalleDate,listeCommenceIntervalleDate,listeCommenceIntervalleDate,1,1,,
gest.activite.ActionCondition,mVectCommencePlageHoraire,listeCommencePlageHoraire,listeCommencePlageHoraire,1,1,,
gest.caserne.Caserne | gest.vehicule.Vehicule,mVectCompartiment,listeCompartiment,listeCompartiment,1,2,,
gest.intervention.ParamIntervention,mVectCompteursParCodesAppel,listeCompteursParCodesAppel,listeCompteursParCodesAppel,1,1,,
gest.prevention.ParamPrevention,mVectCompteursParTypePrev,listeCompteursParTypePrev,listeCompteursParTypePrevision,1,1,,
gest.maintEquip.ParamMaintEquip,mVectConfigImprimCodeBar,listeConfigImprimCodeBar,listeConfigImprimCodeBar,1,1,,
gest.rci.RciEntrevue,mVectConstat,listeConstat,listeConstat,1,1,,
gest.planInterv.PlanConst,mVectConstVide,listeConstVide,listeConstVide,1,1,,
gest.employe.Employe,mVectContactUrgence,listeContactUrgence,listeContactUrgence,1,1,,
gest.employe.Employe,mVectCoursAvantEmbauche,listeCoursAvantEmbauche,listeCoursAvantEmbauche,1,1,,
gest.horaire.ModeleHoraire,mVectCritereAttribDispo,listeCritereAttribDispo,listeCritereAttribDisponible,1,1,,
gest.employe.Employe | gest.grade.Grade,mVectEmployeDateTaux,listeDateTaux | listeEmployeDateTaux,listeDateTaux,2,2,,
gest.planInterv.RepartDirective,mVectDirective,listeDirective,listeDirective,1,1,,
gest.rci.RciDescBatiment,mVectDisjoncteurs,listeDisjoncteurs,listeDisjoncteurs,1,1,,
gest.horaire.Horaire | gest.horaire.ModeleHoraire,mVectDispoRondeSelect,listeDispoRondeSelect,listeDisponibleRondeSelect,1,2,,
gest.rci.Constat,mVectDispositif,listeDispositif,listeDispositif,1,1,,
gest.docum.Docum | gest.secCiv.MesurePrev | gest.secCiv.Mission | gest.secCiv.PPI | gest.secCiv.Risque,mVectDroitAccesRessSecCiv,listeDroitAccesRessSecCiv,listeDroitAccesRessSecCiv,1,5,,
gest.horaire.GroupeRondeSelection,mVectEchelleDispos,listeEchelleDispos,listeEchelleDispos,1,1,,
gest.rci.Constat,mVectEffraction,listeEffraction,listeEffraction,1,1,,
gest.horaire.HorQuart,mVectEmployeDispo,listeEmployeDispo,listeEmployeDisponible,1,1,,
gest.horaire.ModeleHoraire,mVectEmployeesExportedToXLS,listeEmployeesExportedToXLS,listeEmployeesExportedToXls,1,1,,
gest.employe.Employe | gest.employe.EmployeDateTaux,mVectEmployeTaux,listeEmployeTaux | listeTaux,listeTaux,2,2,,
gest.horaire.Horaire,mVectEmplReserv,listeEmplReserv,listeEmplReserv,1,1,,
gest.planInterv.PlanConst,mVectEscalPJ,listeEscalierPieceJointe,listeEscalierPieceJointe,1,1,,
gest.borne.MaintBorne | gest.formation.Formation | gest.gen.Periodicite | gest.horaire.HorQuart | gest.horaire.Horaire | gest.intervention.Intervention | gest.maintEquip.MaintEquip | gest.planInterv.PlanInterv | gest.prevention.Prevention | gest.quart.Quart | gest.rci.Rci,mVectEtape,listeEtape | mVectEtape,listeEtape,2,11,,
gest.intervention.Intervention | gest.planInterv.PlanInterv,mVectTabsStates,listeEtatOnglet | listeTabsStates,listeEtatOnglet,2,2,,
gest.codeAppel.CodeAppel | gest.planInterv.ConfigSectionEtatInitialPourPlan,mVectEtatSections,listeEtatSections,listeEtatSections,1,2,,
gest.rci.Rci,mVectExpertise,listeExpertise,listeExpertise,1,1,,
gest.planInterv.PlanExposition,mVectExposition,listeExposition,listeExposition,1,1,,
gest.rci.Constat,mVectFait,listeFait,listeFait,1,1,,
gest.rci.VehImplique,mVectFluide,listeFluide,listeFluide,1,1,,
gest.schema.ParamSchema,mVectForceFrappe,listeForceFrappe,listeForceFrappe,1,1,,
gest.cours.CoursInterne | gest.formation.Formation,mVectFormMateriel,listeFormMateriel,listeFormMateriel,1,2,,
gest.intervention.ParamIntervention,mVectFournSAAQ,listeFournSAAQ,listeFournSaaq,1,1,,
gest.rci.RciDescBatiment,mVectFusibles,listeFusibles,listeFusibles,1,1,,
gest.planInterv.PlanProtection,mVectGicleur,listeGicleur,listeGicleur,1,1,,
gest.graph.Graph,mVectGraphPalier,listeGraphPalier,listeGraphPalier,1,1,,
gest.horaire.Horaire | gest.horaire.ModeleHoraire,mVectGroupeRondeSelect,listeGroupeRondeSelect,listeGroupeRondeSelect,1,2,,
gest.borne.MaintBorne | gest.formation.Formation | gest.intervention.Intervention | gest.maintEquip.MaintEquip | gest.prevention.Prevention | gest.rci.Rci,mVectHistoActivite,listeHistoActivite | mVectHistoActivite,listeHistoActivite,2,6,,
gest.formation.Formation,mVectHistoActiviteEnseignant,listeHistoActiviteEnseignant,listeHistoActiviteEnseignant,1,1,,
gest.horaire.ModeleHorQuart | gest.horaire.PreHorQuart,mVectHorRestrict,listeHorRestrict,listeHorRestrict,1,2,,
gest.horaire.ModeleHoraire,mVectHorRestrictEmploye,listeHorRestrictEmploye,listeHorRestrictEmploye,1,1,,
gest.activite.InfoEmploye,mVectIDActe,listeIDActe,listeIdActe,1,1,,
gest.maintenance.Maintenance,mVectIDCaserne,listeIDCaserne,listeIdCaserne,1,1,,
gest.planInterv.RepartDirective,mVectIDCodeAppel,listeIDCodeAppel,listeIdCodeAppel,1,1,,
gest.intervention.ParamIntervention$NCompteurParCodeAppel,mVectIDCodeAppel2,listeIDCodeAppel,listeIdCodeAppel,1,1,,
gest.dossPrev.DossPrev | gest.typeAnom.TypeAnom,mVectIDCodeRef,listeIDCodeRef | listeIdCodeRef,listeIdCodeReference,2,2,,
gest.secCiv.PPI,mVectIDDossPrev,listeIDDossPrev,listeIdDossPrevision,1,1,,
gest.horaire.PreHorQuart,mVectIDEmplAttrib,listeIDEmplAttrib,listeIdEmplAttrib,1,1,,
gest.equipe.Equipe | gest.horaire.GroupeRondeSelection | gest.horaire.HorRestrictQuart | gest.horaire.ListeEmployesParCaserne | gest.horaire.PreHorQuart | gest.horaire.RondeReserv | gest.maintenance.Maintenance | gest.utilGroupe.DroitPourUtilisateurs,mVectIDEmploye,listeIDEmploye,listeIdEmploye,1,8,,
gest.horaire.ModeleHoraire,mVectIDEmployeesExportedInXLS,listeIDEmployeesExportedInXLS,listeIdEmployeesExportedInXls,1,1,,
gest.horaire.ModeleHoraire,mVectIDEmployePermis,listeIDEmployePermis,listeIdEmployePermis,1,1,,
gest.horaire.RondeReserv,mVectIDEquipe,listeIDEquipe,listeIdEquipe,1,1,,
gest.maintenance.Maintenance,mVectIDEquipement,listeIDEquipement,listeIdEquipement,1,1,,
gest.maintenance.Maintenance,mVectIDEquipExist,listeIDEquipement,listeIdEquipement,1,1,,
gest.equipe.Equipe,mVectIDEquipeOuIDEmpl,listeIDEquipeOuIDEmploye,listeIdEquipeOuIdEmploye,1,1,,
gest.horaire.ModeleHoraire,mVectIDEquipePermis,listeIDEquipePermis,listeIdEquipePermis,1,1,,
gest.horaire.HorRestrictQuart | gest.utilGroupe.DroitPourUtilisateurs,mVectIDGrade,listeIDGrade,listeIdGrade,1,2,,
gest.graph.GraphLib,mVectIDGraph,listeIDGraph,listeIdGraph,1,1,,
gest.graph.TypeGraph,mVectIDGraphLib,listeIDGraphLib,listeIdGraphLibelle,1,1,,
gest.gen.EntiteParam.NCompteur | gest.prevention.ParamPrevention$NCompteurParTypePrev | gest.utilGroupe.DroitPourUtilisateurs,mVectIDGroupe,listeIDGroupe,listeIdGroupe,1,3,,
gest.utilGroupe.Utilisateur,mVectIDGroupeParents,listeIdGroupeParents,listeIdGroupeParents,1,1,,
gest.secCiv.RessSecCiv | gest.secCiv.Sinistre,mVectIDMission,listeIDMission,listeIdMission,1,2,,
gest.horaire.HorRestrictEmploye,mVectIDModeleHorQuart,listeIDModeleHorQuart,listeIdModeleHorQuart,1,1,,
gest.secCiv.Objectif,mVectIDNivAlerte,listeIDNivAlerte,listeIdNivAlerte,1,1,,
gest.secCiv.Sinistre,mVectIDPPI,listeIDPPI,listeIdppi,1,1,,
gest.horaire.Horaire | gest.horaire.ModeleHoraire,mVectIDProf,listeIDProf,listeIdProf,1,2,,
gest.cours.CoursInterne | gest.grade.Grade,mVectIDProgramme,listeIDProgramme | listeIdProgramme,listeIdProgramme,2,2,,
gest.horaire.GroupeRondeSelection,mVectIDQuart,listeIDQuart,listeIdQuart,1,1,,
gest.rapport.RapportPerso,mVectIDSection,listeIDSection,listeIdSection,1,1,,
gest.config.ParamConfigGeneral,mVectIDSousSSI,listeIdSousSSI,listeIdSousSsi,1,1,,
gest.utilGroupe.Utilisateur,mVectIDSSSI,listeIdsSSI,listeIdsSsi,1,1,,
gest.horaire.CritereAttribDispo,mVectIDTypeActiv,listeIDTypeActivite,listeIdTypeActivite,1,1,,
gest.activite.Acte | gest.activite.ActionCondition,mVectIDTypeActivite,listeIDTypeActivite,listeIdTypeActivite,1,2,,
gest.activite.ActionCondition,mVectIDTypeActivitePreseance,listeIDTypeActivitePreseance,listeIdTypeActivitePreseance,1,1,,
gest.formElec.Section | gest.typePrev.TypePrev,mVectIDTypeAnom,listeIDTypeAnom | listeIdTypeAnom,listeIdTypeAnom,2,2,,
gest.prevention.ParamPrevention,mVectIDTypeChampPersoCol,listeIdTypeChampPersoCol,listeIdTypeChampPersoCol,1,1,,
gest.maintenance.Maintenance,mVectIDTypeEquipement,listeIDTypeEquipement,listeIdTypeEquipement,1,1,,
gest.maintenance.Maintenance,mVectIDVehicule,listeIDVehicule,listeIdVehicule,1,1,,
gest.activite.InfoHistoEmploye,mVectInfoEmploye,listeInfoEmploye,listeInformationEmploye,1,1,,
gest.borne.MaintBorne | gest.formation.Formation | gest.maintEquip.MaintEquip | gest.prevention.Prevention | gest.rci.Rci,mVectInfoHistoEmploye,listeInfoHistoEmploye | mVectInfoHistoEmploye,listeInformationHistoEmploye,2,5,,
gest.formation.Formation,mVectInfoHistoEmployeEnseignant,listeInfoHistoEmployeEnseignant,listeInformationHistoEmployeEnseignant,1,1,,
gest.planInterv.PlanServPub,mVectInfoServPub,listeInfoServPub,listeInformationServPub,1,1,,
gest.plageHoraire.PlageHoraire,mVectIntervalleHeure,listeIntervalleHeure,listeIntervalleHeure,1,1,,
gest.plageHoraire.PlageHoraire,mVectIntervalleIntAnnee,listeIntervalleIntAnnee,listeIntervalleIntAnnee,1,1,,
gest.plageHoraire.PlageHoraire,mVectIntervalleIntJourMois,listeIntervalleIntJourMois,listeIntervalleIntJourMois,1,1,,
gest.intervention.Intervention,mVectIntervAutreBatiment,listeIntervAutreBatiment,listeInterventionAutreBatiment,1,1,,
gest.intervention.IntervIntervenant,mVectIntervEntraide,listeIntervEntraide,listeInterventionEntraide,1,1,,
gest.intervention.IntervIntervenant,mVectIntervEquipe,listeIntervEquipe,listeInterventionEquipe,1,1,,
gest.intervention.IntervIntervenant,mVectIntervEquipeSupp,listeIntervEquipeSupp,listeInterventionEquipeSupp,1,1,,
gest.intervention.IntervEquipement,mVectIntervMateriel,listeIntervMateriel,listeInterventionMateriel,1,1,,
gest.intervention.IntervIntervenant,mVectIntervRessource,listeIntervRessource,listeInterventionRessource,1,1,,
gest.intervention.IntervVieHumaine,mVectIntervSauvetage,listeIntervSauvetage,listeInterventionSauvetage,1,1,,
gest.intervention.Intervention,mVectIntervVehicule,listeIntervVehicule,listeInterventionVehicule,1,1,,
gest.intervention.IntervVehFeu | gest.intervention.IntervVieHumaine,mVectIntervVictimeDetail,listeIntervVictimeDetail,listeInterventionVictimeDetail,1,2,,
gest.rci.VehImplique,mVectIntPiece,listeIntPiece,listeIntPiece,1,1,,
gest.utilGroupe.Utilisateur,mVectLicConcur,listeLicConcur,listeLicConcur,1,1,,
gest.rci.Constat,mVectLocInapprop,listeLocInapprop,listeLocalisationInapprop,1,1,,
gest.maintEquip.MaintEquip,mVectMaintEquipHisto,listeMaintEquipHisto,listeMaintEquipHisto,1,1,,
gest.rci.VehImplique,mVectMec,listeMecanique,listeMecanique,1,1,,
gest.intervention.MemoFacturation,mVectMemoFactDetail,listeMemoFactDetail,listeMemoFactDetail,1,1,,
gest.intervention.IntervMemoFacturation,mVectMemoFacturation,listeMemoFacturation,listeMemoFacturation,1,1,,
gest.horaire.ModeleHoraire,mVectModeleHorQuart,listeModeleHorQuart,listeModeleHorQuart,1,1,,
gest.licence.Licence,mVectModule,listeModule,listeModule,1,1,,
gest.prevention.ParamPrevention,mVectMotsClesAnom,listeMotsClesAnom,listeMotsClesAnom,1,1,,
gest.centreDesRapports.SectionRapportCentral | gest.listePerso.ListePerso,mVectNCol,listeNCol,listeNCol,1,2,,
gest.maintEquip.MaintEquipHisto,mVectNDeplaceConsom,listeNDeplaceConsom,listeNDeplaceConsom,1,1,,
gest.cauca.ParamCauca,mVectNDernImport,listeNDernImport,listeNDernImport,1,1,,
gest.rci.Disjoncteur,mVectNFusible,listeNFusible,listeNFusible,1,1,,
gest.centreDesRapports.SectionRapportCentral | gest.listePerso.ListePerso,mVectNGroupe,listeNGroupe,listeNGroupe,1,2,,
gest.rci.RciRapportEnquete,mVectNIDPhotoFich,listeNIDPhotoFich,listeNidPhotoFich,1,1,,
gest.horaire.ModeleHoraire,mVectNivDispo,listeNivDispo,listeNivDisponible,1,1,,
gest.secCiv.PPI,mVectNMission,listeNMission,listeNMission,1,1,,
gest.consolide.ParamSSI,mVectNModuleDetail,listeNModuleDetail,listeNModuleDetail,1,1,,
gest.secCiv.ParamSecCiv,mVectNodeDocum,listeNodeDocum,listeNodeDocum,1,1,,
gest.employe.Employe,mVectEmployeNomin,listeNomination,listeNomination,1,1,,
gest.employe.Employe,mVectNonDispo,listeNonDisponibilite,listeNonDisponibilite,1,1,,
gest.centreDesRapports.SectionRapportCentral | gest.listePerso.ListePerso,mVectNTri,listeNTri,listeNTri,1,2,,
gest.dossPrev.ParamDossPrev | gest.intervention.ParamCarteAppel,mVectNValRempl,listeNValRempl | listeValeurRemplacement,listeValeurRemplacement,2,2,,
gest.secCiv.Mission,mVectObjectif,listeObjectif,listeObjectif,1,1,,
gest.rci.Constat,mVectObservation,listeObservation,listeObservation,1,1,,
gest.licence.Licence,mVectOption,listeOption,listeOption,1,1,,
gest.secCiv.Mission | gest.secCiv.PPI | gest.secCiv.ParamSecCiv,mVectOutilExterne,listeOutilExterne,listeOutilExterne,1,3,,
gest.rapport.Rapport,mVectPageSupp,listePageSupp,listePageSupp,1,1,,
gest.formElec.Section,mVectParam,listeParam,listeParametre,1,1,,
gest.caserne.Caserne | gest.employe.Employe | gest.equipement.EquipExist | gest.equipement.TypeEquipement | gest.maintenance.Maintenance | gest.vehicule.Vehicule,mVectPer,listePer | listePeriodiciteEntretienEquipement,listePer,2,6,,
gest.borne.ParamMaintBorne,mVectPerBorneInc,listePerBorneInc,listePerBorneInc,1,1,,
gest.borne.ParamMaintBorne,mVectPerBorneSeche,listePerBorneSeche,listePerBorneSeche,1,1,,
gest.dossPrev.DossPrev,mVectPeriodicites,listePeriodicites,listePeriodicites,1,1,,
gest.borne.ParamMaintBorne,mVectPerPointEau,listePerPointEau,listePerPointEau,1,1,,
gest.dossPrev.DossPrev,mVectPersonneRess,listePersonneRess,listePersonneRess,1,1,,
[shared],mVectPhotoFich,listePieceJointe,listePieceJointe,1,1,,
gest.planInterv.PlanContact | gest.planInterv.PlanHreExploit | gest.planInterv.RepartDirective | gest.schema.ForceFrappe,mVectPlageHoraire,listePlageHoraire,listePlageHoraire,1,4,,
gest.rci.VehImplique,mVectPlancher,listePlancher,listePlancher,1,1,,
gest.planInterv.PlanAdresseContact,mVectPlanContact,listePlanContact,listePlanContact,1,1,,
gest.planInterv.PlanAdresseContact,mVectPlanHreExploit,listePlanHreExploit,listePlanHreExploit,1,1,,
gest.rci.VehImplique,mVectPneu,listePneu,listePneu,1,1,,
gest.rci.VehImplique,mVectPorte,listePorte,listePorte,1,1,,
gest.secCiv.NodeDocum,mVectNode,listePositionArborescenceDocument,listePositionArborescenceDocument,1,1,,
gest.horaire.ModeleHoraire,mVectPostSupprimer,listePostSupprimer,listePostSupprimer,1,1,,
gest.horaire.ModeleHoraire,mVectPrealim,listePrealim,listePrealim,1,1,,
gest.horaire.Horaire,mVectPreHorQuart,listePreHorQuart,listePreHorQuart,1,1,,
gest.prevention.Prevention,mVectPrevAnom,listePrevAnom,listePrevisionAnom,1,1,,
gest.dossPrev.DossPrev,mVectProdDang,listeProdDang,listeProduitDang,1,1,,
gest.rci.Constat,mVectProduitAccel,listeProduitAccel,listeProduitAccel,1,1,,
gest.rci.Constat,mVectProtectDefect,listeProtectDefect,listeProtectDefect,1,1,,
gest.rci.Rci,mVectProtLieu,listeProtLieu,listeProtLieu,1,1,,
gest.planInterv.PlanProtection,mVectProtSpec,listeProtSpec,listeProtSpec,1,1,,
gest.caserne.Caserne | gest.employe.Employe | gest.grade.Grade | gest.vehicule.Vehicule,mVectQteRequise,listeQteRequise | listeQuantiteRequiseEquipement,listeQuantiteRequise,2,4,,
gest.horaire.EmplReserv,mVectQuart,listeQuart,listeQuart,1,1,,
gest.prevention.PrevAvis,mVectRapportAvis,listeRapportAvis,listeRapportAvis,1,1,,
gest.intervention.Intervention,@mVectRapportOfficier,listeRapportOfficier,listeRapportOfficier,1,1,,
gest.rci.RciAnalyse,mVectRciLieu,listeRciLieu,listeRciLieu,1,1,,
gest.rci.Constat,mVectReactFeu,listeReactFeu,listeReactFeu,1,1,,
gest.planInterv.PlanRepartiteur,mVectRepartDirective,listeRepartDirective,listeRepartDirective,1,1,,
gest.prevention.Prevention,mVectReport,listeReport,listeReport,1,1,,
gest.centreDesRapports.SectionRapportCentral,mVectRequete,listeRequete,listeRequete,1,1,,
gest.horaire.Horaire | gest.horaire.ModeleHoraire,mVectRondeReserv,listeRondeReserv,listeRondeReserv,1,2,,
gest.rci.Rci,mVectSaisie,listeSaisie,listeSaisie,1,1,,
gest.centreDesRapports.RapportCentral | gest.codeAppel.CodeAppel | gest.formElec.FormElec,mVectSection,listeSection,listeSection,1,3,,
gest.typePrev.TypePrev,mVectSignature,listeSignature,listeSignature,1,1,,
gest.rci.RciCause,mVectSourceChaleur,listeSourceChaleur,listeSourceChaleur,1,1,,
gest.rapport.Rapport,mVectSousRapport,listeSousRapport,listeSousRapport,1,1,,
gest.config.ParamConfig | gest.config.ParamConfigSSI,mVectSpecialite,listeSpecialite,listeSpecialite,1,2,,
gest.rci.Rci,mVectSuivi,listeSuivi,listeSuivi,1,1,,
gest.intervention.Intervention,mVectSuiviIntervention,listeSuiviIntervention,listeSuiviIntervention,1,1,,
gest.rci.Rci | gest.rci.RciEntrevue,mVectTemoin,listeTemoin,listeTemoin,1,2,,
gest.gen.VoieCircul,mVectTempIDDossPrevAssoc,listeTempIDDossPrevAssoc,listeTemporaireIdDossPrevisionAssociation,1,1,,
gest.horaire.Horaire$NCalcVectQuartAttribRetValues,iVectTmpHorQuart,listeTmpHorQuart,listeTemporaireHorQuart,1,1,,
gest.rci.RciDescBatiment,mVectTrace,listeTrace,listeTrace,1,1,,
gest.typePrev.TypePrev,mVectTypeAnom,listeTypeAnom,listeTypeAnom,1,1,,
gest.equipement.TypeEquipement | gest.horaire.ModeleHoraire | gest.maintenance.TypeMaint | gest.secCiv.Verif | gest.typePrev.TypePrev,mVectTypeChampPerso,listeTypeChampPerso,listeTypeChampPerso,1,5,,
gest.feuilleTemps.ParamFeuilleTemps,mVectValeursParGrade,listeValeursParGrade,listeValeursParGrade,1,1,,
gest.listePerso.ListePerso$NGroupe,mVectValeursSpecifiquesImportesIDs,listeValeursSpecifiquesImportesIDs,listeValeursSpecifiquesImportesIDs,1,1,,
gest.rci.Rci,mVectVehImplique,listeVehImplique,listeVehImplique,1,1,,
gest.secCiv.Objectif,mVectVerif,listeVerif,listeVerif,1,1,,
gest.config.ParamConfig | gest.config.ParamConfigGeneral,mVectVilleDesservie,listeVilleDesservie,listeVilleDesservie,1,2,,
gest.config.ParamConfig | gest.config.ParamConfigGeneral,mVectVilleEntraide,listeVilleEntraide,listeVilleEntraide,1,2,,
gest.gen.LongLat | gest.planInterv.BatDebitNecessaire,mLong,long,long,1,2,,
gest.borne.Borne | gest.dossPrev.DossPrev,mLongLat,longLat,longLat,1,2,,
gest.maintEquip.MaintEquip,mMaintSurUnEquipExist,maintenanceSurUnEquipement,maintenanceSurUnEquipement,1,1,,
gest.intervention.IntervChronologie | gest.intervention.IntervVehFeu,mMaitrise,maitrise,maitrise,1,2,,
gest.intervention.IntervVehFeu,mMaitriseDifferente,maitriseDifferente,maitriseDifferente,1,1,,
gest.rci.Rci,mMandat,mandat,mandat,1,1,,
gest.rci.Rci,mMandataire,mandataire,mandataire,1,1,,
gest.equipement.EquipConsom | gest.equipement.EquipExist,mManufacturier,manufacturier,manufacturier,1,2,,
gest.borne.ModeleBorne,mMarque,marque,marque,1,1,,
[shared],mMatricule,matricule,matricule,1,1,,
gest.graph.Graph,mMatriculeDossPrevAssoc,matriculeDossPrevAssoc,matriculeDossPrevisionAssociation,1,1,,
gest.config.ConfigCompressionImages,mMaxHauteur,maxHauteur,maximumHauteur,1,1,,
gest.feuilleTemps.ParamFeuilleTemps,mMaxDeuxDecimales,maximumDeuxDecimales,maximumDeuxDecimales,1,1,,
gest.config.ConfigCompressionImages,mMaxLargeur,maxLargeur,maximumLargeur,1,1,,
gest.dossPrev.Energie,mMazEquipRaccorde,mazoutEquipementRaccorde,mazoutEquipementRaccorde,1,1,,
gest.dossPrev.Energie,mMazLocation,mazoutLocation,mazoutLocation,1,1,,
gest.dossPrev.Energie,mMazNombre,mazoutNombre,mazoutNombre,1,1,,
gest.dossPrev.Energie,mMazQuant,mazoutQuantite,mazoutQuantite,1,1,,
gest.borne.MaintBorne,mCalcDebit,mCalcDebit,mCalcDebit,1,1,,
gest.borne.MaintBorne,mCorrection,mCorrection,mCorrection,1,1,,
gest.prevention.Prevention,mMD5Avis,md5Avis,md5Avis,1,1,,
gest.config.ParamConfigSSI,mMemeSeqPourToutLesSSI,memeSeqPourToutLesSSI,memeSequencePourToutLesSsi,1,1,,
gest.cartographie.ParamServeurCartographie,mMemoireMax,memoireMax,memoireMaximum,1,1,,
gest.planInterv.PlanInterv,mMergePlanImplantation,mergePlanImplantation,mergePlanImplantation,1,1,,
gest.gen.Qte,mMes,mes,mes,1,1,,
gest.secCiv.Alarme,mMessage,message,message,1,1,,
gest.config.ParamBackup,mMessageRappelOptimisation,messageRappelOptimisation,messageRappelOptimisation,1,1,,
gest.intervention.IntervTemperature,mMeteo,meteo,meteo,1,1,,
gest.intervention.IntervTemperature,mMeteoAutre,meteoAutre,meteoAutre,1,1,,
gest.preference.Preference,mMethode,methode,methode,1,1,,
gest.planInterv.BatDebitNecessaire,mMethodeCalcul,methodeCalcul,methodeCalcul,1,1,,
gest.horaire.CritereAttribDispo,mMethodeCalculTemps,methodeCalculTemps,methodeCalculTemps,1,1,,
gest.config.ParamConfigSSI,mMettreSujetPourPagetCourriel,mettreSujetPourPagetCourriel,mettreSujetPourPagetCourriel,1,1,,
gest.gen.ParamVersion,mFirstSessionAfterUpdateBuild,mFirstSessionAfterUpdateBuild,mFirstSessionAfterUpdateBuild,1,1,,
gest.borne.MaintBorne,mIDAnomBorne,mIDAnomBorne,mIdAnomBorne,1,1,,
gest.borne.MaintBorne,mNoteAnom,mNoteAnom,mNoteAnom,1,1,,
gest.intervention.IntervVehAccident,mMntBase,mntBase,mntBase,1,1,,
gest.intervention.ParamIntervention,mMntBaseSAAQ,mntBaseSAAQ,mntBaseSaaq,1,1,,
gest.intervention.IntervVehAccident,mMntParKM,mntParKM,mntParKm,1,1,,
gest.borne.MaintBorne | gest.formation.Formation | gest.horaire.HorQuart | gest.horaire.Horaire | gest.intervention.Intervention | gest.maintEquip.MaintEquip | gest.prevention.Prevention | gest.quart.Quart | gest.rci.Rci,mNumActivite,mNumActivite | numActivite | numeroActivite,numeroActivite,3,9,,
gest.gen.ParamVersion,mNumBuildDB,mNumBuildDB,mNumeroBuildDb,1,1,,
gest.processus.Etape,mMobile,mobile,mobile,1,1,,
gest.intervention.IntervCauseIncendie | gest.rci.RciLieu,mModeInflammationDesc,modeInflammationDesc,modeInflammationDescription,1,2,,
gest.rci.RciCause,mModeInflammationDetail,modeInflammationDetail,modeInflammationDetail,1,1,,
gest.borne.ModeleBorne | gest.dossPrev.Chauffage | gest.equipement.EquipConsom | gest.equipement.EquipExist | gest.intervention.IntervSourceChaleur | gest.planInterv.Gicleur,mModele,modele,modele,1,6,,
gest.centreDesRapports.SectionRapportCentral | gest.listePerso.ListePerso,mModeRapport,modeRapport,modeRapport,1,2,,
gest.planInterv.PlanConst,mModeServiceIncendie,modeServiceIncendie,modeServiceIncendie,1,1,,
gest.consolide.ParamSSI$NModuleDetail,iModule,module,module,1,1,,
gest.config.ConfigCompressionImages | gest.rapport.Rapport,mModule,module,module,1,2,,
gest.horaire.ModeleHoraire,mModuleDeHoraire,moduleDeHoraire,moduleDeHoraire,1,1,,
gest.plageHoraire.PlageHoraire,mMois,mois,mois,1,1,,
gest.plageHoraire.PlageHoraire,mMoisNum,moisNum,moisNumero,1,1,,
gest.activite.ActionCondition,mMontantBase,montantBase,montantBase,1,1,,
gest.activite.InfoEmploye,mMontantSupp,montantSupplementaire,montantSupplementaire,1,1,,
java.util.UUID,mostSigBits,mostSigBits,mostSigBits,1,1,,
gest.cartographie.ParamUtilisateurCartographie,mMotDePasse,motDePasse,motDePasse,1,1,,
gest.intervention.IntervPrevention,mMotif,motif,motif,1,1,,
gest.utilGroupe.Utilisateur,mMotPasse,motPasse,motPasse,1,1,,
gest.intervention.ParamIntervDSI2003 | gest.intervention.ParamIntervention | gest.utilGroupe.Utilisateur,mMotPasseDSI2003,motPasseDSI2003,motPasseDsi2003,1,3,,
gest.intervention.IntervChronologie | gest.intervention.ParamIntervDSI2003 | gest.intervention.ParamIntervention,mMoyenTrans,moyenTrans,moyenTrans,1,3,,
gest.borne.MaintBorne | gest.borne.NivPriorite | gest.horaire.ModeleHorQuart | gest.horaire.PreHorQuart | gest.planInterv.Exposition,mPriorite,mPriorite | priorite,priorite,2,5,,
gest.borne.MaintBorne | gest.dossPrev.PersonneRess | gest.secCiv.RessSecCiv,mProvenance,mProvenance | provenance,provenance,2,3,,
gest.borne.MaintBorne | gest.formation.Formation | gest.maintEquip.MaintEquipHisto,mRefComptable,mRefComptable | refComptable | referenceComptable,referenceComptable,3,3,,
gest.dossPrev.ParamDossPrev$NCodeUsageAssoc,mMSPCode,mspCode,mspCode,1,1,,
gest.borne.MaintBorne | gest.centreDesRapports.RapportCentral | gest.dossPrev.PersonneRess | gest.formation.Formation | gest.horaire.HorQuart | gest.horaire.Horaire | gest.intervention.IntervVictimeDetail | gest.intervention.Intervention | gest.maintEquip.MaintEquip | gest.planInterv.PlanInterv | gest.prevention.Prevention | gest.processus.Etape | gest.quart.Quart | gest.rci.Rci | gest.secCiv.Sinistre,mStatut,mStatut | statut,statut,2,15,,
gest.borne.MaintBorne,mTestDebit,mTestDebit,mTestDebit,1,1,,
gest.formElec.ParamFigureString,mMultiLigne,multiLigne,multiLigne,1,1,,
gest.intervention.IntervEnquete,mMunicipalite,municipalite,municipalite,1,1,,
gest.planInterv.PlanConst,mMurConstruction,murConstruction,murConstruction,1,1,,
gest.borne.MaintBorne,mVectAnom,mVectAnom,mVectAnom,1,1,,
gest.gen.ParamVersion,mVectConversionV13,mVectConversionV13,mVectConversionV13,1,1,,
gest.borne.MaintBorne,mVectMaintBornePiece,mVectMaintBornePiece,mVectMaintBornePiece,1,1,,
gest.gen.ParamVersion,mVersionDB,mVersionDB,mVersionDb,1,1,,
com.db4o.StaticClass | com.db4o.StaticField,name,name,name,1,2,,
gest.prevention.Prevention,mNarratif,narratif,narratif,1,1,,
gest.prevention.Prevention,mNarratifsPrec,narratifsPrec,narratifsPrec,1,1,,
gest.rci.Temoin,mNarration,narration,narration,1,1,,
gest.employe.Employe,mNAS,nas,nas,1,1,,
gest.intervention.IntervPhotoSaisie,mNaturePiecePrelevee,naturePiecePrelevee,naturePiecePrelevee,1,1,,
gest.dossPrev.DossPrev,mNbPhotosParPagePourGraph,nbPhotosParPagePourGraph,nombrePhotosParPagePourGraph,1,1,,
gest.dossPrev.DossPrev,mNbrAttique,nbrAttique,nombreAttique,1,1,,
gest.dossPrev.DossPrev,mNbrAutresLocaux,nbrAutresLocaux,nombreAutresLocaux,1,1,,
gest.config.ParamConfig | gest.config.ParamConfigSSI,mNbrChiffreSequence,nbrChiffreSequence,nombreChiffreSequence,1,2,,
gest.config.ParamBackup,mNbrConserve,nbrConserve,nombreConserve,1,1,,
gest.licence.Licence,mNbrDossPrev,nbrDossPrev,nombreDossPrevision,1,1,,
gest.config.ParamConfig | gest.config.ParamConfigGeneral,mNbrEnregMaxRequete,nbrEnregMaxRequete,nombreEnregistrementMaximumRequete,1,2,,
gest.planInterv.BatDebitNecessaire,mNbrEtage,nbrEtage,nombreEtage,1,1,,
gest.dossPrev.DossPrev,NbrEtage,nbrEtage,nombreEtage,1,1,,
gest.planInterv.BatDebitNecessaire,mNbrEtageExpo,nbrEtageExpo,nombreEtageExpo,1,1,,
gest.intervention.IntervSauvetage | gest.intervention.IntervVehFeu,mNbrEvacuation,nbrEvacuation,nombreEvacuation,1,2,,
gest.intervention.IntervIntervEquipe,mNbrIntervDansVeh,nbrIntervDansVeh,nombreInterventionDansVeh,1,1,,
gest.horaire.Horaire | gest.horaire.ModeleHoraire,mNbrJour,nbrJour,nombreJour,1,2,,
gest.typeAnom.TypeAnom,mNbrJourDelai,nbrJourDelai,nombreJourDelai,1,1,,
gest.intervention.IntervVehAccident,mNbrKMPourExcedent,nbrKMPourExcedent,nombreKmPourExcedent,1,1,,
gest.licence.Licence,mNbrLicConcur,nbrLicConcur,nombreLicConcur,1,1,,
gest.licence.Licence,mNbrLicDedie,nbrLicDedie,nombreLicDedie,1,1,,
gest.dossPrev.DossPrev,mNbrLogement,nbrLogement,nombreLogement,1,1,,
gest.schema.ForceFrappe,mNbrMinute,nbrMinute,nombreMinute,1,1,,
gest.intervention.ParamCarteAppel,mNbrMinutesDeduitPremInterv,nbrMinutesDeduitPremInterv,nombreMinutesDeduitPremIntervention,1,1,,
gest.intervention.ParamCarteAppel,mNbrMinutesDelai,nbrMinutesDelai,nombreMinutesDelai,1,1,,
gest.intervention.IntervIntervEntraide,mNbrOfficier,nbrOfficier,nombreOfficier,1,1,,
gest.horaire.GroupeRondeSelection,mNbRondesAvantSuivant,nbRondesAvantSuivant,nombreRondesAvantSuivant,1,1,,
gest.planInterv.PlanHreExploit,mNbrPers,nbrPers,nombrePersonne,1,1,,
gest.graph.Graph,mNbrPixelUniteMes,nbrPixelUniteMes,nombrePixelUniteMes,1,1,,
gest.graph.TypeGraph,mNbrPixelUniteMesDefaut,nbrPixelUniteMesDefaut,nombrePixelUniteMesDefaut,1,1,,
gest.intervention.IntervIntervEntraide,mNbrPompier,nbrPompier,nombrePompier,1,1,,
gest.licence.Licence,mNbrPosteMobile,nbrPosteMobile,nombrePosteMobile,1,1,,
gest.secCiv.Alarme,mNbrRepetition,nbrRepetition,nombreRepetition,1,1,,
gest.intervention.IntervSauvetage | gest.intervention.IntervVehFeu,mNbrSauvetage,nbrSauvetage,nombreSauvetage,1,2,,
gest.dossPrev.DossPrev,mNbrSousSol,nbrSousSol,nombreSousSol,1,1,,
gest.licence.Licence,mNbrSSIMulti,nbrSSIMulti,nombreSsiMulti,1,1,,
gest.gen.Requete,mNComplexeComparaison,nComplexeComparaison,nComplexeComparaison,1,1,,
gest.typePrev.TypePrev,mNecessiteSignature,necessiteSignature,necessiteSignature,1,1,,
gest.veh.VehFluide,mNiveau,niveau,niveau,1,1,,
gest.activite.ActionCondition | gest.activite.TypeActivite,mNivPreseance,niveauPreseance,niveauPreseance,1,2,,
gest.intervention.CarteAppel,mNoAppel,noAppel,noAppel,1,1,,
gest.gen.Adresse,mNoCiv,noCiv,noCiv,1,1,,
gest.dossPrev.DossPrev | gest.dossPrev.DossPrevSuppr,mNoCivFin,noCivFin | numeroCiviqueFin,noCivFin,2,2,,
[shared] | gest.DSI2003.DSI2003 | gest.borne.BornePiece | gest.maintEquip.ConfigImprimCodeBar | gest.planInterv.Exposition | gest.prevention.AssocMotCleTexte,mNom,nom,nom,1,6,,
gest.cartographie.ParamServeurCartographie,mNomAttributMatricule,nomAttributMatricule,nomAttributMatricule,1,1,,
gest.dossPrev.HistoImportDossPrev,mNumAjoutsAnalyses,nombreAjoutsAnalyses,nombreAjoutsAnalyses,1,1,,
gest.dossPrev.HistoImportDossPrev,mNumAjoutsEffectues,nombreAjoutsEffectues,nombreAjoutsEffectues,1,1,,
gest.dossPrev.HistoImportDossPrev,mNumConflits,nombreConflits,nombreConflits,1,1,,
gest.dossPrev.ProdDang,mNbrContenant,nombreContenant,nombreContenant,1,1,,
gest.horaire.HorRestrictQuart,mNbrEmplMax,nombreEmployeMax,nombreEmployeMaximum,1,1,,
gest.horaire.HorRestrictQuart,mNbrEmplMin,nombreEmployeMin,nombreEmployeMinimum,1,1,,
gest.horaire.HorRestrictEmploye,mNbrHeure,nombreHeure,nombreHeure,1,1,,
gest.cours.CoursInterne | gest.feuilleTemps.TempsPaye,mNbrHre,nombreHeures,nombreHeures,1,2,,
gest.horaire.RondeReserv,mNbrHreDelai,nombreHeuresDelai,nombreHeuresDelai,1,1,,
gest.formation.Formation,mNbrHreForm,nombreHeuresForm,nombreHeuresForm,1,1,,
gest.cours.CoursInterne | gest.formation.Formation,mNbrHrePratique,nombreHeuresPratique,nombreHeuresPratique,1,2,,
gest.horaire.HorRestrictEmploye,mNbrHreReservToutHoraire,nombreHeuresReservationToutHoraire,nombreHeuresReservationToutHoraire,1,1,,
gest.horaire.RondeReserv,mNbrMaxParRonde,nombreMaximumParRonde,nombreMaximumParRonde,1,1,,
gest.employe.Employe$NNonDispo,iNbrMillisNonDispo,nombreMillisecondeNonDisponible,nombreMillisecondeNonDisponible,1,1,,
gest.dossPrev.HistoImportDossPrev,mNumModifs,nombreModificationss,nombreModificationss,1,1,,
gest.dossPrev.HistoImportDossPrev,mNumNonTraites,nombreNonTraites,nombreNonTraites,1,1,,
gest.dossPrev.HistoImportDossPrev,mNumSuppressionsAnalyses,nombreSuppressionsAnalyses,nombreSuppressionsAnalyses,1,1,,
gest.dossPrev.HistoImportDossPrev,mNumSuppressionsEffectues,nombreSuppressionsEffectues,nombreSuppressionsEffectues,1,1,,
gest.dossPrev.HistoImportDossPrev,mNumTraites,nombreTraites,nombreTraites,1,1,,
gest.horaire.CritereAttribDispo | gest.horaire.HorRestrictEmploye,mNbrUnite,nombreUnite,nombreUnite,1,2,,
gest.listePerso.FormatDonnee,mNomChampRequeteAssocieeSelonRenderer,nomChampRequeteAssocieeSelonRenderer,nomChampRequeteAssocieeSelonRenderer,1,1,,
gest.listePerso.FormatDonnee,mNomClasseDuRenderer,nomClasseDuRenderer,nomClasseDuRenderer,1,1,,
gest.cartographie.ParamServeurCartographie,mNomCoucheUnitesEvaluation,nomCoucheUnitesEvaluation,nomCoucheUnitesEvaluation,1,1,,
gest.histo.Histo,mNomEntite,nomEntite,nomEntite,1,1,,
gest.dossPrev.HistoImportDossPrev,mFilename,nomFichier,nomFichier,1,1,,
gest.intervention.CarteAppel,mNomFichier,nomFichier,nomFichier,1,1,,
gest.graph.GraphPalier,mNomFichierDefaut,nomFichierDefaut,nomFichierDefaut,1,1,,
gest.rapport.Rapport,mNomFichierExportParDefaut,nomFichierExportParDefaut,nomFichierExportParDefaut,1,1,,
gest.formation.Formation,mNomFormExterne,nomFormExterne,nomFormExterne,1,1,,
gest.typePrev.TypePrev,mNomFormWeb,nomFormWeb,nomFormWeb,1,1,,
gest.centreDesRapports.SectionRapportCentral,mNomOngletXLS,nomOngletXLS,nomOngletXls,1,1,,
gest.rapport.Rapport,mNomPerso,nomPerso,nomPerso,1,1,,
gest.cartographie.ParamServeurCartographie,mNomProjet,nomProjet,nomProjet,1,1,,
gest.planInterv.PlanContact,mNomPropOccup,nomPropOccup,nomProprieteOccup,1,1,,
gest.intervention.ParamViewer,mNomRAO,nomRAO,nomRao,1,1,,
gest.secCiv.NodeDocum,mNomRepertDocum,nomRepertDocum,nomRepertDocum,1,1,,
gest.cartographie.ParamServeurCartographie,mNomServeur,nomServeur,nomServeur,1,1,,
gest.typePrev.TypePrev$NSignature,iNomSignature,nomSignature,nomSignature,1,1,,
gest.schema.ForceFrappe,mNomVille,nomVille,nomVille,1,1,,
gest.borne.BorneIncendie,mNonDrainable,nonDrainable,nonDrainable,1,1,,
[shared] | gest.prevention.Report | gest.processus.Etape,mNote,note,note,1,3,,
gest.intervention.IntervProtection,mNoteAvertFonctionne,noteAvertFonctionne,noteAvertFonctionne,1,1,,
gest.intervention.IntervProtection,mNoteExtinctionFonctionne,noteExtinctionFonctionne,noteExtinctionFonctionne,1,1,,
gest.intervention.IntervProtection,mNoteSystAlarmeFonctionne,noteSystAlarmeFonctionne,noteSystAlarmeFonctionne,1,1,,
gest.borne.BorneIncendie,mNoteValve,noteValve,noteValve,1,1,,
gest.secCiv.ParamSecCiv,mNotifActif,notifActif,notifActif,1,1,,
gest.config.ParamConfigSSI,mNotifActivLimite,notifActivLimite,notifActivLimite,1,1,,
gest.config.ParamConfigSSI,mNotifActivRetard,notifActivRetard,notifActivRetard,1,1,,
gest.horaire.ModeleHoraire,mNotifCourriel,notifCourriel,notifCourriel,1,1,,
gest.horaire.ModeleHoraire,mNotifCourrielOnComplet,notifCourrielOnComplet,notifCourrielOnComplet,1,1,,
gest.horaire.ModeleHoraire,mNotifCourrielPaget,notifCourrielPaget,notifCourrielPaget,1,1,,
gest.config.ParamConfigSSI,mNotifExpirationEquipement,notifExpirationEquipement,notifExpirationEquipement,1,1,,
gest.config.ParamConfigSSI,mNotifExpirationFichier,notifExpirationFichier,notifExpirationFichier,1,1,,
gest.config.ParamConfigSSI,mNotifExpirationFormationCertification,notifExpirationFormationCertification,notifExpirationFormationCertification,1,1,,
gest.config.ParamConfigSSI,mNotifQteMin,notifQteMin,notifQuantiteMinimum,1,1,,
gest.config.ParamConfigSSI,mNotifRapportRCI,notifRapportRCI,notifRapportRci,1,1,,
gest.consolide.ParamSSI,mNotifReplicReussie,notifReplicReussie,notifReplicReussie,1,1,,
gest.maintEquip.MaintEquipHisto,mNouvelleQte,nouvelleQte,nouvelleQuantite,1,1,,
gest.maintenance.TypeMaint,mNouvEtatParDefaut,nouvEtatParDefaut,nouvEtatParDefaut,1,1,,
gest.maintEquip.EtatEquipement,mNouvMaintSurCompleter,nouvMaintSurCompleter,nouvMaintSurCompleter,1,1,,
java.awt.color.ColorSpace,numComponents,numComponents,numeroComponents,1,1,,
gest.intervention.IntervEnquete,mNumDossierPolice,numDossierPolice,numeroDossierPolice,1,1,,
gest.intervention.ParamIntervention,mNumDossPoliceDefaut,numDossPoliceDefaut,numeroDossPoliceDefaut,1,1,,
gest.intervention.FournSAAQ,mNumero,numero,numero,1,1,,
gest.employe.Employe,mNumAssMaladie,numeroAssuranceMaladie,numeroAssuranceMaladie,1,1,,
gest.feuilleTemps.ParamFeuilleTemps,mNumCie,numeroCompagnie,numeroCompagnie,1,1,,
gest.intervention.Intervention,mNumConfirmDSI2003,numeroConfirmationDSI2003,numeroConfirmationDsi2003,1,1,,
gest.intervention.Intervention,mNumDossierEntraide,numeroDossierEntraide,numeroDossierEntraide,1,1,,
gest.intervention.Intervention,mNumDossierMemeInterv,numeroDossierMemeInterv,numeroDossierMemeIntervention,1,1,,
gest.employe.Employe,mNumEmploye,numeroEmploye,numeroEmploye,1,1,,
gest.feuilleTemps.ParamFeuilleTemps,mNoEmplQuatreChiffres,numeroEmployeQuatreChiffres,numeroEmployeQuatreChiffres,1,1,,
gest.feuilleTemps.ParamFeuilleTemps,mNoGrandLivre,numeroGrandLivre,numeroGrandLivre,1,1,,
gest.equipement.EquipExist,mNumInventaire,numeroInventaire,numeroInventaire,1,1,,
gest.employe.Employe,mNumSeqTache,numeroSequentielTache,numeroSequentielTache,1,1,,
gest.borne.Borne,mNumerotation,numerotation,numerotation,1,1,,
gest.feuilleTemps.ParamFeuilleTemps$NChampSuppDesjardins,iNumTravail1,numeroTravail1,numeroTravail1,1,1,,
gest.feuilleTemps.ParamFeuilleTemps$NChampSuppDesjardins,iNumTravail2,numeroTravail2,numeroTravail2,1,1,,
gest.intervention.MemoFacturation,mNumMemo,numMemo,numeroMemo,1,1,,
gest.rci.Saisie,mNumSaisie,numSaisie,numeroSaisie,1,1,,
gest.dossPrev.Chauffage | gest.equipement.EquipExist | gest.intervention.IntervSourceChaleur,mNumSerie,numSerie | numeroSerie,numeroSerie,2,3,,
gen.util.ObjetToString,mObjet,objet,objet,1,1,,
gen.util.ObjetToString,mObjetsFormatsAlternatifs,objetsFormatsAlternatifs,objetsFormatsAlternatifs,1,1,,
gest.maintEquip.ParamMaintEquip,mObligDetailDefect,obligDetailDefect,obligDetailDefect,1,1,,
gest.maintEquip.ParamMaintEquip,mObligDetailRepar,obligDetailRepar,obligDetailRepar,1,1,,
gest.maintEquip.ParamMaintEquip,mObligSelectionCaserne,obligSelectionCaserne,obligSelectionCaserne,1,1,,
gest.rci.Observation,mObserv,observ,observ,1,1,,
gest.planInterv.PlanAcces,mObstrucEchelle,obstrucEchelle,obstrucEchelle,1,1,,
gest.rci.Constat,mOdeur,odeur,odeur,1,1,,
gest.prevention.ParamPrevention,mOngletAPlanifier,ongletAPlanifier,ongletAPlanifier,1,1,,
gest.gen.Requete,mOperateur,operateur,operateur,1,1,,
gest.processus.Etape,mOperation,operation,operation,1,1,,
gest.config.ParamBackup,mOptimisationAutomatique,optimisationAutomatique,optimisationAutomatique,1,1,,
gest.planInterv.PlanRisque,mOrdChute,ordChute,ordChute,1,1,,
gest.planInterv.PlanRisque,mOrdChuteGicleur,ordChuteGicleur,ordChuteGicleur,1,1,,
gest.planInterv.PlanRisque,mOrdCompact,ordCompact,ordCompact,1,1,,
gest.planInterv.PlanRisque,mOrdCompactRelieInt,ordCompactRelieInt,ordCompactRelieInt,1,1,,
gest.planInterv.PlanRisque,mOrdDetail,ordDetail,ordDetail,1,1,,
gest.planInterv.PlanRisque,mOrdIncinerateur,ordIncinerateur,ordIncinerateur,1,1,,
gest.cours.CoursInterne | gest.formation.Formation | gest.rci.ProtLieu,mOrganisme,organisme,organisme,1,3,,
gest.centreDesRapports.SectionRapportCentral | gest.listePerso.ListePerso,mOrientation,orientation,orientation,1,2,,
gest.planInterv.PlanConst,mOuvEmpl,ouvEmpl,ouvEmpl,1,1,,
gest.rci.Disjoncteur$NFusible,iOuvert,ouvert,ouvert,1,1,,
gest.formElec.ParamFigurePanel,mOuvrirDansFenetre,ouvrirDansFenetre,ouvrirDansFenetre,1,1,,
gest.planInterv.PlanConst,mOuvType,ouvType,ouvType,1,1,,
gest.dossPrev.PersonneRess | gest.employe.Employe | gest.fournisseur.Fournisseur | gest.ressource.Ressource | gest.secCiv.RessSecCiv,mPaget,paget | teleavertisseur,paget,2,5,,
gest.graph.Graph,mPalierFond,palierFond,palierFond,1,1,,
gest.borne.Borne,mPanneauIdent,panneauIdentification,panneauIdentification,1,1,,
gest.gen.EntiteParam.NCompteur | gest.prevention.ParamPrevention$NCompteurParTypePrev,mParamActivite,paramActivite,parametreActivite,1,2,,
gest.config.ParamConfig,mParamBackup,paramBackup,parametreBackup,1,1,,
gest.dossPrev.ParamDossPrev,mParamCategRisqueCouleur,paramCategorieRisqueCouleur,parametreCategorieRisqueCouleur,1,1,,
gest.borne.ParamMaintBorne,mParamDebitCouleur,paramDebitCouleur,parametreDebitCouleur,1,1,,
gest.dossPrev.ParamDossPrev | gest.prevention.ParamPrevention,mParamExportDonnees,paramExportDonnees,parametreExportDonnees,1,2,,
gest.config.ParamConfigSSI,mParamFormWeb,paramFormWeb,parametreFormWeb,1,1,,
gest.config.ParamConfigSSI,mParamServeurCartographie,paramServeurCartographie,parametreServeurCartographie,1,1,,
gest.secCiv.RessSecCiv,mPartageUtilisateurAvecEmploye,partageUtilisateurAvecEmploye,partageUtilisateurAvecEmploye,1,1,,
gest.licence.Licence,mPasCE,pasCE,pasCe,1,1,,
gest.intervention.ParamCarteAppel | gest.prevention.ParamFormWebParSSI,mPassword,password,password,1,2,,
gest.listePerso.FormatDonnee,mPatternDonneeDuRenderer,patternDonneeDuRenderer,patternDonneeDuRenderer,1,1,,
gest.rci.VehImplique,mPerdu,perdu,perdu,1,1,,
gest.dossPrev.ProdDang,mPerimetre,perimetre,perimetre,1,1,,
gest.centreDesRapports.RapportCentral,mPeriodes,periodes,periodes,1,1,,
gest.employe.Employe$NNonDispo,iPeriodicite,periodicite,periodicite,1,1,,
gest.borne.BornePer | gest.classif.Classif | gest.config.ParamBackup | gest.consolide.ParamSSI | gest.cours.CoursInterne | gest.dossPrev.DossPrev | gest.horaire.ModeleHoraire | gest.maintenance.Maintenance | gest.prevention.ParamPrevention | gest.rapport.Rapport,mPeriodicite,periodicite,periodicite,1,10,,
gest.cours.CoursInterne | gest.maintenance.Maintenance,mPeriodiciteActif,periodiciteActif,periodiciteActif,1,2,,
gest.dossPrev.ParamDossPrev | gest.gen.ParamExportDonnees,mPeriodiciteExport,periodiciteExport,periodiciteExport,1,2,,
gest.gen.ExpirationDocument,mPermanent,permanent,permanent,1,1,,
gest.formElec.Section,mPermetAnom,permetAnom,permetAnom,1,1,,
gest.equipement.TypeEquipement,mPermetAssemblage,permetAssemblage,permetAssemblage,1,1,,
gest.horaire.ModeleHoraire,mPermetHoraireWeb,permetHoraireWeb,permetHoraireWeb,1,1,,
gest.equipement.TypeEquipement,mPermetIntervention,permetIntervention,permetIntervention,1,1,,
gest.maintenance.TypeMaint,mPermetNouvEtatParDefaut,permetNouvEtatParDefaut,permetNouvEtatParDefaut,1,1,,
gest.horaire.ModeleHoraire,mPermetPeriodicite,permetPeriodicite,permetPeriodicite,1,1,,
gest.activite.TypeActivite,mPermetSelActivite,permetSelectionDansActivites,permetSelectionDansActivites,1,1,,
gest.config.ParamConfigSSI,mPermetAbsenceNonPayee,permettAbsenceNonPayee,permettAbsenceNonPayee,1,1,,
gest.typePrev.TypePrev,mPermetCompleterEnLot,permettCompleterEnLot,permettCompleterEnLot,1,1,,
gest.typePrev.TypePrev,mPermetFormWeb,permettFormWeb,permettFormWeb,1,1,,
gest.typePrev.TypePrev,mPermettreAjoutSurMobile,permettreAjoutSurMobile,permettreAjoutSurMobile,1,1,,
gest.typePrev.TypePrev,mPermettreAvisMultiPrev,permettreAvisMultiPrev,permettreAvisMultiPrevision,1,1,,
gest.config.ParamConfigSSI,mPermettreEditerActivitesAApprouver,permettreEditerActivitesAApprouver,permettreEditerActivitesAApprouver,1,1,,
gest.typePrev.TypePrev,mPermetReinspection,permettReinspection,permettReinspection,1,1,,
gest.secCiv.RessSecCiv,mPermettreSMSsurCell,permettreSMSsurCell,permettreSmSsurCell,1,1,,
gest.dossPrev.DossPrev,mPermetSynchro,permettSynchro,permettSynchro,1,1,,
gest.dossPrev.DossPrev,mPermetTransfertCAUCA,permettTransfertCAUCA,permettTransfertCauca,1,1,,
gest.employe.Employe,mPermisClasse,permisClasse,permisClasse,1,1,,
gest.employe.Employe,mPermisConduire,permisConduire,permisConduire,1,1,,
gest.employe.Employe,mPermisExpiration,permisExpiration,permisExpiration,1,1,,
gest.maintenance.TypeMaint,mPermisPourAssemblage,permisPourAssemblage,permisPourAssemblage,1,1,,
gest.maintenance.TypeMaint,mPermisPourCaserne,permisPourCaserne,permisPourCaserne,1,1,,
gest.maintenance.TypeMaint,mPermisPourConsommable,permisPourConsommable,permisPourConsommable,1,1,,
gest.maintenance.TypeMaint,mPermisPourEmploye,permisPourEmploye,permisPourEmploye,1,1,,
gest.maintenance.TypeMaint,mPermisPourEquip,permisPourEquip,permisPourEquip,1,1,,
gest.maintenance.TypeMaint,mPermisPourGroupeEquip,permisPourGroupeEquip,permisPourGroupeEquip,1,1,,
gest.maintenance.TypeMaint,mPermisPourTypeEquip,permisPourTypeEquip,permisPourTypeEquip,1,1,,
gest.maintenance.TypeMaint,mPermisPourVehicule,permisPourVehicule,permisPourVehicule,1,1,,
gest.config.ParamConfigSSI,mPermitCancelOnActWithNumPreassigned,permitCancelOnActWithNumPreassigned,permitCancelOnActWithNumeroPreassigned,1,1,,
gest.rci.ProtLieu,mPersonne,personne,personne,1,1,,
gest.dossPrev.PersonneRess,mPersonneRessource,personneRessource,personneRessource,1,1,,
gest.planInterv.PlanSecurite,mPersonnesNecessitantAssistance,personnesNecessitantAssistance,personnesNecessitantAssistance,1,1,,
gest.rci.Saisie,mPersSaisie,persSaisie,personneSaisie,1,1,,
gest.intervention.IntervAutreBatiment | gest.intervention.IntervDescBatiment | gest.intervention.IntervFeuExterieur | gest.intervention.IntervPerteIndirecte | gest.intervention.IntervVehicule,mPerte,perte,perte,1,5,,
gest.intervention.IntervPerte,mPerteBatiment,perteBatiment,perteBatiment,1,1,,
gest.intervention.IntervPerte,mPerteContenu,perteContenu,perteContenu,1,1,,
gest.rapport.SousRapport,mPeutEtreSelectionne,peutEtreSelectionne,peutEtreSelectionne,1,1,,
gest.rci.Constat,mPhaseIncendie,phaseIncendie,phaseIncendie,1,1,,
gest.planInterv.PlanInterv,mPhotoFich,photoFich,photoFich,1,1,,
gest.gen.PhotoFich,mPhotoParPage,photoParPage,photoParPage,1,1,,
gest.intervention.Intervention,mPhotoSaisie,photoSaisie,photoSaisie,1,1,,
gest.veh.VehCarr | gest.veh.VehIntPiece | gest.veh.VehMec,mPiece,piece,piece,1,3,,
gest.veh.VehPneu | gest.veh.VehPorte,mPos,piece | position,piece,2,2,,
gest.planInterv.ColonneMontante,mPlafondSolive,plafondSolive,plafondSolive,1,1,,
gest.planInterv.PlanInterv,mPlanAcces,planAcces,planAcces,1,1,,
gest.planInterv.PlanInterv,mPlanAdresseContact,planAdresseContact,planAdresseContact,1,1,,
gest.planInterv.PlanInterv,mPlanAlarme,planAlarme,planAlarme,1,1,,
gest.planInterv.PlanInterv,mPlanAlimEau,planAlimEau,planAlimEau,1,1,,
gest.veh.VehPlancher,mPlancher,plancher,plancher,1,1,,
gest.planInterv.PlanConst,mPlancherConstruction,plancherConstruction,plancherConstruction,1,1,,
gest.planInterv.PlanConst,mPlancherFermeToit,plancherFermeToit,plancherFermeToit,1,1,,
gest.planInterv.PlanInterv,mPlanConst,planConst,planConst,1,1,,
gest.planInterv.Gicleur,mPlanCouvSystVanne,planCouvSystVanne,planCouvSystVanne,1,1,,
gest.planInterv.PlanInterv,mPlanCroquis,planCroquis,planCroquis,1,1,,
gest.planInterv.PlanInterv,mPlanEnPDF,planEnPDF,planEnPdf,1,1,,
gest.planInterv.PlanInterv,mPlanExposition,planExposition,planExposition,1,1,,
gest.planInterv.PlanInterv,mPlanProtection,planProtection,planProtection,1,1,,
gest.planInterv.PlanInterv,mPlanRepartiteur,planRepartiteur,planRepartiteur,1,1,,
gest.planInterv.PlanInterv,mPlanRisque,planRisque,planRisque,1,1,,
gest.planInterv.PlanInterv | gest.planInterv.PlanSecurite,mPlanSecurite,planSecurite,planSecurite,1,2,,
gest.planInterv.PlanInterv,mPlanServPub,planServPub,planServPub,1,1,,
gest.intervention.SuiviIntervention,mPointFaible,pointFaible,pointFaible,1,1,,
gest.intervention.SuiviIntervention,mPointFort,pointFort,pointFort,1,1,,
gest.rci.RciAnalyse | gest.rci.RciLieu,mPointOrigine,pointOrigine,pointOrigine,1,2,,
gest.planInterv.PlanSecurite,mPointRassemblement,pointRassemblement,pointRassemblement,1,1,,
gest.cartographie.ParamServeurCartographie,mPortDirect,portDirect,portDirect,1,1,,
gest.planInterv.PlanAlarme,mPortee,portee,portee,1,1,,
gest.planInterv.Gicleur,mPorteeTotal,porteeTotale,porteeTotale,1,1,,
gest.planInterv.ColonneMontante | gest.planInterv.ProtSpec,mPorteeTotale,porteeTotale,porteeTotale,1,2,,
gest.planInterv.PlanAcces,mPorteExt,porteExt,porteExterne,1,1,,
gest.config.ParamConfigSSI,mPortEnvoiPaget,portEnvoiPaget,portEnvoiPaget,1,1,,
gest.veh.VehPorte,mPorteOuverte,porteOuverte,porteOuverte,1,1,,
gest.veh.VehPorte,mPorteVerr,porteVerrouillee,porteVerrouillee,1,1,,
gest.cauca.ParamCauca,mPortServ,portServ,portServ,1,1,,
gest.config.ParamSendMail,mPortSMTP,portSMTP,portSmtp,1,1,,
gest.champPerso.TypeChampPerso,mPosition,position,position,1,1,,
gest.feuilleTemps.ParamFeuilleTemps | gest.intervention.MemoFactDetail,mPosteBud,posteBud | posteBudgetaire,posteBudgetaire,2,2,,
gest.intervention.ParamMemoFacturation,mPosteBudDefaut,posteBudDefaut,posteBudDefaut,1,1,,
gest.feuilleTemps.ParamFeuilleTemps,mPosteEffectif,posteEffectif,posteEffectif,1,1,,
gest.config.ParamConfigGeneral,mPosteMobile,posteMobile,posteMobile,1,1,,
gest.horaire.ModeleHoraire,mPostSupprimer,postSupprimer,postSupprimer,1,1,,
gest.secCiv.LogSinistre,mPourcVerif,pourcVerif,pourcVerif,1,1,,
gest.horaire.ModeleHoraire,mPrealim,prealim,prealim,1,1,,
gest.gen.Periodicite,mPreciserJour,preciserJour,preciserJour,1,1,,
gest.intervention.IntervCauseIncendie,mPrecision,precision,precision,1,1,,
gest.borne.Borne,mPrecEmpl,precisionEmplacement,precisionEmplacement,1,1,,
gest.utilGroupe.Utilisateur,mPreferences,preferences,preferences,1,1,,
[shared],mPrefixe,prefixe,prefixe,1,1,,
gest.consolide.ParamConsolide,mPrefixeNouvActivite,prefixeNouvActivite,prefixeNouvActivite,1,1,,
gest.listePerso.FormatDonnee,mPremiereValeurReelle,premiereValeurReelle,premiereValeurReelle,1,1,,
gest.listePerso.FormatDonnee,mPremiereValeurRendue,premiereValeurRendue,premiereValeurRendue,1,1,,
gest.intervention.IntervVictimeDetail,mPremiersSoins,premiersSoins,premiersSoins,1,1,,
gest.intervention.IntervCauseIncendie | gest.rci.RciLieu,mPremMatDesc,premMatDesc,premMatDescription,1,2,,
gest.intervention.IntervCauseIncendie,mPremMatEnflamme,premMatEnflamme,premMatEnflamme,1,1,,
gest.rci.RciCause,mPremMatEnflammeDetail,premMatEnflammeDetail,premMatEnflammeDetail,1,1,,
gest.employe.Employe,mPrenom,prenom,prenom,1,1,,
gest.planInterv.PlanServPub,mPreocOccup,preocOccup,preocOccup,1,1,,
gest.planInterv.PlanServPub,mPreocOccupPersRess,preocOccupPersRess,preocOccupPersonneRess,1,1,,
gest.planInterv.PlanServPub,mPreocProc,preocProc,preocProcessus,1,1,,
gest.planInterv.PlanServPub,mPreocProcPersRess,preocProcPersRess,preocProcessusPersonneRess,1,1,,
gest.activite.ActionCondition,mPreseanceApresTermine,preseanceApresTermine,preseanceApresTermine,1,1,,
gest.activite.ActionCondition,mPreseanceAvantDebute,preseanceAvantDebute,preseanceAvantDebute,1,1,,
gest.activite.InfoEmploye | gest.secCiv.Objectif,mPresence,presence,presence,1,2,,
gest.borne.CalcDebit,mPressDyn,pressionDynamique,pressionDynamique,1,1,,
gest.borne.BorneIncendie,mPressDynamique,pressionDynamique,pressionDynamique,1,1,,
gest.borne.CalcDebit,mPressDyn2Ouv,pressionDynamique2Ouv,pressionDynamique2Ouv,1,1,,
gest.borne.BorneIncendie,mPressResiduelle,pressionResiduelle,pressionResiduelle,1,1,,
gest.borne.CalcDebit,mPressRes1Ouv,pressionResiduelle1Ouv,pressionResiduelle1Ouv,1,1,,
gest.borne.CalcDebit,mPressRes2Ouv,pressionResiduelle2Ouv,pressionResiduelle2Ouv,1,1,,
gest.borne.CalcDebit,mPressStat,pressionStatique,pressionStatique,1,1,,
gest.borne.BorneIncendie,mPressStatique,pressionStatique,pressionStatique,1,1,,
gest.prevention.ParamPrevention | gest.typePrev.TypePrev,mPrevAvis,prevAvis,previsionAvis,1,2,,
gest.intervention.Intervention,mPrevention,prevention,prevention,1,1,,
gest.prevention.ParamPrevention | gest.typePrev.TypePrev,mPrevForm,prevForm,previsionForm,1,2,,
gest.gen.PhotoFich,mPrintFormat,printFormat,printFormat,1,1,,
gest.horaire.CritereAttribDispo,mPrioriteAuMin,prioriteAuMin,prioriteAuMinimum,1,1,,
gest.intervention.MemoFactDetail,mPrixUnitaire,prixUnitaire,prixUnitaire,1,1,,
gest.planInterv.PlanRisque,mProcEmpl,procEmpl,processusEmpl,1,1,,
gest.rci.ProduitAccel,mProduit,produit,produit,1,1,,
gest.borne.BorneIncendie,mProfondValve,profondeurValve,profondeurValve,1,1,,
gest.feuilleTemps.ParamFeuilleTemps,mProjetSpecif,projetSpecif,projetSpecif,1,1,,
gest.borne.Borne | gest.intervention.IntervVehicule,mPropAdresse,propAdresse | proprietaireAdresse,proprietaireAdresse,2,2,,
gest.intervention.IntervCauseIncendie,mPropagation,propagation,propagation,1,1,,
gest.intervention.IntervCauseIncendie | gest.rci.RciLieu,mPropagationDesc,propagationDesc,propagationDescription,1,2,,
gest.rci.RciAnalyse | gest.rci.RciLieu,mPropagationDetail,propagationDetail,propagationDetail,1,2,,
gest.dossPrev.Energie,mPropLocation,propaneEmplacement,propaneEmplacement,1,1,,
gest.dossPrev.Energie,mPropEquipRaccorde,propaneEquipementRaccorde,propaneEquipementRaccorde,1,1,,
gest.dossPrev.Energie,mPropNombre,propaneNombre,propaneNombre,1,1,,
gest.dossPrev.Energie,mPropQuant,propaneQuantite,propaneQuantite,1,1,,
gest.intervention.IntervVehicule,mPropAutreQueRepondant,propAutreQueRepondant,proprieteAutreQueRepondant,1,1,,
gest.borne.Borne | gest.intervention.IntervVehicule,mPropNom,propNom | proprietaireNom,proprietaireNom,2,2,,
gest.planInterv.PlanContact,mPropOccup,propOccup,proprieteOccup,1,1,,
gest.dossPrev.DossPrev | gest.intervention.IntervDescBatiment | gest.rci.ProtectDefect,mProtection,protection,protection,1,3,,
gest.activite.InfoEmploye,mProtegerEdition,protegerEdition,protegerEdition,1,1,,
gest.borne.Borne,mProximiteDossPrev,proximiteDossierAdresse,proximiteDossierAdresse,1,1,,
gest.intervention.MemoFactDetail,mQte,qte,quantite,1,1,,
gest.dossPrev.DossPrev,mQteAireAuSol,qteAireAuSol,quantiteAireAuSol,1,1,,
gest.dossPrev.DossPrev,mQteAireAuSolTerrain,qteAireAuSolTerrain,quantiteAireAuSolTerrain,1,1,,
gest.maintEquip.MaintEquipHisto,mQteAjoutConsom,qteAjoutConsom,quantiteAjoutConsom,1,1,,
gest.horaire.ModeleHoraire,mQteCourriel,qteCourriel,quantiteCourriel,1,1,,
gest.horaire.ModeleHoraire,mQteCourrielPaget,qteCourrielPaget,quantiteCourrielPaget,1,1,,
gest.maintEquip.MaintEquipHisto,mQteDebutConsom,qteDebutConsom,quantiteDebutConsom,1,1,,
gest.config.ParamConfigSSI,mQteDelaiAvantEcheance,qteDelaiAvantEcheance,quantiteDelaiAvantEcheance,1,1,,
gest.config.ParamConfigSSI,mQteDelaiRapportRCI,qteDelaiRapportRCI,quantiteDelaiRapportRci,1,1,,
gest.equipement.EquipConsom,mQteMinimum,qteMinimum,quantiteMinimum,1,1,,
gest.vehicule.Vehicule,mQteReservoir,qteReservoir,quantiteReservoir,1,1,,
gest.vehicule.Vehicule,mQteVidage,qteVidage,quantiteVidage,1,1,,
gest.formation.FormMateriel | gest.intervention.IntervMateriel,mQuantite,quantite,quantite,1,2,,
gest.maintEquip.MaintEquipHisto$NDeplaceConsom,iQteDeplace,quantiteDeplace,quantiteDeplace,1,1,,
gest.equipement.QteRequise,mQteMax,quantiteMaximum,quantiteMaximum,1,1,,
gest.equipement.QteRequise,mQteMin,quantiteMinimum,quantiteMinimum,1,1,,
gest.activite.InfoEmploye,mQuiPayerSiRemplace,quiPayerSiRemplace,quiPayerSiRemplace,1,1,,
gest.horaire.InfoEmployeQuart,mRadio,radio,radio,1,1,,
gest.planInterv.PlanRisque,mRadioEmpl,radioEmpl,radioEmpl,1,1,,
gest.employe.Employe$NNonDispo,iRaison,raison,raison,1,1,,
gest.intervention.IntervChronologie,mRaisonDelai,raisonDelai,raisonDelai,1,1,,
gest.dossPrev.DossPrev | gest.dossPrev.PersonneRess,mRaisonSociale,raisonSociale,raisonSociale,1,2,,
gest.intervention.ParamCarteAppel,mRAO,rao,rao,1,1,,
gest.config.ParamBackup,mRappelsOptimisation,rappelsOptimisation,rappelsOptimisation,1,1,,
gest.rci.Rci,mRciAnalyse,rciAnalyse,rciAnalyse,1,1,,
gest.rci.Rci | gest.rci.RciLieu,mRciCause,rciCause,rciCause,1,2,,
gest.rci.Rci,mRciConclusion,rciConclusion,rciConclusion,1,1,,
gest.rci.Rci,mRciDescBatiment,rciDescBatiment,rciDescriptionBatiment,1,1,,
gest.rci.Rci,mRciDescExt,rciDescExt,rciDescriptionExterne,1,1,,
gest.rci.Rci,mRciDescInt,rciDescInt,rciDescriptionInt,1,1,,
gest.rci.Rci,mRciEntrevue,rciEntrevue,rciEntrevue,1,1,,
gest.rci.Rci,mRciInfluence,rciInfluence,rciInfluence,1,1,,
gest.rci.Rci,mRciRapportEnquete,rciRapportEnquete,rciRapportEnquete,1,1,,
gest.rci.ReactFeu,mReaction,reaction,reaction,1,1,,
gen.util.HVector,mReadOnly,readOnly,readOnly,1,1,,
gest.planInterv.PlanRisque,mReagEmpl,reagEmpl,reagEmpl,1,1,,
gest.planInterv.PlanRisque,mReagType,reagType,reagType,1,1,,
gest.consolide.ParamConsolide,mRechConsolide,rechConsolide,rechercheConsolide,1,1,,
gest.maintEquip.ParamMaintEquip | gest.prevention.ParamPrevention,mRechercheAutoAuDemarrage,rechercheAutoAuDemarrage,rechercheAutomatiqueAuDemarrage,1,2,,
gest.intervention.SuiviIntervention,mRecommandation,recommandation,recommandation,1,1,,
gest.gen.InfosAuthAurora,mRefreshToken,refreshToken,refreshToken,1,1,,
gest.gen.InfosAuthAurora,mRefreshTokenExpiration,refreshTokenExpiration,refreshTokenExpiration,1,1,,
gest.prevention.PrevAnom,mReinspection,reinspection,reinspection,1,1,,
gest.intervention.IntervPrevention,mRemis,remis,remis,1,1,,
gest.intervention.IntervEnquete | gest.intervention.IntervRemiseProp,mRemisA,remisA,remisA,1,2,,
gest.intervention.Intervention,mRemiseProp,remisePropriete,remisePropriete,1,1,,
gest.dossPrev.ParamDossPrev$NValRempl | gest.intervention.ParamCarteAppel$NValRempl,iRempl,rempl | remplacement,remplacement,2,2,,
gest.intervention.IntervDescBatiment,mRenovation,renovation,renovation,1,1,,
gest.config.ParamBackup | gest.feuilleTemps.ParamFeuilleTemps | gest.intervention.ParamMemoFacturation,mRepert,repert | repertoire,repert,2,3,,
gest.dossPrev.ParamDossPrev | gest.gen.ParamExportDonnees,mRepertoireExport,repertoireExport,repertoireExport,1,2,,
gest.gen.ParamExportDonnees,mRepertoireExportCopie,repertoireExportCopie,repertoireExportCopie,1,1,,
gest.consolide.ParamConsolide,mRepertSync,repertSync,repertSync,1,1,,
gest.intervention.Intervention,mRepondant,repondant,repondant,1,1,,
gest.rci.Expertise,mRepr,repr,repr,1,1,,
gest.planInterv.AlimPompe,mReseauPrive,reseauPrive,reseauPrive,1,1,,
gest.planInterv.AlimPompe,mReseauPublic,reseauPublic,reseauPublic,1,1,,
gest.vehicule.Compartiment,mReserve,reserve,reserve,1,1,,
gest.horaire.ModeleHoraire,mReservProchDebut,reservProchDebut,reservProchDebut,1,1,,
gest.horaire.ModeleHoraire,mReservSensRonde,reservSensRonde,reservSensRonde,1,1,,
gest.gen.EntiteContientIDResettableMobile,mResetIDOnSync,resetIDOnSync,resetIdOnSync,1,1,,
gest.intervention.IntervVehAccident,mResponsable,responsable,responsable,1,1,,
gest.planInterv.PlanServPub,mRessSpec,ressSpec,ressSpec,1,1,,
gest.horaire.HorRestrictEmploye | gest.horaire.HorRestrictQuart,mRestrict,restriction,restriction,1,2,,
gest.maintEquip.EtatEquipement,mRestrictionCompleter,restrictionCompleter,restrictionCompleter,1,1,,
gest.maintEquip.EtatEquipement,mRestrictionUtilisation,restrictionUtilisation,restrictionUtilisation,1,1,,
gest.dossPrev.HistoImportDossPrev,mResultat,resultat,resultat,1,1,,
gest.rci.Combustible | gest.rci.SourceChaleur,mRetenu,retenu,retenu,1,2,,
gest.intervention.IntervChronologie,mRetour,retour,retour,1,1,,
gest.rci.VehImplique,mRetrouveEndroit,retrouveEndroit,retrouveEndroit,1,1,,
gest.rci.VehImplique,mRetrouveLieu,retrouveLieu,retrouveLieu,1,1,,
gest.rci.VehImplique,mRetrouvePar,retrouvePar,retrouvePar,1,1,,
gest.rci.VehImplique,mRetrouveParAdresse,retrouveParAdresse,retrouveParAdresse,1,1,,
gest.formation.InfoEtudiant,mReussi,reussi,reussi,1,1,,
gest.borne.BorneSeche | gest.borne.PointEau,mRisqueAssechement,risqueAssechement,risqueAssechement,1,2,,
gest.planInterv.BatDebitNecessaire,mRisqueDanger,risqueDanger,risqueDanger,1,1,,
gest.planInterv.BatDebitNecessaire,mRisqueExposition,risqueExposition,risqueExposition,1,1,,
gest.borne.BorneSeche,mRisqueGel,risqueGel,risqueGel,1,1,,
gest.planInterv.BatDebitNecessaire,mRisqueProximite,risqueProximite,risqueProximite,1,1,,
gest.planInterv.PlanRisque,mRisquesAuPersonnel,risquesAuPersonnel,risquesAuPersonnel,1,1,,
gest.planInterv.BatDebitNecessaire,mRisqueThermique,risqueThermique,risqueThermique,1,1,,
gest.intervention.RapportOfficier | gest.secCiv.RessSecCiv,mRole,role,role,1,2,,
gest.formation.TypeActivFormation,mRoleEmploye,roleEmploye,roleEmploye,1,1,,
gest.fichier.Fichier,mRotation,rotation,rotation,1,1,,
gest.gen.Adresse | gest.gen.VoieCircul,mRue,rue,rue,1,2,,
gest.rci.Saisie,mSaisissant,saisissant,saisissant,1,1,,
gest.dossPrev.PersonneRess,mSalutation,salutation,salutation,1,1,,
gest.planInterv.PlanAlimEau,mScenPourcOptimiste,scenPourcOptimiste,scenPourcOptimiste,1,1,,
gest.planInterv.PlanAlimEau,mScenPourcPessimiste,scenPourcPessimiste,scenPourcPessimiste,1,1,,
gest.maintEquip.ConfigImprimCodeBar,mScript,script,script,1,1,,
gest.dossPrev.ProdDang | gest.gen.Adresse | gest.intervention.RapportOfficier,mSecteur,secteur,secteur,1,3,,
gest.dossPrev.ProdDang,mSection,section,section,1,1,,
gest.formElec.Section,mConditionnalSect,sectionConditionnelle,sectionConditionnelle,1,1,,
gest.planInterv.EtatSection,mSectionId,sectionId,sectionId,1,1,,
gest.rapport.SousRapport,mSectionVisible,sectionVisible,sectionVisible,1,1,,
gest.planInterv.PlanSecurite,mSecurPersonne,securPersonne,securPersonne,1,1,,
gest.horaire.ModeleHorQuart,mSelectionJourPer,selectionJourPer,selectionJourPer,1,1,,
gest.gen.Periodicite,mSemaine,semaine,semaine,1,1,,
gest.cauca.ParamCauca,mSens,sens,sens,1,1,,
gest.planInterv.PlanConst,mSeparEmpl,separEmpl,separEmpl,1,1,,
gest.planInterv.PlanConst,mSeparOuv,separOuv,separOuv,1,1,,
gest.intervention.MemoFacturation,mServDateDebut,servDateDebut,servDateDebut,1,1,,
gest.intervention.MemoFacturation,mServDateFin,servDateFin,servDateFin,1,1,,
gest.config.ParamConfigSSI,mServeurEnvoiPaget,serveurEnvoiPaget,serveurEnvoiPaget,1,1,,
gest.config.ParamConfigGeneral,mServeurPortable,serveurPortable,serveurPortable,1,1,,
gest.feuilleTemps.ParamFeuilleTemps,mService,service,service,1,1,,
gest.utilGroupe.DroitAcces,mSetDroits,setDroits,setDroits,1,1,,
gest.dossPrev.ParamDossPrev,mSetPropPasSync,setProprietePasSynchronise,setProprietePasSynchronise,1,1,,
gest.intervention.IntervVictimeDetail,mSexe,sexe,sexe,1,1,,
gest.secCiv.Sinistre,mSimulation,simulation,simulation,1,1,,
gest.dossPrev.PersonneRess | gest.fournisseur.Fournisseur,mSiteWeb,siteWeb,siteWeb,1,2,,
gest.equipement.EquipExist,mSituationEquipement,situationEquipement,situationEquipement,1,1,,
gest.centreDesRapports.SectionRapportCentral | gest.rci.SourceChaleur,mSource,source,source,1,2,,
gest.intervention.IntervCauseIncendie,mSourceChaleur,sourceChaleur,sourceChaleur,1,1,,
gest.intervention.IntervCauseIncendie,mSourceChaleurDesc,sourceChaleurDesc,sourceChaleurDescription,1,1,,
gest.rci.SourceChaleur,mSourceDesc,sourceDesc,sourceDescription,1,1,,
gest.intervention.IntervCauseIncendie | gest.rci.SourceChaleur,mSourceDetail,sourceDetail,sourceDetail,1,2,,
gest.feuilleTemps.ParamFeuilleTemps,mSousDept,sousDepartement,sousDepartement,1,1,,
gest.feuilleTemps.ParamFeuilleTemps,mSousProjet,sousProjet,sousProjet,1,1,,
gest.graph.TypeGraph,mSousRepertDefaut,sousRepertDefaut,sousRepertDefaut,1,1,,
gest.planInterv.PlanConst,mSousSolHautPartielle,sousSolHautPartielle,sousSolHautPartielle,1,1,,
gest.rci.Rci,mSSIImplique,sSIImplique,sSiImplique,1,1,,
gen.requete.DynamicStaticDate,mStatic,static,static,1,1,,
gen.requete.DynamicStaticDate,mStaticDate,staticDate,staticDate,1,1,,
gest.planInterv.PlanInterv,mStatutPlanRAO,statutPlanRAO,statutPlanRao,1,1,,
gest.config.ParamConfigGeneral,mStatutServiceCourrielAlerte,statutServiceCourrielAlerte,statutServiceCourrielAlerte,1,1,,
gest.borne.ParamMaintBorne | gest.formation.ParamFormation | gest.intervention.ParamIntervention | gest.maintEquip.ParamMaintEquip | gest.prevention.ParamPrevention | gest.quart.ParamQuart | gest.rci.ParamRci,mStrategieNumerotationActivite,strategieNumerotationActivite,strategieNumerotationActivite,1,7,,
gest.config.ParamConfig | gest.config.ParamConfigSSI,mStratePop,stratePop,stratePop,1,2,,
gest.dossPrev.DossPrev | gest.dossPrev.DossPrevSuppr,mSubdivision,subdivision,subdivision,1,2,,
gest.intervention.ParamIntervention$NCompteurParCodeAppel,mSubPrefixe,subPrefixe,subPrefixe,1,1,,
gest.gen.Adresse,mSuite,suite,suite,1,1,,
gest.horaire.Horaire$NCalcVectQuartAttribRetValues,iNextGroupeRondeIndex,suivantGroupeRondeIndex,suivantGroupeRondeIndex,1,1,,
gest.typePrev.TypePrev,mSuivreDateDernPrevDansDossPrev,suivreDateDernPrevDansDossPrev,suivreDateDernPrevisionDansDossPrevision,1,1,,
gest.planInterv.BatDebitNecessaire,mSuperficie,superficie,superficie,1,1,,
gest.planInterv.BatDebitNecessaire,mSuperficieCalculAuto,superficieCalculAuto,superficieCalculAutomatique,1,1,,
gest.planInterv.PlanAlarme,mSurveillance,surveillance,surveillance,1,1,,
gest.planInterv.PlanAlarme,mSurveille,surveille,surveille,1,1,,
gest.typePrev.TypePrev,mSurveyWebUUID,surveyWebUUID,surveyWebUuid,1,1,,
gest.feuilleTemps.ParamFeuilleTemps,mSyndicat,syndicat,syndicat,1,1,,
gest.employe.EmployeTaux,mTaux,taux,taux,1,1,,
gest.config.ConfigCompressionImages,mTauxCompression,tauxCompression,tauxCompression,1,1,,
gest.activite.ActionCondition,mTauxHoraireMult,tauxHoraireMultiplicateur,tauxHoraireMultiplicateur,1,1,,
java.lang.Class,com.db4o.config.TClass,TClass,tClass,1,1,,
java.util.AbstractCollection,com.db4o.config.TCollection,TCollection,tCollection,1,1,,
gest.gen.Adresse,mTelAutre,telAutre,telephoneAutre,1,1,,
gest.gen.Adresse,mTelAutreExt,telAutreExt,telephoneAutreExterne,1,1,,
gest.dossPrev.PersonneRess | gest.employe.Employe,mPagetCode,teleavertisseurCode,teleavertisseurCode,1,2,,
gest.gen.Adresse,mTelephone,telephone,telephone,1,1,,
gest.employe.Employe,mTelBureau,telephoneBureau,telephoneBureau,1,1,,
gest.gen.Adresse,mTelephoneExt,telephoneExt,telephoneExterne,1,1,,
gest.employe.ContactUrgence,mTelJour,telephoneJour,telephoneJour,1,1,,
gest.employe.ContactUrgence,mTelSoir,telephoneSoir,telephoneSoir,1,1,,
gest.fournisseur.Fournisseur | gest.ressource.Ressource | gest.secCiv.RessSecCiv,mTelTravail,telTravail,telephoneTravail,1,3,,
gest.employe.Employe | gest.fournisseur.Fournisseur | gest.ressource.Ressource | gest.secCiv.RessSecCiv,mTelTravailExt,telTravailExt | telephoneTravailExterieur,telephoneTravailExterne,2,4,,
gest.rci.Saisie,mTemoins,temoins,temoins,1,1,,
gest.intervention.IntervTemperature | gest.intervention.Intervention,mTemperature,temperature,temperature,1,2,,
gest.centreDesRapports.RapportCentral,mTemplate,template,template,1,1,,
gest.activite.ActionCondition,mTempsApresDuree,tempsApresDuree,tempsApresDuree,1,1,,
gest.activite.ActionCondition,mTempsPayeBase,tempsPayeBase,tempsPayeBase,1,1,,
gest.activite.ActionCondition,mTempsPayeBloc,tempsPayeBloc,tempsPayeBloc,1,1,,
gest.activite.ActionCondition,mTempsPayeBlocArrondir,tempsPayeBlocArrondir,tempsPayeBlocArrondir,1,1,,
gest.activite.ActionCondition,mTempsPayeMax,tempsPayeMax,tempsPayeMaximum,1,1,,
gest.activite.ActionCondition,mTempsPayeMin,tempsPayeMin,tempsPayeMinimum,1,1,,
gest.activite.ActionCondition,mTempsPreseanceApresTermine,tempsPreseanceApresTermine,tempsPreseanceApresTermine,1,1,,
gest.activite.ActionCondition,mTempsPreseanceAvantDebute,tempsPreseanceAvantDebute,tempsPreseanceAvantDebute,1,1,,
gest.planInterv.PlanConst,mTerrasseMateriau,terrasseMateriau,terrasseMateriau,1,1,,
gest.planInterv.PlanConst,mTerrasseUsage,terrasseUsage,terrasseUsage,1,1,,
gest.horaire.ModeleHoraire,mTextCourriel,textCourriel,textCourriel,1,1,,
gest.horaire.ModeleHoraire,mTextCourrielOnComplet,textCourrielOnComplet,textCourrielOnComplet,1,1,,
gest.horaire.ModeleHoraire,mTextCourrielPaget,textCourrielPaget,textCourrielPaget,1,1,,
gest.docum.Docum | gest.prevention.Report,mTexte,texte,texte,1,2,,
gest.prevention.PrevAnom,mTexteAnom,texteAnom,texteAnom,1,1,,
gest.prevention.Prevention,mTexteAvis,texteAvis,texteAvis,1,1,,
gest.typePrev.TypePrev,mTexteConclusionDefaut,texteConclusionDefaut,texteConclusionDefaut,1,1,,
gest.prevention.Prevention,mTexteIntro,texteIntro,texteIntro,1,1,,
gest.typePrev.TypePrev,mTexteIntroDefaut,texteIntroDefaut,texteIntroDefaut,1,1,,
java.util.Hashtable,com.db4o.config.THashtable,THashtable,tHashtable,1,1,,
gest.planInterv.PlanContact | gest.rci.Expertise | gest.typeAssistanceParticuliere.TypeAssistanceParticuliere,mTitre,titre,titre,1,3,,
gest.centreDesRapports.SectionRapportCentral | gest.listePerso.ListePerso,mTitre1,titre1,titre1,1,2,,
gest.centreDesRapports.SectionRapportCentral | gest.listePerso.ListePerso,mTitre2,titre2,titre2,1,2,,
java.util.AbstractList | java.util.AbstractSet | java.util.HashSet | java.util.Vector,com.db4o.config.TNull,TNull,tNull,1,4,,
gest.gen.Requete,mToDefrag,toDefrag,toDefrag,1,1,,
gest.planInterv.PlanAcces,mToit,toit,toit,1,1,,
gest.planInterv.PlanConst,mToitConstruction,toitConstruction,toitConstruction,1,1,,
gest.planInterv.PlanConst,mToitCouverture,toitCouverture,toitCouverture,1,1,,
gest.planInterv.PlanConst,mToitFermeToit,toitFermeToit,toitFermeToit,1,1,,
gen.util.ObjetToString,mToString,toString,toString,1,1,,
gest.planInterv.PlanContact | gest.planInterv.PlanHreExploit,mToujoursDisp,toujoursDisp,toujoursDisp,1,2,,
gest.formElec.Section,mTousAnom,tousAnom,tousAnom,1,1,,
gest.horaire.CritereAttribDispo,mTousTypeActiv,tousTypeActivite,tousTypeActivite,1,1,,
gest.typePrev.TypePrev,mTousTypeAnom,tousTypeAnom,tousTypeAnom,1,1,,
gest.rci.Effraction | gest.rci.ElecTrace,mTrace,trace,trace,1,2,,
gest.listePerso.FormatDonnee,mTraceFormattage,traceFormattage,traceFormattage,1,1,,
gest.dossPrev.DossPrev,mTransfertCAUCAFait,transfertCAUCAFait,transfertCaucaFait,1,1,,
gest.intervention.IntervChronologie,mTransmission,transmission,transmission,1,1,,
gest.borne.BorneSeche,mTuyauDiam,tuyauDiametre,tuyauDiametre,1,1,,
gest.borne.BorneSeche,mTuyauHautAspir,tuyauHauteurAspiration,tuyauHauteurAspiration,1,1,,
gest.borne.BorneSeche,mTuyauLong,tuyauLongueur,tuyauLongueur,1,1,,
gest.borne.BorneSeche,mTuyauTypeCoude,tuyauTypeCoude,tuyauTypeCoude,1,1,,
gest.borne.ModeleBorne | gest.champPerso.TypeChampPerso | gest.planInterv.AlimEauPrive | gest.planInterv.AlimPompe | gest.planInterv.ColonneMontante | gest.planInterv.ConstVide | gest.planInterv.PlanAlarme | gest.planInterv.ProtSpec | gest.rci.Suivi,mType,type,type,1,9,,
java.awt.color.ColorSpace,type,type,type,1,1,,
gest.activite.TypeActivite,mTypeAbsencePermis,typeAbsencePermis,typeAbsencePermis,1,1,,
gest.horaire.EmplReserv | gest.horaire.ModeleHoraire,mTypeAttrib,typeAttrib | typeAttribution,typeAttrib,2,2,,
gest.intervention.IntervPrevention | gest.prevention.RapportAvis,mTypeAvis,typeAvis,typeAvis,1,2,,
gest.rci.RciConclusion,mTypeConclusion,typeConclusion,typeConclusion,1,1,,
gest.planInterv.BatDebitNecessaire,mTypeConst,typeConst,typeConst,1,1,,
gest.dossPrev.DossPrev,mTypeConstrAutreDetail,typeConstrAutreDetail,typeConstrAutreDetail,1,1,,
gest.secCiv.Alarme,mTypeDeclench,typeDeclench,typeDeclench,1,1,,
gest.prevention.PrevAnom,mTypeDelai,typeDelai,typeDelai,1,1,,
gest.horaire.ParamHoraire,mTypeDest,typeDest,typeDestination,1,1,,
gest.horaire.ModeleHoraire,mTypeDispo,typeDispo,typeDisponible,1,1,,
gest.employe.Employe,mTypeEmploye,typeEmploye,typeEmploye,1,1,,
gest.config.ParamSendMail,mTypeEnvoi,typeEnvoi,typeEnvoi,1,1,,
gest.intervention.ParamIntervDSI2003 | gest.intervention.ParamIntervention,mTypeEnvoiDSI2003,typeEnvoiDSI2003,typeEnvoiDsi2003,1,2,,
gest.maintenance.Maintenance,mTypeEquip,typeEquip,typeEquip,1,1,,
gest.intervention.Intervention,mTypeEvenement,typeEvenement,typeEvenement,1,1,,
gest.cours.CoursInterne | gest.formation.Formation,mTypeFormateur,typeFormateur,typeFormateur,1,2,,
gest.horaire.ModeleHoraire | gest.schema.ForceFrappe,mTypeHoraire,typeHoraire,typeHoraire,1,2,,
gest.licence.Licence | gest.utilGroupe.Utilisateur,mTypeLicence,typeLicence,typeLicence,1,2,,
gest.horaire.HorRestrictEmploye | gest.horaire.HorRestrictQuart,mTypeLimite,typeLimite,typeLimite,1,2,,
gest.secCiv.NodeDocum,mTypeNode,typeNode,typeNode,1,1,,
gest.employe.Employe$NNonDispo,iTypeNonDispo,typeNonDisponibilite,typeNonDisponibilite,1,1,,
gest.gen.Message,mTypeNote,typeNote,typeNote,1,1,,
gest.planInterv.BatDebitNecessaire,mTypeOcc,typeOcc,typeOcc,1,1,,
gest.planInterv.PlanHreExploit,mTypeOccup,typeOccup,typeOccup,1,1,,
gest.secCiv.OutilExterne,mTypeOutil,typeOutil,typeOutil,1,1,,
gest.horaire.ModeleHorQuart,mTypePer,typePer,typePer,1,1,,
gest.dossPrev.PeriodiciteDossPrev,mTypePeriodicite,typePeriodicite,typePeriodicite,1,1,,
gest.veh.VehPneu,mTypePneu,typePneu,typePneu,1,1,,
gest.feuilleTemps.ParamFeuilleTemps,mTypeProjetSpecif,typeProjetSpecif,typeProjetSpecif,1,1,,
gest.borne.Borne,mTypeProprietaire,typeProprietaire,typeProprietaire,1,1,,
gest.gen.Qte,mTypeQte,typeQte,typeQuantite,1,1,,
gest.prevention.ParamPrevention,mTypeReinspection,typeReinspection,typeReinspection,1,1,,
gest.veh.VehPneu,mTypeRoue,typeRoue,typeRoue,1,1,,
gest.gen.Adresse | gest.gen.VoieCircul,mTypeRue,typeRue,typeRue,1,2,,
gest.champPerso.TypeChampPerso | gest.horaire.GroupeRondeSelection,mTypeSelection,typeSelection,typeSelection,1,2,,
gest.config.ParamConfig | gest.config.ParamConfigSSI,mTypeSequence,typeSequence,typeSequence,1,2,,
gest.gen.Adresse,mTypeSuite,typeSuite,typeSuite,1,1,,
gest.consolide.ParamConsolide | gest.consolide.ParamSSI,mTypeSync,typeSync,typeSync,1,2,,
gest.feuilleTemps.ParamFeuilleTemps,mTypeTrans,typeTransaction,typeTransaction,1,1,,
gest.rapport.RapportPerso,mUniquementSiAlimente,uniquementSiAlimente,uniquementSiAlimente,1,1,,
gest.gen.Periodicite | gest.horaire.CritereAttribDispo | gest.horaire.HorRestrictEmploye | gest.intervention.MemoFactDetail,mUniteMes,uniteMes | uniteMesure,uniteMes,2,4,,
gest.horaire.ModeleHorQuart,mUniteMesPer,uniteMesPer,uniteMesPer,1,1,,
gest.graph.Graph,mUniteMesure,uniteMesure,uniteMesure,1,1,,
gest.graph.TypeGraph,mUniteMesureDefaut,uniteMesureDefaut,uniteMesureDefaut,1,1,,
gest.intervention.ParamMemoFacturation,mUniteQte,uniteQte,uniteQuantite,1,1,,
gest.feuilleTemps.ParamFeuilleTemps,mUniteRegroup,uniteRegroupement,uniteRegroupement,1,1,,
gest.feuilleTemps.ParamFeuilleTemps,mUniteRH,uniteRH,uniteRh,1,1,,
gest.feuilleTemps.ParamFeuilleTemps,mUrlApiAurora,urlApiAurora,urlApiAurora,1,1,,
gest.horaire.ParamHoraire,mURLPourUNC,urlPourUNC,urlPourUnc,1,1,,
gest.planInterv.PlanConst,mUsageGeneral,usageGeneral,usageGeneral,1,1,,
gest.gen.ParamPropCouleur,mUseCodeCouleur,useCodeCouleur,useCodeCouleur,1,1,,
gest.config.ParamSendMail,mUseOutlook,useOutlook,useOutlook,1,1,,
gest.veh.VehPneu,mUsure,usure,usure,1,1,,
gest.utilGroupe.Utilisateur,mUtilCarto,utilCarto,utilCarto,1,1,,
gest.secCiv.RessSecCiv,mUtiliseAdresse,utiliseAdresse,utiliseAdresse,1,1,,
gest.intervention.Intervention,mUtiliseCarteAppel,utiliseCarteAppel,utiliseCarteAppel,1,1,,
gest.dossPrev.Energie,UtiliseChaufSecond,utiliseChauffageSecondaire,utiliseChauffageSecondaire,1,1,,
gest.typeChauffage.TypeChauffage,mUtiliseCheminee,utiliseCheminee,utiliseCheminee,1,1,,
gest.rapport.Rapport,mUtiliseDefaut,utiliseDefaut,utiliseDefaut,1,1,,
gest.maintenance.TypeMaint | gest.typePrev.TypePrev,mUtiliseFormElec,utiliseFormElec,utiliseFormElec,1,2,,
gest.dossPrev.DossPrev,mUtilisePeriodicite,utilisePeriodicite,utilisePeriodicite,1,1,,
gest.activite.TypeActivite,mUtiliserAutreCodeGain,utiliserAutreCodeGain,utiliserAutreCodeGain,1,1,,
gest.raisonReport.RaisonReport,mUtiliserAvis,utiliserAvis,utiliserAvis,1,1,,
gest.activite.TypeActivQuart,mUtiliserCouleurEquipe,utiliserCouleurEquipe,utiliserCouleurEquipe,1,1,,
gest.borne.TypeMaintBorne | gest.classif.Classif,mUtiliserFormulaire,utiliserFormulaire,utiliserFormulaire,1,2,,
gest.maintEquip.MaintEquipHisto,mUtiliserNouvelleQteSiDisponible,utiliserNouvelleQteSiDisponible,utiliserNouvelleQuantiteSiDisponible,1,1,,
gest.employe.Employe,mUtiliseTauxGrade,utiliseTauxGrade,utiliseTauxGrade,1,1,,
gest.champPerso.ChampPersoChoix | gest.dossPrev.ParamDossPrev$NValRempl | gest.intervention.ParamCarteAppel$NValRempl,iVal,val | valeur,valeur,2,3,,
gest.formElec.ParamFigureSaisie,mValCreerAnom,valCreerAnom,valeurCreerAnom,1,1,,
gest.champPerso.TypeChampPerso,mValDefaut,valDefaut,valeurDefaut,1,1,,
gest.champPerso.ChampPerso | gest.dossPrev.DossPrev | gest.gen.Qte | gest.gen.Requete | gest.preference.Preference,mValeur,valeur,valeur,1,5,,
gest.gen.IntervalleInt,mValA,valeurA,valeurA,1,1,,
gest.intervention.IntervPerte,mValeurBatiment,valeurBatiment,valeurBatiment,1,1,,
gest.gen.IntervalleInt,mValDe,valeurDe,valeurDe,1,1,,
gest.dossPrev.DossPrev,mValeurImmeuble,valeurImmeuble,valeurImmeuble,1,1,,
gest.listePerso.FormatDonnee,mValeurParDefaut,valeurParDefaut,valeurParDefaut,1,1,,
gest.dossPrev.DossPrev,mValeurTerrain,valeurTerrain,valeurTerrain,1,1,,
gest.rapport.Rapport,mValidationV13Faite,validationV13Faite,validationV13Faite,1,1,,
gest.champPerso.TypeChampPerso,mValMax,valMax,valeurMaximum,1,1,,
gest.champPerso.TypeChampPerso,mValMin,valMin,valeurMinimum,1,1,,
gest.formElec.ParamFigureSaisie,mValSectCond,valSectCond,valeurSectCond,1,1,,
com.db4o.StaticField | com.db4o.config.Entry | java.awt.Color,value,value,value,1,3,,
gest.planInterv.Gicleur,mVannePrincEmpl,vannePrincipaleEmplacement,vannePrincipaleEmplacement,1,1,,
gest.planInterv.Gicleur,mVanneSectEmpl,vanneSectEmplacement,vanneSectEmplacement,1,1,,
gest.intervention.IntervVehicule,mVehAnnee,vehAnnee,vehAnnee,1,1,,
gest.intervention.IntervVehicule,mVehCommentaire,vehCommentaire,vehCommentaire,1,1,,
gest.intervention.IntervVehicule,mVehCouleur,vehCouleur,vehCouleur,1,1,,
gest.vehicule.Vehicule,mVehiculeIntervention,vehiculeIntervention,vehiculeIntervention,1,1,,
gest.vehicule.Vehicule,mVehiculePR,vehiculePR,vehiculePr,1,1,,
gest.intervention.IntervIntervEntraide,mVehiculeUtilise,vehiculeUtilise,vehiculeUtilise,1,1,,
gest.intervention.IntervVehicule,mVehMarque,vehMarque,vehMarque,1,1,,
gest.intervention.IntervVehicule,mVehModele,vehModele,vehModele,1,1,,
gest.intervention.IntervVehicule,mVehNumSerie,vehNumSerie,vehNumeroSerie,1,1,,
gest.intervention.IntervVehicule,mVehPlaque,vehPlaque,vehPlaque,1,1,,
gest.intervention.ParamViewer,mVehRegEx,vehRegEx,vehRegEx,1,1,,
gest.intervention.IntervTemperature,mVelocite,velocite,velocite,1,1,,
gest.intervention.IntervTemperature,mVelociteDesc,velociteDesc,velociteDescription,1,1,,
gest.planInterv.PlanConst,mVentil,ventil,ventil,1,1,,
gest.secCiv.RessSecCiv,mVerif,verif,verif,1,1,,
gest.secCiv.RessSecCiv,mVerifDateDebut,verifDateDebut,verifDateDebut,1,1,,
gest.rci.Rci,mVerificateur,verificateur,verificateur,1,1,,
gest.secCiv.RessSecCiv,mVerifMois,verifMois,verifMois,1,1,,
gest.secCiv.RessSecCiv,mVerifTypeEnvoi,verifTypeEnvoi,verifTypeEnvoi,1,1,,
gest.planInterv.PlanConst,mVidePrecision,videPrecision,videPrecision,1,1,,
gest.intervention.Intervention,mVieHumaine,vieHumaine,vieHumaine,1,1,,
gest.config.ParamConfig | gest.config.ParamConfigSSI | gest.gen.Adresse | gest.gen.Lieu | gest.gen.VoieCircul | gest.intervention.IntervIntervEntraide | gest.intervention.Intervention,mVille,ville,ville,1,7,,
gest.graph.GraphPalier,mVisible,visible,visible,1,1,,
gest.planInterv.AlimDisp,mVitesseMoyenne,vitesseMoyenne,vitesseMoyenne,1,1,,
gest.rci.Constat,mVitessePropag,vitessePropag,vitessePropag,1,1,,
gest.veh.VehPorte,mVitre,vitre,vitre,1,1,,
gest.dossPrev.ParamDossPrev$NValRempl,iVoie,voie,voie,1,1,,
gest.dossPrev.ParamDossPrev$NValRempl,iVoieRempl,voieRemplacement,voieRemplacement,1,1,,
gest.dossPrev.ProdDang,mVolume,volume,volume,1,1,,
gest.horaire.ModeleHoraire,mWebAffEnCours,webAffEnCours,webAffEnCours,1,1,,
gest.employe.Employe,mWebCodeUtil,webCodeUtilisateur,webCodeUtilisateur,1,1,,
gest.horaire.ModeleHoraire,mWebEnCoursTousUtilVisible,webEnCoursTousUtilVisible,webEnCoursTousUtilVisible,1,1,,
gest.employe.Employe,mWebMemeCodeAccesQueUtil,webMemeCodeAccesQueUtilisateur,webMemeCodeAccesQueUtilisateur,1,1,,
gest.employe.Employe,mWebMotPasse,webMotPasse,webMotPasse,1,1,,
gest.employe.Employe,mWebUtil,webUtilisateur,webUtilisateur,1,1,,
gest.planInterv.ColonneMontante | gest.planInterv.Gicleur | gest.planInterv.ProtSpec,mZoneProt,zoneProt | zoneProtegee,zoneProtegee,2,3,,