priority_score,priority_reasons,kind,class_source,field_source,destination_name,suggested_name,unresolved_tokens,suggestion_confidence,status,approved_name,notes,xpath_hint
22,auto_suggest_differs;abbr:CP|Prev;short_tokens:hsh|CP|Ori;unresolved:hsh|Sect|Cond|Ori|Doss,class-field,gest.prevention.Prevention,mHshSectCondValeurCPOriDossPrev,hshSectCondValeurCPOriDossPrev,hshSectCondValeurCodePostalOriDossPrevision,hsh|Sect|Cond|Ori|Doss,review-needed,,,,/classes/class[@source='gest.prevention.Prevention']/field[@source='mHshSectCondValeurCPOriDossPrev']
21,auto_suggest_differs;abbr:Seq;short_tokens:Seq|Les|SSI;unresolved:meme|Pour|Tout|Les|SSI,class-field,gest.config.ParamConfigSSI,mMemeSeqPourToutLesSSI,memeSeqPourToutLesSSI,memeSequencePourToutLesSsi,meme|Pour|Tout|Les|SSI,review-needed,,,,/classes/class[@source='gest.config.ParamConfigSSI']/field[@source='mMemeSeqPourToutLesSSI']
21,auto_suggest_differs;abbr:Num;short_tokens:On|Act|Num;unresolved:On|Act|With,class-field,gest.config.ParamConfigSSI,mPermitCancelOnActWithNumPreassigned,permitCancelOnActWithNumPreassigned,permitCancelOnActWithNumeroPreassigned,On|Act|With,review-needed,,,,/classes/class[@source='gest.config.ParamConfigSSI']/field[@source='mPermitCancelOnActWithNumPreassigned']
21,auto_suggest_differs;abbr:qte;short_tokens:qte|Au|Sol;unresolved:Aire|Au|Sol,class-field,gest.dossPrev.DossPrev,mQteAireAuSol,qteAireAuSol,quantiteAireAuSol,Aire|Au|Sol,review-needed,,,,/classes/class[@source='gest.dossPrev.DossPrev']/field[@source='mQteAireAuSol']
21,auto_suggest_differs;abbr:qte;short_tokens:qte|Au|Sol;unresolved:Aire|Au|Sol,class-field,gest.dossPrev.DossPrev,mQteAireAuSolTerrain,qteAireAuSolTerrain,quantiteAireAuSolTerrain,Aire|Au|Sol,review-needed,,,,/classes/class[@source='gest.dossPrev.DossPrev']/field[@source='mQteAireAuSolTerrain']
21,auto_suggest_differs;abbr:nbr|Interv;short_tokens:nbr|Veh;unresolved:Dans|Veh,class-field,gest.intervention.IntervIntervEquipe,mNbrIntervDansVeh,nbrIntervDansVeh,nombreInterventionDansVeh,Dans|Veh,review-needed,,,,/classes/class[@source='gest.intervention.IntervIntervEquipe']/field[@source='mNbrIntervDansVeh']
21,auto_suggest_differs;abbr:Qte;short_tokens:est|La|Qte;unresolved:est|La|Meme,class-field,gest.maintEquip.MaintEquipHisto,mEstLaMemeQte,estLaMemeQte,estLaMemeQuantite,est|La|Meme,review-needed,,,,/classes/class[@source='gest.maintEquip.MaintEquipHisto']/field[@source='mEstLaMemeQte']
21,auto_suggest_differs;abbr:CP;short_tokens:hsh|CP|Ori;unresolved:hsh|Sect|Cond|Ori,class-field,gest.prevention.Prevention,mHshSectCondValeurCPOri,hshSectCondValeurCPOri,hshSectCondValeurCodePostalOri,hsh|Sect|Cond|Ori,review-needed,,,,/classes/class[@source='gest.prevention.Prevention']/field[@source='mHshSectCondValeurCPOri']
21,auto_suggest_differs;abbr:Desc|Ext;short_tokens:rci|Ext;unresolved:rci,class-field,gest.rci.Rci,mRciDescExt,rciDescExt,rciDescriptionExterne,rci,review-needed,,,,/classes/class[@source='gest.rci.Rci']/field[@source='mRciDescExt']
20,auto_suggest_differs;abbr:qte;short_tokens:qte|RCI;unresolved:RCI,class-field,gest.config.ParamConfigSSI,mQteDelaiRapportRCI,qteDelaiRapportRCI,quantiteDelaiRapportRci,RCI,review-needed,,,,/classes/class[@source='gest.config.ParamConfigSSI']/field[@source='mQteDelaiRapportRCI']
20,auto_suggest_differs;abbr:nb;short_tokens:nb|Par;unresolved:Par|Page|Pour,class-field,gest.dossPrev.DossPrev,mNbPhotosParPagePourGraph,nbPhotosParPagePourGraph,nombrePhotosParPagePourGraph,Par|Page|Pour,review-needed,,,,/classes/class[@source='gest.dossPrev.DossPrev']/field[@source='mNbPhotosParPagePourGraph']
20,auto_suggest_differs;abbr:nbr;short_tokens:nbr|Sol;unresolved:Sous|Sol,class-field,gest.dossPrev.DossPrev,mNbrSousSol,nbrSousSol,nombreSousSol,Sous|Sol,review-needed,,,,/classes/class[@source='gest.dossPrev.DossPrev']/field[@source='mNbrSousSol']
20,auto_suggest_differs;abbr:Num;short_tokens:Num|DB;unresolved:m|DB,class-field,gest.gen.ParamVersion,mNumBuildDB,mNumBuildDB,mNumeroBuildDb,m|DB,review-needed,,,,/classes/class[@source='gest.gen.ParamVersion']/field[@source='mNumBuildDB']
20,auto_suggest_differs;abbr:Temp|Prev|Assoc;unresolved:Doss,class-field,gest.gen.VoieCircul,mVectTempIDDossPrevAssoc,listeTempIDDossPrevAssoc,listeTemporaireIdDossPrevisionAssociation,Doss,review-needed,,,,/classes/class[@source='gest.gen.VoieCircul']/field[@source='mVectTempIDDossPrevAssoc']
20,auto_suggest_differs;abbr:nbr;short_tokens:nbr|Mes;unresolved:Mes,class-field,gest.graph.Graph,mNbrPixelUniteMes,nbrPixelUniteMes,nombrePixelUniteMes,Mes,review-needed,,,,/classes/class[@source='gest.graph.Graph']/field[@source='mNbrPixelUniteMes']
20,auto_suggest_differs;abbr:nbr;short_tokens:nbr|Mes;unresolved:Mes,class-field,gest.graph.TypeGraph,mNbrPixelUniteMesDefaut,nbrPixelUniteMesDefaut,nombrePixelUniteMesDefaut,Mes,review-needed,,,,/classes/class[@source='gest.graph.TypeGraph']/field[@source='mNbrPixelUniteMesDefaut']
20,auto_suggest_differs;abbr:nbr;short_tokens:nbr|KM;unresolved:KM|Pour,class-field,gest.intervention.IntervVehAccident,mNbrKMPourExcedent,nbrKMPourExcedent,nombreKmPourExcedent,KM|Pour,review-needed,,,,/classes/class[@source='gest.intervention.IntervVehAccident']/field[@source='mNbrKMPourExcedent']
20,auto_suggest_differs;abbr:Num;short_tokens:ass|Num;unresolved:ass,class-field,gest.intervention.IntervVehicule,mAssNumPolice,assNumPolice,assNumeroPolice,ass,review-needed,,,,/classes/class[@source='gest.intervention.IntervVehicule']/field[@source='mAssNumPolice']
20,auto_suggest_differs;abbr:interv;short_tokens:Veh|Feu;unresolved:Veh|Feu,class-field,gest.intervention.IntervVehicule,mIntervVehFeu,intervVehFeu,interventionVehFeu,Veh|Feu,review-needed,,,,/classes/class[@source='gest.intervention.IntervVehicule']/field[@source='mIntervVehFeu']
20,auto_suggest_differs;abbr:Num;short_tokens:veh|Num;unresolved:veh,class-field,gest.intervention.IntervVehicule,mVehNumSerie,vehNumSerie,vehNumeroSerie,veh,review-needed,,,,/classes/class[@source='gest.intervention.IntervVehicule']/field[@source='mVehNumSerie']
20,auto_suggest_differs;abbr:nbr|Interv;short_tokens:nbr;unresolved:Prem,class-field,gest.intervention.ParamCarteAppel,mNbrMinutesDeduitPremInterv,nbrMinutesDeduitPremInterv,nombreMinutesDeduitPremIntervention,Prem,review-needed,,,,/classes/class[@source='gest.intervention.ParamCarteAppel']/field[@source='mNbrMinutesDeduitPremInterv']
20,auto_suggest_differs;abbr:nbr|Prev;short_tokens:nbr;unresolved:Doss,class-field,gest.licence.Licence,mNbrDossPrev,nbrDossPrev,nombreDossPrevision,Doss,review-needed,,,,/classes/class[@source='gest.licence.Licence']/field[@source='mNbrDossPrev']
20,auto_suggest_differs;abbr:nbr;short_tokens:nbr|Lic;unresolved:Lic,class-field,gest.licence.Licence,mNbrLicConcur,nbrLicConcur,nombreLicConcur,Lic,review-needed,,,,/classes/class[@source='gest.licence.Licence']/field[@source='mNbrLicConcur']
20,auto_suggest_differs;abbr:nbr;short_tokens:nbr|Lic;unresolved:Lic,class-field,gest.licence.Licence,mNbrLicDedie,nbrLicDedie,nombreLicDedie,Lic,review-needed,,,,/classes/class[@source='gest.licence.Licence']/field[@source='mNbrLicDedie']
20,auto_suggest_differs;abbr:nbr;short_tokens:nbr|SSI;unresolved:SSI,class-field,gest.licence.Licence,mNbrSSIMulti,nbrSSIMulti,nombreSsiMulti,SSI,review-needed,,,,/classes/class[@source='gest.licence.Licence']/field[@source='mNbrSSIMulti']
20,auto_suggest_differs;abbr:Qte;short_tokens:Qte|Si;unresolved:Si,class-field,gest.maintEquip.MaintEquipHisto,mUtiliserNouvelleQteSiDisponible,utiliserNouvelleQteSiDisponible,utiliserNouvelleQuantiteSiDisponible,Si,review-needed,,,,/classes/class[@source='gest.maintEquip.MaintEquipHisto']/field[@source='mUtiliserNouvelleQteSiDisponible']
20,auto_suggest_differs;abbr:Nbr;short_tokens:asc|Nbr;unresolved:asc,class-field,gest.planInterv.PlanConst,mAscNbr,ascNbr,ascNombre,asc,review-needed,,,,/classes/class[@source='gest.planInterv.PlanConst']/field[@source='mAscNbr']
20,auto_suggest_differs;abbr:Prev;short_tokens:hsh|Ori;unresolved:hsh|Sect|Cond|Ori|Doss,class-field,gest.prevention.Prevention,mHshSectCondValeursOriDossPrev,hshSectCondValeursOriDossPrev,hshSectCondValeursOriDossPrevision,hsh|Sect|Cond|Ori|Doss,review-needed,,,,/classes/class[@source='gest.prevention.Prevention']/field[@source='mHshSectCondValeursOriDossPrev']
20,auto_suggest_differs;abbr:Desc;short_tokens:rci|Int;unresolved:rci|Int,class-field,gest.rci.Rci,mRciDescInt,rciDescInt,rciDescriptionInt,rci|Int,review-needed,,,,/classes/class[@source='gest.rci.Rci']/field[@source='mRciDescInt']
20,auto_suggest_differs;abbr:Assoc|CP;short_tokens:CP;unresolved:Data,class-field,gest.typePrev.TypePrev,mVectAssocExtraDataCP,listeAssocExtraDataCP,listeAssociationExtraDataCodePostal,Data,review-needed,,,,/classes/class[@source='gest.typePrev.TypePrev']/field[@source='mVectAssocExtraDataCP']
20,auto_suggest_differs;abbr:Min;short_tokens:Au|Min;unresolved:Au,class-field,gest.horaire.CritereAttribDispo,mPrioriteAuMin,prioriteAuMin,prioriteAuMinimum,Au,review-needed,,,,/classes/class[@source='gest.horaire.CritereAttribDispo']/field[@source='mPrioriteAuMin']
20,auto_suggest_differs;abbr:Tmp;short_tokens:Tmp|Hor;unresolved:Hor,class-field,gest.horaire.Horaire$NCalcVectQuartAttribRetValues,iVectTmpHorQuart,listeTmpHorQuart,listeTemporaireHorQuart,Hor,review-needed,,,,/classes/class[@source='gest.horaire.Horaire$NCalcVectQuartAttribRetValues']/field[@source='iVectTmpHorQuart']
19,auto_suggest_differs;abbr:Max;short_tokens:Max;unresolved:Paye,class-field,gest.activite.ActionCondition,mTempsPayeMax,tempsPayeMax,tempsPayeMaximum,Paye,review-needed,,,,/classes/class[@source='gest.activite.ActionCondition']/field[@source='mTempsPayeMax']
19,auto_suggest_differs;abbr:Min;short_tokens:Min;unresolved:Paye,class-field,gest.activite.ActionCondition,mTempsPayeMin,tempsPayeMin,tempsPayeMinimum,Paye,review-needed,,,,/classes/class[@source='gest.activite.ActionCondition']/field[@source='mTempsPayeMin']
19,auto_suggest_differs;abbr:Assoc;short_tokens:Key;unresolved:Data|Key,class-field,gest.champPerso.TypeChampPerso,mExtraDataKeyAssoc,extraDataKeyAssoc,extraDataKeyAssociation,Data|Key,review-needed,,,,/classes/class[@source='gest.champPerso.TypeChampPerso']/field[@source='mExtraDataKeyAssoc']
19,auto_suggest_differs;abbr:Num;short_tokens:Num;unresolved:Dans,class-field,gest.config.ParamConfig,mIdentVilleDansNumActiv,identVilleDansNumActiv,identVilleDansNumeroActiv,Dans,review-needed,,,,/classes/class[@source='gest.config.ParamConfig']/field[@source='mIdentVilleDansNumActiv']
19,auto_suggest_differs;abbr:Auto;short_tokens:hre;unresolved:hre,class-field,gest.config.ParamConfigSSI,mHreEnvoiAutoNotif,hreEnvoiAutoNotif,hreEnvoiAutomatiqueNotif,hre,review-needed,,,,/classes/class[@source='gest.config.ParamConfigSSI']/field[@source='mHreEnvoiAutoNotif']
19,auto_suggest_differs;abbr:Num;short_tokens:Num;unresolved:Dans,class-field,gest.config.ParamConfigSSI,mIdentVilleDansNumActiv,identVilleDansNumActiv,identVilleDansNumeroActiv,Dans,review-needed,,,,/classes/class[@source='gest.config.ParamConfigSSI']/field[@source='mIdentVilleDansNumActiv']
19,auto_suggest_differs;abbr:param;short_tokens:Web;unresolved:Form|Web,class-field,gest.config.ParamConfigSSI,mParamFormWeb,paramFormWeb,parametreFormWeb,Form|Web,review-needed,,,,/classes/class[@source='gest.config.ParamConfigSSI']/field[@source='mParamFormWeb']
19,auto_suggest_differs;abbr:Doc;short_tokens:Doc;unresolved:etat,class-field,gest.docum.Docum,mEtatDoc,etatDoc,etatDocument,etat,review-needed,,,,/classes/class[@source='gest.docum.Docum']/field[@source='mEtatDoc']
19,abbr:Fin;short_tokens:no|Civ|Fin;unresolved:no|Civ,class-field,gest.dossPrev.DossPrev,mNoCivFin,noCivFin,noCivFin,no|Civ,review-needed,,,,/classes/class[@source='gest.dossPrev.DossPrev']/field[@source='mNoCivFin']
19,auto_suggest_differs;abbr:Ref;short_tokens:Ref;unresolved:Code,class-field,gest.dossPrev.DossPrev,mVectIDCodeRef,listeIdCodeRef,listeIdCodeReference,Code,review-needed,,,,/classes/class[@source='gest.dossPrev.DossPrev']/field[@source='mVectIDCodeRef']
19,auto_suggest_differs;abbr:val;short_tokens:val;unresolved:Anom,class-field,gest.formElec.ParamFigureSaisie,mValCreerAnom,valCreerAnom,valeurCreerAnom,Anom,review-needed,,,,/classes/class[@source='gest.formElec.ParamFigureSaisie']/field[@source='mValCreerAnom']
19,auto_suggest_differs;abbr:val;short_tokens:val;unresolved:Sect|Cond,class-field,gest.formElec.ParamFigureSaisie,mValSectCond,valSectCond,valeurSectCond,Sect|Cond,review-needed,,,,/classes/class[@source='gest.formElec.ParamFigureSaisie']/field[@source='mValSectCond']
19,auto_suggest_differs;abbr:Prev;short_tokens:Les;unresolved:Tous|Les|Doss,class-field,gest.gen.ParamExportDonnees,mExporterTousLesDossPrev,exporterTousLesDossPrev,exporterTousLesDossPrevision,Tous|Les|Doss,review-needed,,,,/classes/class[@source='gest.gen.ParamExportDonnees']/field[@source='mExporterTousLesDossPrev']
19,auto_suggest_differs;abbr:Qte;short_tokens:Qte;unresolved:type,class-field,gest.gen.Qte,mTypeQte,typeQte,typeQuantite,type,review-needed,,,,/classes/class[@source='gest.gen.Qte']/field[@source='mTypeQte']
19,auto_suggest_differs;abbr:Prev|Assoc;unresolved:Doss,class-field,gest.graph.Graph,mMatriculeDossPrevAssoc,matriculeDossPrevAssoc,matriculeDossPrevisionAssociation,Doss,review-needed,,,,/classes/class[@source='gest.graph.Graph']/field[@source='mMatriculeDossPrevAssoc']
19,auto_suggest_differs;abbr:nbr;short_tokens:nbr;unresolved:Jour,class-field,gest.horaire.Horaire,mNbrJour,nbrJour,nombreJour,Jour,review-needed,,,,/classes/class[@source='gest.horaire.Horaire']/field[@source='mNbrJour']
19,auto_suggest_differs;abbr:dispo;short_tokens:Web;unresolved:Web,class-field,gest.horaire.Horaire,mDispoWeb,dispoWeb,disponibleWeb,Web,review-needed,,,,/classes/class[@source='gest.horaire.Horaire']/field[@source='mDispoWeb']
19,auto_suggest_differs;abbr:Dispo;short_tokens:De;unresolved:date|De,class-field,gest.horaire.Horaire,mDateDispoDe,dateDispoDe,dateDisponibleDe,date|De,review-needed,,,,/classes/class[@source='gest.horaire.Horaire']/field[@source='mDateDispoDe']
19,auto_suggest_differs;abbr:nbr;short_tokens:nbr;unresolved:Jour,class-field,gest.horaire.ModeleHoraire,mNbrJour,nbrJour,nombreJour,Jour,review-needed,,,,/classes/class[@source='gest.horaire.ModeleHoraire']/field[@source='mNbrJour']
19,auto_suggest_differs;abbr:Dispo;short_tokens:Niv;unresolved:Niv,class-field,gest.horaire.ModeleHoraire,mVectNivDispo,listeNivDispo,listeNivDisponible,Niv,review-needed,,,,/classes/class[@source='gest.horaire.ModeleHoraire']/field[@source='mVectNivDispo']
19,auto_suggest_differs;abbr:dest;short_tokens:UNC;unresolved:UNC,class-field,gest.horaire.ParamHoraire,mDestUNC,destUNC,destinationUnc,UNC,review-needed,,,,/classes/class[@source='gest.horaire.ParamHoraire']/field[@source='mDestUNC']
19,auto_suggest_differs;abbr:Desc;short_tokens:Mat;unresolved:prem|Mat,class-field,gest.intervention.IntervCauseIncendie,mPremMatDesc,premMatDesc,premMatDescription,prem|Mat,review-needed,,,,/classes/class[@source='gest.intervention.IntervCauseIncendie']/field[@source='mPremMatDesc']
19,auto_suggest_differs;abbr:info|Interv;unresolved:Supp,class-field,gest.intervention.IntervIntervenant,mInfoIntervEmployeSupp,infoIntervEmployeSupp,informationInterventionEmployeSupp,Supp,review-needed,,,,/classes/class[@source='gest.intervention.IntervIntervenant']/field[@source='mInfoIntervEmployeSupp']
19,auto_suggest_differs;abbr:interv;short_tokens:Veh;unresolved:Veh,class-field,gest.intervention.IntervVehicule,mIntervVehAccident,intervVehAccident,interventionVehAccident,Veh,review-needed,,,,/classes/class[@source='gest.intervention.IntervVehicule']/field[@source='mIntervVehAccident']
19,auto_suggest_differs;abbr:prop;short_tokens:Que;unresolved:Que,class-field,gest.intervention.IntervVehicule,mPropAutreQueRepondant,propAutreQueRepondant,proprieteAutreQueRepondant,Que,review-needed,,,,/classes/class[@source='gest.intervention.IntervVehicule']/field[@source='mPropAutreQueRepondant']
19,auto_suggest_differs;abbr:prop;short_tokens:Nom;unresolved:Nom,class-field,gest.intervention.IntervVehicule,mPropNom,propNom,proprieteNom,Nom,review-needed,,,,/classes/class[@source='gest.intervention.IntervVehicule']/field[@source='mPropNom']
19,auto_suggest_differs;abbr:num;short_tokens:num;unresolved:Memo,class-field,gest.intervention.MemoFacturation,mNumMemo,numMemo,numeroMemo,Memo,review-needed,,,,/classes/class[@source='gest.intervention.MemoFacturation']/field[@source='mNumMemo']
19,auto_suggest_differs;abbr:Val;short_tokens:Val;unresolved:N,class-field,gest.intervention.ParamCarteAppel,mVectNValRempl,listeNValRempl,listeNValeurRempl,N,review-needed,,,,/classes/class[@source='gest.intervention.ParamCarteAppel']/field[@source='mVectNValRempl']
19,auto_suggest_differs;abbr:num;short_tokens:num;unresolved:Doss,class-field,gest.intervention.ParamIntervention,mNumDossPoliceDefaut,numDossPoliceDefaut,numeroDossPoliceDefaut,Doss,review-needed,,,,/classes/class[@source='gest.intervention.ParamIntervention']/field[@source='mNumDossPoliceDefaut']
19,auto_suggest_differs;abbr:Auto;short_tokens:Au;unresolved:Au,class-field,gest.maintEquip.ParamMaintEquip,mRechercheAutoAuDemarrage,rechercheAutoAuDemarrage,rechercheAutomatiqueAuDemarrage,Au,review-needed,,,,/classes/class[@source='gest.maintEquip.ParamMaintEquip']/field[@source='mRechercheAutoAuDemarrage']
19,auto_suggest_differs;abbr:Srv;short_tokens:Srv;unresolved:last|Sync,class-field,gest.mobile.Mobile,mLastSyncSrvID,lastSyncSrvID,lastSyncServiceId,last|Sync,review-needed,,,,/classes/class[@source='gest.mobile.Mobile']/field[@source='mLastSyncSrvID']
19,auto_suggest_differs;abbr:Num;short_tokens:Num;unresolved:jour,class-field,gest.plageHoraire.PlageHoraire,mJourNum,jourNum,jourNumero,jour,review-needed,,,,/classes/class[@source='gest.plageHoraire.PlageHoraire']/field[@source='mJourNum']
19,auto_suggest_differs;abbr:Num;short_tokens:Num;unresolved:mois,class-field,gest.plageHoraire.PlageHoraire,mMoisNum,moisNum,moisNumero,mois,review-needed,,,,/classes/class[@source='gest.plageHoraire.PlageHoraire']/field[@source='mMoisNum']
19,auto_suggest_differs;abbr:comm;short_tokens:Ouv;unresolved:Prot|Ouv,class-field,gest.planInterv.BatDebitNecessaire,mCommProtOuv,commProtOuv,commentaireProtOuv,Prot|Ouv,review-needed,,,,/classes/class[@source='gest.planInterv.BatDebitNecessaire']/field[@source='mCommProtOuv']
19,auto_suggest_differs;abbr:nbr;short_tokens:nbr;unresolved:Expo,class-field,gest.planInterv.BatDebitNecessaire,mNbrEtageExpo,nbrEtageExpo,nombreEtageExpo,Expo,review-needed,,,,/classes/class[@source='gest.planInterv.BatDebitNecessaire']/field[@source='mNbrEtageExpo']
19,auto_suggest_differs;abbr:Comm;short_tokens:asc;unresolved:asc|Empl,class-field,gest.planInterv.PlanConst,mAscCommEmpl,ascCommEmpl,ascCommentaireEmpl,asc|Empl,review-needed,,,,/classes/class[@source='gest.planInterv.PlanConst']/field[@source='mAscCommEmpl']
19,auto_suggest_differs;abbr:Prop;short_tokens:nom;unresolved:nom,class-field,gest.planInterv.PlanContact,mNomPropOccup,nomPropOccup,nomProprieteOccup,nom,review-needed,,,,/classes/class[@source='gest.planInterv.PlanContact']/field[@source='mNomPropOccup']
19,auto_suggest_differs;abbr:Proc|Pers;unresolved:Ress,class-field,gest.planInterv.PlanServPub,mPreocProcPersRess,preocProcPersRess,preocProcessusPersonneRess,Ress,review-needed,,,,/classes/class[@source='gest.planInterv.PlanServPub']/field[@source='mPreocProcPersRess']
19,auto_suggest_differs;abbr:Info;short_tokens:Pub;unresolved:Serv|Pub,class-field,gest.planInterv.PlanServPub,mVectInfoServPub,listeInfoServPub,listeInformationServPub,Serv|Pub,review-needed,,,,/classes/class[@source='gest.planInterv.PlanServPub']/field[@source='mVectInfoServPub']
19,auto_suggest_differs;abbr:Auto;short_tokens:Au;unresolved:Au,class-field,gest.prevention.ParamPrevention,mRechercheAutoAuDemarrage,rechercheAutoAuDemarrage,rechercheAutomatiqueAuDemarrage,Au,review-needed,,,,/classes/class[@source='gest.prevention.ParamPrevention']/field[@source='mRechercheAutoAuDemarrage']
19,auto_suggest_differs;abbr:Prev;short_tokens:Par;unresolved:Par|Type,class-field,gest.prevention.ParamPrevention,mVectCompteursParTypePrev,listeCompteursParTypePrev,listeCompteursParTypePrevision,Par|Type,review-needed,,,,/classes/class[@source='gest.prevention.ParamPrevention']/field[@source='mVectCompteursParTypePrev']
19,auto_suggest_differs;abbr:Nbr;short_tokens:Nbr;unresolved:Jour,class-field,gest.prevention.PrevAnom,mDelaiNbrJour,delaiNbrJour,delaiNombreJour,Jour,review-needed,,,,/classes/class[@source='gest.prevention.PrevAnom']/field[@source='mDelaiNbrJour']
19,auto_suggest_differs;abbr:Prev|Assoc;unresolved:Avis,class-field,gest.prevention.Prevention,mIDPrevAvisAssoc,idPrevAvisAssoc,idPrevisionAvisAssociation,Avis,review-needed,,,,/classes/class[@source='gest.prevention.Prevention']/field[@source='mIDPrevAvisAssoc']
19,auto_suggest_differs;abbr:Prev;short_tokens:Src;unresolved:Src,class-field,gest.prevention.Prevention,mIDPrevSrc,idPrevSrc,idPrevisionSrc,Src,review-needed,,,,/classes/class[@source='gest.prevention.Prevention']/field[@source='mIDPrevSrc']
19,auto_suggest_differs;abbr:Desc;short_tokens:rci;unresolved:rci,class-field,gest.rci.Rci,mRciDescBatiment,rciDescBatiment,rciDescriptionBatiment,rci,review-needed,,,,/classes/class[@source='gest.rci.Rci']/field[@source='mRciDescBatiment']
19,auto_suggest_differs;abbr:Desc;short_tokens:Mat;unresolved:prem|Mat,class-field,gest.rci.RciLieu,mPremMatDesc,premMatDesc,premMatDescription,prem|Mat,review-needed,,,,/classes/class[@source='gest.rci.RciLieu']/field[@source='mPremMatDesc']
19,auto_suggest_differs;abbr:Auto;short_tokens:hre;unresolved:hre,class-field,gest.secCiv.ParamSecCiv,mHreEnvoiAutoNotif,hreEnvoiAutoNotif,hreEnvoiAutomatiqueNotif,hre,review-needed,,,,/classes/class[@source='gest.secCiv.ParamSecCiv']/field[@source='mHreEnvoiAutoNotif']
19,auto_suggest_differs;abbr:nbr;short_tokens:nbr;unresolved:Jour,class-field,gest.typeAnom.TypeAnom,mNbrJourDelai,nbrJourDelai,nombreJourDelai,Jour,review-needed,,,,/classes/class[@source='gest.typeAnom.TypeAnom']/field[@source='mNbrJourDelai']
19,auto_suggest_differs;abbr:Ref;short_tokens:Ref;unresolved:Code,class-field,gest.typeAnom.TypeAnom,mVectIDCodeRef,listeIDCodeRef,listeIdCodeReference,Code,review-needed,,,,/classes/class[@source='gest.typeAnom.TypeAnom']/field[@source='mVectIDCodeRef']
19,auto_suggest_differs;abbr:Prev|Prev;unresolved:Date|Dern|Dans|Doss,class-field,gest.typePrev.TypePrev,mSuivreDateDernPrevDansDossPrev,suivreDateDernPrevDansDossPrev,suivreDateDernPrevisionDansDossPrevision,Date|Dern|Dans|Doss,review-needed,,,,/classes/class[@source='gest.typePrev.TypePrev']/field[@source='mSuivreDateDernPrevDansDossPrev']
19,auto_suggest_differs;abbr:Ref;short_tokens:Ref;unresolved:m,class-field,gest.borne.MaintBorne,mRefComptable,mRefComptable,mReferenceComptable,m,review-needed,,,,/classes/class[@source='gest.borne.MaintBorne']/field[@source='mRefComptable']
19,auto_suggest_differs;abbr:Num;short_tokens:Num;unresolved:m,class-field,gest.borne.MaintBorne,mNumActivite,mNumActivite,mNumeroActivite,m,review-needed,,,,/classes/class[@source='gest.borne.MaintBorne']/field[@source='mNumActivite']
19,auto_suggest_differs;abbr:Doc;short_tokens:Doc;unresolved:etat,class-field,gest.secCiv.MesurePrev,mEtatDoc,etatDoc,etatDocument,etat,review-needed,,,,/classes/class[@source='gest.secCiv.MesurePrev']/field[@source='mEtatDoc']
19,auto_suggest_differs;abbr:Doc;short_tokens:Doc;unresolved:etat,class-field,gest.secCiv.Mission,mEtatDoc,etatDoc,etatDocument,etat,review-needed,,,,/classes/class[@source='gest.secCiv.Mission']/field[@source='mEtatDoc']
19,auto_suggest_differs;abbr:Doc;short_tokens:Doc;unresolved:etat,class-field,gest.secCiv.PPI,mEtatDoc,etatDoc,etatDocument,etat,review-needed,,,,/classes/class[@source='gest.secCiv.PPI']/field[@source='mEtatDoc']
19,auto_suggest_differs;abbr:Doc;short_tokens:Doc;unresolved:etat,class-field,gest.secCiv.Risque,mEtatDoc,etatDoc,etatDocument,etat,review-needed,,,,/classes/class[@source='gest.secCiv.Risque']/field[@source='mEtatDoc']
18,auto_suggest_differs;abbr:Prod;unresolved:Dang,class-field,gest.dossPrev.DossPrev,mVectProdDang,listeProdDang,listeProduitDang,Dang,review-needed,,,,/classes/class[@source='gest.dossPrev.DossPrev']/field[@source='mVectProdDang']
18,auto_suggest_differs;abbr:assoc;unresolved:Sect|Cond,class-field,gest.formElec.ParamFigureSaisie,mAssocSectCond,assocSectCond,associationSectCond,Sect|Cond,review-needed,,,,/classes/class[@source='gest.formElec.ParamFigureSaisie']/field[@source='mAssocSectCond']
18,auto_suggest_differs;abbr:Prop;unresolved:code,class-field,gest.gen.ParamPropCouleur,mCodeCouleurProp,codeCouleurProp,codeCouleurPropriete,code,review-needed,,,,/classes/class[@source='gest.gen.ParamPropCouleur']/field[@source='mCodeCouleurProp']
18,auto_suggest_differs;abbr:Dispo;unresolved:date|A,class-field,gest.horaire.Horaire,mDateDispoA,dateDispoA,dateDisponibleA,date|A,review-needed,,,,/classes/class[@source='gest.horaire.Horaire']/field[@source='mDateDispoA']
18,abbr:Fin;short_tokens:is|Fin;unresolved:is|Plus|Egal,class-field,gest.horaire.InfoEmployeQuart,mIsPartielFinPlusGrandEgalQuart,isPartielFinPlusGrandEgalQuart,isPartielFinPlusGrandEgalQuart,is|Plus|Egal,review-needed,,,,/classes/class[@source='gest.horaire.InfoEmployeQuart']/field[@source='mIsPartielFinPlusGrandEgalQuart']
18,auto_suggest_differs;abbr:dispo;unresolved:Sens,class-field,gest.horaire.ModeleHoraire,mDispoSensRonde,dispoSensRonde,disponibleSensRonde,Sens,review-needed,,,,/classes/class[@source='gest.horaire.ModeleHoraire']/field[@source='mDispoSensRonde']
18,auto_suggest_differs;abbr:dispo;unresolved:Tous|Util,class-field,gest.horaire.ModeleHoraire,mDispoTousUtilPermis,dispoTousUtilPermis,disponibleTousUtilPermis,Tous|Util,review-needed,,,,/classes/class[@source='gest.horaire.ModeleHoraire']/field[@source='mDispoTousUtilPermis']
18,auto_suggest_differs;abbr:Dispo;unresolved:type,class-field,gest.horaire.ModeleHoraire,mTypeDispo,typeDispo,typeDisponible,type,review-needed,,,,/classes/class[@source='gest.horaire.ModeleHoraire']/field[@source='mTypeDispo']
18,auto_suggest_differs;abbr:Dest;unresolved:type,class-field,gest.horaire.ParamHoraire,mTypeDest,typeDest,typeDestination,type,review-needed,,,,/classes/class[@source='gest.horaire.ParamHoraire']/field[@source='mTypeDest']
18,auto_suggest_differs;abbr:Desc;unresolved:lieu,class-field,gest.intervention.IntervCauseIncendie,mLieuOrigineDesc,lieuOrigineDesc,lieuOrigineDescription,lieu,review-needed,,,,/classes/class[@source='gest.intervention.IntervCauseIncendie']/field[@source='mLieuOrigineDesc']
18,auto_suggest_differs;abbr:Desc;unresolved:mode,class-field,gest.intervention.IntervCauseIncendie,mModeInflammationDesc,modeInflammationDesc,modeInflammationDescription,mode,review-needed,,,,/classes/class[@source='gest.intervention.IntervCauseIncendie']/field[@source='mModeInflammationDesc']
18,auto_suggest_differs;abbr:Interv;unresolved:Supp,class-field,gest.intervention.IntervIntervenant,mVectIntervEquipeSupp,listeIntervEquipeSupp,listeInterventionEquipeSupp,Supp,review-needed,,,,/classes/class[@source='gest.intervention.IntervIntervenant']/field[@source='mVectIntervEquipeSupp']
18,auto_suggest_differs;abbr:Interv;unresolved:lieu,class-field,gest.intervention.Intervention,mLieuInterv,lieuInterv,lieuIntervention,lieu,review-needed,,,,/classes/class[@source='gest.intervention.Intervention']/field[@source='mLieuInterv']
18,auto_suggest_differs;abbr:Interv;unresolved:Meme,class-field,gest.intervention.Intervention,mNumDossierMemeInterv,numeroDossierMemeInterv,numeroDossierMemeIntervention,Meme,review-needed,,,,/classes/class[@source='gest.intervention.Intervention']/field[@source='mNumDossierMemeInterv']
18,auto_suggest_differs;abbr:Interv;unresolved:Prem,class-field,gest.intervention.ParamCarteAppel,mChampDeduitPremInterv,champDeduitPremInterv,champDeduitPremIntervention,Prem,review-needed,,,,/classes/class[@source='gest.intervention.ParamCarteAppel']/field[@source='mChampDeduitPremInterv']
18,auto_suggest_differs;abbr:Assoc;unresolved:Empl,class-field,gest.maintEquip.MaintEquipHisto,mIDEmplAssoc,idEmplAssoc,idEmplAssociation,Empl,review-needed,,,,/classes/class[@source='gest.maintEquip.MaintEquipHisto']/field[@source='mIDEmplAssoc']
18,auto_suggest_differs;abbr:comm;unresolved:Long,class-field,gest.planInterv.BatDebitNecessaire,mCommLong,commLong,commentaireLong,Long,review-needed,,,,/classes/class[@source='gest.planInterv.BatDebitNecessaire']/field[@source='mCommLong']
18,auto_suggest_differs;abbr:proc;unresolved:Empl,class-field,gest.planInterv.PlanRisque,mProcEmpl,procEmpl,processusEmpl,Empl,review-needed,,,,/classes/class[@source='gest.planInterv.PlanRisque']/field[@source='mProcEmpl']
18,auto_suggest_differs;abbr:Pers;unresolved:Ress,class-field,gest.planInterv.PlanServPub,mPreocOccupPersRess,preocOccupPersRess,preocOccupPersonneRess,Ress,review-needed,,,,/classes/class[@source='gest.planInterv.PlanServPub']/field[@source='mPreocOccupPersRess']
18,auto_suggest_differs;abbr:prev;unresolved:Avis,class-field,gest.prevention.ParamPrevention,mPrevAvis,prevAvis,previsionAvis,Avis,review-needed,,,,/classes/class[@source='gest.prevention.ParamPrevention']/field[@source='mPrevAvis']
18,auto_suggest_differs;abbr:prev;unresolved:Form,class-field,gest.prevention.ParamPrevention,mPrevForm,prevForm,previsionForm,Form,review-needed,,,,/classes/class[@source='gest.prevention.ParamPrevention']/field[@source='mPrevForm']
18,auto_suggest_differs;abbr:Param;unresolved:hash|Avis,class-field,gest.prevention.ParamPrevention,mHashParamAvis,hashParamAvis,hashParametreAvis,hash|Avis,review-needed,,,,/classes/class[@source='gest.prevention.ParamPrevention']/field[@source='mHashParamAvis']
18,auto_suggest_differs;abbr:Prev;unresolved:Rapp|Avis,class-field,gest.prevention.PrevAvis,mIDRappAvisPrev,idRappAvisPrev,idRappAvisPrevision,Rapp|Avis,review-needed,,,,/classes/class[@source='gest.prevention.PrevAvis']/field[@source='mIDRappAvisPrev']
18,auto_suggest_differs;abbr:Prev;unresolved:Anom,class-field,gest.prevention.Prevention,mVectPrevAnom,listePrevAnom,listePrevisionAnom,Anom,review-needed,,,,/classes/class[@source='gest.prevention.Prevention']/field[@source='mVectPrevAnom']
18,auto_suggest_differs;abbr:Prev;unresolved:Type,class-field,gest.prevention.Prevention,mIDTypePrev,idTypePrev,idTypePrevision,Type,review-needed,,,,/classes/class[@source='gest.prevention.Prevention']/field[@source='mIDTypePrev']
18,auto_suggest_differs;abbr:Desc;unresolved:lieu,class-field,gest.rci.RciLieu,mLieuOrigineDesc,lieuOrigineDesc,lieuOrigineDescription,lieu,review-needed,,,,/classes/class[@source='gest.rci.RciLieu']/field[@source='mLieuOrigineDesc']
18,auto_suggest_differs;abbr:Desc;unresolved:mode,class-field,gest.rci.RciLieu,mModeInflammationDesc,modeInflammationDesc,modeInflammationDescription,mode,review-needed,,,,/classes/class[@source='gest.rci.RciLieu']/field[@source='mModeInflammationDesc']
18,auto_suggest_differs;abbr:Prev;unresolved:Doss,class-field,gest.typePrev.TypePrev,mAffectePeriodiciteDossPrev,affectePeriodiciteDossPrev,affectePeriodiciteDossPrevision,Doss,review-needed,,,,/classes/class[@source='gest.typePrev.TypePrev']/field[@source='mAffectePeriodiciteDossPrev']
18,auto_suggest_differs;abbr:Prev;unresolved:Avis,class-field,gest.typePrev.TypePrev,mPermettreAvisMultiPrev,permettreAvisMultiPrev,permettreAvisMultiPrevision,Avis,review-needed,,,,/classes/class[@source='gest.typePrev.TypePrev']/field[@source='mPermettreAvisMultiPrev']
18,auto_suggest_differs;abbr:prev;unresolved:Avis,class-field,gest.typePrev.TypePrev,mPrevAvis,prevAvis,previsionAvis,Avis,review-needed,,,,/classes/class[@source='gest.typePrev.TypePrev']/field[@source='mPrevAvis']
18,auto_suggest_differs;abbr:prev;unresolved:Form,class-field,gest.typePrev.TypePrev,mPrevForm,prevForm,previsionForm,Form,review-needed,,,,/classes/class[@source='gest.typePrev.TypePrev']/field[@source='mPrevForm']
18,auto_suggest_differs;abbr:Prev;unresolved:Doss,class-field,gest.utilGroupe.DroitAcces,mFiltreDossPrev,filtreDossPrev,filtreDossPrevision,Doss,review-needed,,,,/classes/class[@source='gest.utilGroupe.DroitAcces']/field[@source='mFiltreDossPrev']
18,auto_suggest_differs;abbr:Info;unresolved:m|Vect,class-field,gest.borne.MaintBorne,mVectInfoHistoEmploye,mVectInfoHistoEmploye,mVectInformationHistoEmploye,m|Vect,review-needed,,,,/classes/class[@source='gest.borne.MaintBorne']/field[@source='mVectInfoHistoEmploye']
18,auto_suggest_differs;abbr:dispo;unresolved:Sens,class-field,gest.horaire.GroupeRondeSelection,mDispoSensRonde,dispoSensRonde,disponibleSensRonde,Sens,review-needed,,,,/classes/class[@source='gest.horaire.GroupeRondeSelection']/field[@source='mDispoSensRonde']
18,auto_suggest_differs;abbr:Prev;unresolved:Doss,class-field,gest.secCiv.PPI,mVectIDDossPrev,listeIDDossPrev,listeIdDossPrevision,Doss,review-needed,,,,/classes/class[@source='gest.secCiv.PPI']/field[@source='mVectIDDossPrev']
17,abbr:Fin;short_tokens:Fin;unresolved:date,shared-field,,mDateFin,dateFin,dateFin,date,review-needed,,,,/classes/fields/field[@source='mDateFin']
17,abbr:Fin;short_tokens:Fin;unresolved:date,class-field,gest.activite.InfoEmploye,mDatePartielFin,datePartielleFin,datePartielleFin,date,review-needed,,,,/classes/class[@source='gest.activite.InfoEmploye']/field[@source='mDatePartielFin']
17,abbr:Fin;short_tokens:Fin;unresolved:date,class-field,gest.borne.Borne,mDateFinGarantie,dateFinGarantie,dateFinGarantie,date,review-needed,,,,/classes/class[@source='gest.borne.Borne']/field[@source='mDateFinGarantie']
17,abbr:Fin;short_tokens:Fin;unresolved:date,class-field,gest.equipement.EquipExist,mDateFinGarantie,dateFinGarantie,dateFinGarantie,date,review-needed,,,,/classes/class[@source='gest.equipement.EquipExist']/field[@source='mDateFinGarantie']
17,abbr:Fin;short_tokens:Fin;unresolved:date,class-field,gest.formation.InfoEtudiant,mDateCertificationFin,dateCertificationFin,dateCertificationFin,date,review-needed,,,,/classes/class[@source='gest.formation.InfoEtudiant']/field[@source='mDateCertificationFin']
17,abbr:Fin;short_tokens:Fin;unresolved:jour,class-field,gest.horaire.ModeleHorQuart,mJourFin,jourFin,jourFin,jour,review-needed,,,,/classes/class[@source='gest.horaire.ModeleHorQuart']/field[@source='mJourFin']
17,abbr:Fin;short_tokens:Fin;unresolved:serv|Date,class-field,gest.intervention.MemoFacturation,mServDateFin,servDateFin,servDateFin,serv|Date,review-needed,,,,/classes/class[@source='gest.intervention.MemoFacturation']/field[@source='mServDateFin']
17,abbr:Fin;short_tokens:Fin;unresolved:date|Eval,class-field,gest.licence.Licence,mDateFinEval,dateFinEval,dateFinEval,date|Eval,review-needed,,,,/classes/class[@source='gest.licence.Licence']/field[@source='mDateFinEval']
15,auto_suggest_differs;short_tokens:mnt|Par|KM;unresolved:mnt|Par|KM,class-field,gest.intervention.IntervVehAccident,mMntParKM,mntParKM,mntParKm,mnt|Par|KM,review-needed,,,,/classes/class[@source='gest.intervention.IntervVehAccident']/field[@source='mMntParKM']
14,auto_suggest_differs;short_tokens:nom|XLS;unresolved:nom|XLS,class-field,gest.centreDesRapports.SectionRapportCentral,mNomOngletXLS,nomOngletXLS,nomOngletXls,nom|XLS,review-needed,,,,/classes/class[@source='gest.centreDesRapports.SectionRapportCentral']/field[@source='mNomOngletXLS']
14,auto_suggest_differs;short_tokens:On|JMS;unresolved:On|JMS,class-field,gest.config.ParamConfigGeneral,mAlerteOnJMSTrouble,alerteOnJMSTrouble,alerteOnJmsTrouble,On|JMS,review-needed,,,,/classes/class[@source='gest.config.ParamConfigGeneral']/field[@source='mAlerteOnJMSTrouble']
14,auto_suggest_differs;short_tokens:To|XLS;unresolved:To|XLS,class-field,gest.horaire.ModeleHoraire,mVectEmployeesExportedToXLS,listeEmployeesExportedToXLS,listeEmployeesExportedToXls,To|XLS,review-needed,,,,/classes/class[@source='gest.horaire.ModeleHoraire']/field[@source='mVectEmployeesExportedToXLS']
14,auto_suggest_differs;short_tokens:In|XLS;unresolved:In|XLS,class-field,gest.horaire.ModeleHoraire,mVectIDEmployeesExportedInXLS,listeIDEmployeesExportedInXLS,listeIdEmployeesExportedInXls,In|XLS,review-needed,,,,/classes/class[@source='gest.horaire.ModeleHoraire']/field[@source='mVectIDEmployeesExportedInXLS']
14,auto_suggest_differs;short_tokens:url|UNC;unresolved:url|Pour|UNC,class-field,gest.horaire.ParamHoraire,mURLPourUNC,urlPourUNC,urlPourUnc,url|Pour|UNC,review-needed,,,,/classes/class[@source='gest.horaire.ParamHoraire']/field[@source='mURLPourUNC']
14,auto_suggest_differs;short_tokens:AS|805;unresolved:Fich|AS|805,class-field,gest.intervention.Intervention,mIDFichAS805,idFichAS805,idFichAs805,Fich|AS|805,review-needed,,,,/classes/class[@source='gest.intervention.Intervention']/field[@source='mIDFichAS805']
14,auto_suggest_differs;short_tokens:aff|DSI;unresolved:aff|Dans|DSI,class-field,gest.intervention.ParamIntervDSI2003,mAffArronConformesSeulementDansDSI,affArronConformesSeulementDansDSI,affArronConformesSeulementDansDsi,aff|Dans|DSI,review-needed,,,,/classes/class[@source='gest.intervention.ParamIntervDSI2003']/field[@source='mAffArronConformesSeulementDansDSI']
14,auto_suggest_differs;short_tokens:aff|DSI;unresolved:aff|Dans|DSI,class-field,gest.intervention.ParamIntervDSI2003,mAffArronDansDSI,affArronDansDSI,affArronDansDsi,aff|Dans|DSI,review-needed,,,,/classes/class[@source='gest.intervention.ParamIntervDSI2003']/field[@source='mAffArronDansDSI']
14,auto_suggest_differs;short_tokens:mot|DSI;unresolved:mot|DSI|2003,class-field,gest.intervention.ParamIntervDSI2003,mMotPasseDSI2003,motPasseDSI2003,motPasseDsi2003,mot|DSI|2003,review-needed,,,,/classes/class[@source='gest.intervention.ParamIntervDSI2003']/field[@source='mMotPasseDSI2003']
14,auto_suggest_differs;short_tokens:aff|DSI;unresolved:aff|Dans|DSI,class-field,gest.intervention.ParamIntervention,mAffArronDansDSI,affArronDansDSI,affArronDansDsi,aff|Dans|DSI,review-needed,,,,/classes/class[@source='gest.intervention.ParamIntervention']/field[@source='mAffArronDansDSI']
14,auto_suggest_differs;short_tokens:mot|DSI;unresolved:mot|DSI|2003,class-field,gest.intervention.ParamIntervention,mMotPasseDSI2003,motPasseDSI2003,motPasseDsi2003,mot|DSI|2003,review-needed,,,,/classes/class[@source='gest.intervention.ParamIntervention']/field[@source='mMotPasseDSI2003']
14,auto_suggest_differs;short_tokens:nom|RAO;unresolved:nom|RAO,class-field,gest.intervention.ParamViewer,mNomRAO,nomRAO,nomRao,nom|RAO,review-needed,,,,/classes/class[@source='gest.intervention.ParamViewer']/field[@source='mNomRAO']
14,auto_suggest_differs;short_tokens:Pas|CE;unresolved:date|Pas|CE,class-field,gest.licence.Licence,mDatePasCEDepuis,datePasCEDepuis,datePasCeDepuis,date|Pas|CE,review-needed,,,,/classes/class[@source='gest.licence.Licence']/field[@source='mDatePasCEDepuis']
14,auto_suggest_differs;short_tokens:pas|CE;unresolved:pas|CE,class-field,gest.licence.Licence,mPasCE,pasCE,pasCe,pas|CE,review-needed,,,,/classes/class[@source='gest.licence.Licence']/field[@source='mPasCE']
14,auto_suggest_differs;short_tokens:Par|RAO;unresolved:date|Plan|Par|RAO,class-field,gest.planInterv.PlanInterv,mDatePlanDetectRecupParRAO,datePlanDetectRecupParRAO,datePlanDetectRecupParRao,date|Plan|Par|RAO,review-needed,,,,/classes/class[@source='gest.planInterv.PlanInterv']/field[@source='mDatePlanDetectRecupParRAO']
14,auto_suggest_differs;short_tokens:Au|RAO;unresolved:date|Plan|Last|Au|RAO,class-field,gest.planInterv.PlanInterv,mDatePlanLastEnvoiAuRAO,datePlanLastEnvoiAuRAO,datePlanLastEnvoiAuRao,date|Plan|Last|Au|RAO,review-needed,,,,/classes/class[@source='gest.planInterv.PlanInterv']/field[@source='mDatePlanLastEnvoiAuRAO']
14,auto_suggest_differs;short_tokens:En|PDF;unresolved:plan|En|PDF,class-field,gest.planInterv.PlanInterv,mPlanEnPDF,planEnPDF,planEnPdf,plan|En|PDF,review-needed,,,,/classes/class[@source='gest.planInterv.PlanInterv']/field[@source='mPlanEnPDF']
14,auto_suggest_differs;short_tokens:Rao|LPL;unresolved:code|Rao|LPL,class-field,gest.typeAssistanceParticuliere.TypeAssistanceParticuliere,mCodeRaoLPL,codeRaoLPL,codeRaoLpl,code|Rao|LPL,review-needed,,,,/classes/class[@source='gest.typeAssistanceParticuliere.TypeAssistanceParticuliere']/field[@source='mCodeRaoLPL']
14,auto_suggest_differs;short_tokens:mot|DSI;unresolved:mot|DSI|2003,class-field,gest.utilGroupe.Utilisateur,mMotPasseDSI2003,motPasseDSI2003,motPasseDsi2003,mot|DSI|2003,review-needed,,,,/classes/class[@source='gest.utilGroupe.Utilisateur']/field[@source='mMotPasseDSI2003']
14,auto_suggest_differs;short_tokens:Ids|SSI;unresolved:SSI,class-field,gest.utilGroupe.Utilisateur,mVectIDSSSI,listeIdsSSI,listeIdsSsi,SSI,review-needed,,,,/classes/class[@source='gest.utilGroupe.Utilisateur']/field[@source='mVectIDSSSI']
13,auto_suggest_differs;short_tokens:SSI;unresolved:SSI,shared-field,,mIDSSI,idSSI,idSsi,SSI,review-needed,,,,/classes/fields/field[@source='mIDSSI']
13,auto_suggest_differs;short_tokens:DB;unresolved:DB,shared-field,,mIDDBConso,idDBConso,idDbConso,DB,review-needed,,,,/classes/fields/field[@source='mIDDBConso']
13,auto_suggest_differs;short_tokens:MSP;unresolved:Sous|Code|MSP,class-field,gest.DSI2003.DSI2003Perso,mIDSousCodeMSP,idSousCodeMSP,idSousCodeMsp,Sous|Code|MSP,review-needed,,,,/classes/class[@source='gest.DSI2003.DSI2003Perso']/field[@source='mIDSousCodeMSP']
13,auto_suggest_differs;short_tokens:HJ;unresolved:HJ,class-field,gest.centreDesRapports.SectionRapportCentral,mIdentHJTable,identHJTable,identHjTable,HJ,review-needed,,,,/classes/class[@source='gest.centreDesRapports.SectionRapportCentral']/field[@source='mIdentHJTable']
13,auto_suggest_differs;short_tokens:PR;unresolved:code|PR,class-field,gest.codeAppel.CodeAppel,mCodePR,codePR,codePr,code|PR,review-needed,,,,/classes/class[@source='gest.codeAppel.CodeAppel']/field[@source='mCodePR']
13,auto_suggest_differs;short_tokens:RAO;unresolved:code|RAO,class-field,gest.codeAppel.CodeAppel,mCodeRAO,codeRAO,codeRao,code|RAO,review-needed,,,,/classes/class[@source='gest.codeAppel.CodeAppel']/field[@source='mCodeRAO']
13,auto_suggest_differs;short_tokens:DSI;unresolved:DSI|2003,class-field,gest.codeAppel.CodeAppel,mFaireDSI2003,faireDSI2003,faireDsi2003,DSI|2003,review-needed,,,,/classes/class[@source='gest.codeAppel.CodeAppel']/field[@source='mFaireDSI2003']
13,auto_suggest_differs;short_tokens:BD;unresolved:flag|BD,class-field,gest.config.ParamConfigGeneral,mFlagPossibleCorruptionBD,flagPossibleCorruptionBD,flagPossibleCorruptionBd,flag|BD,review-needed,,,,/classes/class[@source='gest.config.ParamConfigGeneral']/field[@source='mFlagPossibleCorruptionBD']
13,auto_suggest_differs;short_tokens:JMS;unresolved:last|JMS|Sent,class-field,gest.config.ParamConfigGeneral,mLastJMSAlerteSent,lastJMSAlerteSent,lastJmsAlerteSent,last|JMS|Sent,review-needed,,,,/classes/class[@source='gest.config.ParamConfigGeneral']/field[@source='mLastJMSAlerteSent']
13,auto_suggest_differs;short_tokens:SSI;unresolved:Sous|SSI,class-field,gest.config.ParamConfigGeneral,mVectIDSousSSI,listeIdSousSSI,listeIdSousSsi,Sous|SSI,review-needed,,,,/classes/class[@source='gest.config.ParamConfigGeneral']/field[@source='mVectIDSousSSI']
13,auto_suggest_differs;short_tokens:RCI;unresolved:RCI,class-field,gest.config.ParamConfigSSI,mNotifRapportRCI,notifRapportRCI,notifRapportRci,RCI,review-needed,,,,/classes/class[@source='gest.config.ParamConfigSSI']/field[@source='mNotifRapportRCI']
13,auto_suggest_differs;short_tokens:RAO;unresolved:code|RAO,class-field,gest.config.VilleGeo,mCodeRAO,codeRAO,codeRao,code|RAO,review-needed,,,,/classes/class[@source='gest.config.VilleGeo']/field[@source='mCodeRAO']
13,auto_suggest_differs;short_tokens:SI;unresolved:d|SI,class-field,gest.consolide.DetailIntervEnvoi,mDSISeulement,dSISeulement,dSiSeulement,d|SI,review-needed,,,,/classes/class[@source='gest.consolide.DetailIntervEnvoi']/field[@source='mDSISeulement']
13,auto_suggest_differs;short_tokens:TS;unresolved:dern|TS,class-field,gest.consolide.ParamSSI,mDernTSImport,dernTSImport,dernTsImport,dern|TS,review-needed,,,,/classes/class[@source='gest.consolide.ParamSSI']/field[@source='mDernTSImport']
13,auto_suggest_differs;short_tokens:PL;unresolved:PL,class-field,gest.consolide.ParamSSI,mEnvoiPLCentral,envoiPLCentral,envoiPlCentral,PL,review-needed,,,,/classes/class[@source='gest.consolide.ParamSSI']/field[@source='mEnvoiPLCentral']
13,auto_suggest_differs;short_tokens:PJ;unresolved:PJ,class-field,gest.consolide.ParamSSI,mInclurePJ,inclurePJ,inclurePj,PJ,review-needed,,,,/classes/class[@source='gest.consolide.ParamSSI']/field[@source='mInclurePJ']
13,auto_suggest_differs;short_tokens:to;unresolved:to,class-field,gest.dossPrev.DossPrev,INDEX_toString,index_toString,indexToString,to,review-needed,,,,/classes/class[@source='gest.dossPrev.DossPrev']/field[@source='INDEX_toString']
13,auto_suggest_differs;short_tokens:RAO;unresolved:date|RAO,class-field,gest.dossPrev.DossPrev,mDateTransfertRAO,dateTransfertRAO,dateTransfertRao,date|RAO,review-needed,,,,/classes/class[@source='gest.dossPrev.DossPrev']/field[@source='mDateTransfertRAO']
13,auto_suggest_differs;short_tokens:Ou;unresolved:Ou,class-field,gest.equipe.Equipe,mVectIDEquipeOuIDEmpl,listeIDEquipeOuIDEmploye,listeIdEquipeOuIdEmploye,Ou,review-needed,,,,/classes/class[@source='gest.equipe.Equipe']/field[@source='mVectIDEquipeOuIDEmpl']
13,auto_suggest_differs;short_tokens:RH;unresolved:RH,class-field,gest.feuilleTemps.ParamFeuilleTemps,mUniteRH,uniteRH,uniteRh,RH,review-needed,,,,/classes/class[@source='gest.feuilleTemps.ParamFeuilleTemps']/field[@source='mUniteRH']
13,auto_suggest_differs;short_tokens:to;unresolved:to,class-field,gest.gen.Adresse,INDEX_toString,INDEX_toString,indexToString,to,review-needed,,,,/classes/class[@source='gest.gen.Adresse']/field[@source='INDEX_toString']
13,auto_suggest_differs;short_tokens:JPA;unresolved:JPA,class-field,gest.gen.Entite,idJPA,idJPA,idJpa,JPA,review-needed,,,,/classes/class[@source='gest.gen.Entite']/field[@source='idJPA']
13,auto_suggest_differs;short_tokens:On;unresolved:On|Sync,class-field,gest.gen.EntiteContientIDResettableMobile,mResetIDOnSync,resetIDOnSync,resetIdOnSync,On|Sync,review-needed,,,,/classes/class[@source='gest.gen.EntiteContientIDResettableMobile']/field[@source='mResetIDOnSync']
13,auto_suggest_differs;short_tokens:Si;unresolved:Si|Tous,class-field,gest.gen.IDEntite,mBypassValidIDSSISiTous,bypassValidIDSSISiTous,bypassValidIdssiSiTous,Si|Tous,review-needed,,,,/classes/class[@source='gest.gen.IDEntite']/field[@source='mBypassValidIDSSISiTous']
13,auto_suggest_differs;short_tokens:to;unresolved:to,class-field,gest.gen.Lieu,INDEX_toString,INDEX_toString,indexToString,to,review-needed,,,,/classes/class[@source='gest.gen.Lieu']/field[@source='INDEX_toString']
13,auto_suggest_differs;short_tokens:DB;unresolved:m|DB,class-field,gest.gen.ParamVersion,mVersionDB,mVersionDB,mVersionDb,m|DB,review-needed,,,,/classes/class[@source='gest.gen.ParamVersion']/field[@source='mVersionDB']
13,auto_suggest_differs;short_tokens:SVG;unresolved:SVG,class-field,gest.graph.GraphPalier,mIDFichierSVG,idFichierSVG,idFichierSvg,SVG,review-needed,,,,/classes/class[@source='gest.graph.GraphPalier']/field[@source='mIDFichierSVG']
13,auto_suggest_differs;short_tokens:WS;unresolved:last|WS,class-field,gest.horaire.HorQuart,mLastWSUpdate,lastWSUpdate,lastWsUpdate,last|WS,review-needed,,,,/classes/class[@source='gest.horaire.HorQuart']/field[@source='mLastWSUpdate']
13,short_tokens:web|Aff|En;unresolved:web|Aff|En,class-field,gest.horaire.ModeleHoraire,mWebAffEnCours,webAffEnCours,webAffEnCours,web|Aff|En,review-needed,,,,/classes/class[@source='gest.horaire.ModeleHoraire']/field[@source='mWebAffEnCours']
13,auto_suggest_differs;short_tokens:XML;unresolved:byte|XML,class-field,gest.intervention.CarteAppel,mByteXML,byteXML,byteXml,byte|XML,review-needed,,,,/classes/class[@source='gest.intervention.CarteAppel']/field[@source='mByteXML']
13,auto_suggest_differs;short_tokens:DSI;unresolved:DSI,class-field,gest.intervention.IntervVehFeu,mGenererDSI,genererDSI,genererDsi,DSI,review-needed,,,,/classes/class[@source='gest.intervention.IntervVehFeu']/field[@source='mGenererDSI']
13,auto_suggest_differs;short_tokens:DSI;unresolved:DSI|2003,class-field,gest.intervention.Intervention,mGenererDSI2003,genererDSI2003,genererDsi2003,DSI|2003,review-needed,,,,/classes/class[@source='gest.intervention.Intervention']/field[@source='mGenererDSI2003']
13,auto_suggest_differs;short_tokens:DSI;unresolved:DSI|2003,class-field,gest.intervention.Intervention,mNumConfirmDSI2003,numeroConfirmationDSI2003,numeroConfirmationDsi2003,DSI|2003,review-needed,,,,/classes/class[@source='gest.intervention.Intervention']/field[@source='mNumConfirmDSI2003']
13,auto_suggest_differs;short_tokens:DSI;unresolved:DSI|2003,class-field,gest.intervention.ParamIntervDSI2003,mCourrielDSI2003,courrielDSI2003,courrielDsi2003,DSI|2003,review-needed,,,,/classes/class[@source='gest.intervention.ParamIntervDSI2003']/field[@source='mCourrielDSI2003']
13,auto_suggest_differs;short_tokens:DSI;unresolved:type|DSI|2003,class-field,gest.intervention.ParamIntervDSI2003,mTypeEnvoiDSI2003,typeEnvoiDSI2003,typeEnvoiDsi2003,type|DSI|2003,review-needed,,,,/classes/class[@source='gest.intervention.ParamIntervDSI2003']/field[@source='mTypeEnvoiDSI2003']
13,auto_suggest_differs;short_tokens:DSI;unresolved:code|Util|DSI|2003,class-field,gest.intervention.ParamIntervDSI2003,mCodeUtilDSI2003,codeUtilDSI2003,codeUtilDsi2003,code|Util|DSI|2003,review-needed,,,,/classes/class[@source='gest.intervention.ParamIntervDSI2003']/field[@source='mCodeUtilDSI2003']
13,auto_suggest_differs;short_tokens:DSI;unresolved:code|Util|DSI|2003,class-field,gest.intervention.ParamIntervention,mCodeUtilDSI2003,codeUtilDSI2003,codeUtilDsi2003,code|Util|DSI|2003,review-needed,,,,/classes/class[@source='gest.intervention.ParamIntervention']/field[@source='mCodeUtilDSI2003']
13,auto_suggest_differs;short_tokens:DSI;unresolved:DSI|2003,class-field,gest.intervention.ParamIntervention,mCourrielDSI2003,courrielDSI2003,courrielDsi2003,DSI|2003,review-needed,,,,/classes/class[@source='gest.intervention.ParamIntervention']/field[@source='mCourrielDSI2003']
13,auto_suggest_differs;short_tokens:mnt;unresolved:mnt|Base|SAAQ,class-field,gest.intervention.ParamIntervention,mMntBaseSAAQ,mntBaseSAAQ,mntBaseSaaq,mnt|Base|SAAQ,review-needed,,,,/classes/class[@source='gest.intervention.ParamIntervention']/field[@source='mMntBaseSAAQ']
13,auto_suggest_differs;short_tokens:DSI;unresolved:type|DSI|2003,class-field,gest.intervention.ParamIntervention,mTypeEnvoiDSI2003,typeEnvoiDSI2003,typeEnvoiDsi2003,type|DSI|2003,review-needed,,,,/classes/class[@source='gest.intervention.ParamIntervention']/field[@source='mTypeEnvoiDSI2003']
13,auto_suggest_differs;short_tokens:RAO;unresolved:RAO,class-field,gest.intervention.ParamViewer,mAdresseRAO,adresseRAO,adresseRao,RAO,review-needed,,,,/classes/class[@source='gest.intervention.ParamViewer']/field[@source='mAdresseRAO']
13,short_tokens:veh|Reg|Ex;unresolved:veh|Reg|Ex,class-field,gest.intervention.ParamViewer,mVehRegEx,vehRegEx,vehRegEx,veh|Reg|Ex,review-needed,,,,/classes/class[@source='gest.intervention.ParamViewer']/field[@source='mVehRegEx']
13,auto_suggest_differs;short_tokens:RAO;unresolved:Logo|RAO,class-field,gest.intervention.ParamViewer,mIDLogoRAO,idLogoRAO,idLogoRao,Logo|RAO,review-needed,,,,/classes/class[@source='gest.intervention.ParamViewer']/field[@source='mIDLogoRAO']
13,auto_suggest_differs;short_tokens:HJ;unresolved:HJ,class-field,gest.listePerso.ListePerso,mIdentHJTable,identHJTable,identHjTable,HJ,review-needed,,,,/classes/class[@source='gest.listePerso.ListePerso']/field[@source='mIdentHJTable']
13,auto_suggest_differs;short_tokens:SMI;unresolved:SMI,class-field,gest.parement.Parement,mVectCodesSMI,listeCodesSMI,listeCodesSmi,SMI,review-needed,,,,/classes/class[@source='gest.parement.Parement']/field[@source='mVectCodesSMI']
13,auto_suggest_differs;short_tokens:SMI;unresolved:SMI,class-field,gest.parement.Parement,mVectCodesSMICommercial,listeCodesSMICommercial,listeCodesSmiCommercial,SMI,review-needed,,,,/classes/class[@source='gest.parement.Parement']/field[@source='mVectCodesSMICommercial']
13,auto_suggest_differs;short_tokens:SMI;unresolved:SMI,class-field,gest.parement.Parement,mVectCodesSMIFerme,listeCodesSMIFerme,listeCodesSmiFerme,SMI,review-needed,,,,/classes/class[@source='gest.parement.Parement']/field[@source='mVectCodesSMIFerme']
13,short_tokens:asc|Mec|Cle;unresolved:asc|Mec|Empl|Cle,class-field,gest.planInterv.PlanConst,mAscMecEmplCle,ascMecEmplCle,ascMecEmplCle,asc|Mec|Empl|Cle,review-needed,,,,/classes/class[@source='gest.planInterv.PlanConst']/field[@source='mAscMecEmplCle']
13,auto_suggest_differs;short_tokens:RAO;unresolved:last|Plan|RAO|Name,class-field,gest.planInterv.PlanInterv,mLastPlanRAOName,lastPlanRAOName,lastPlanRaoName,last|Plan|RAO|Name,review-needed,,,,/classes/class[@source='gest.planInterv.PlanInterv']/field[@source='mLastPlanRAOName']
13,auto_suggest_differs;short_tokens:RAO;unresolved:Plan|RAO,class-field,gest.planInterv.PlanInterv,mStatutPlanRAO,statutPlanRAO,statutPlanRao,Plan|RAO,review-needed,,,,/classes/class[@source='gest.planInterv.PlanInterv']/field[@source='mStatutPlanRAO']
13,auto_suggest_differs;short_tokens:SSI;unresolved:SSI,class-field,gest.planInterv.ColonneMontante,mConnectIdentiqueSSI,connectIdentiqueSSI,connectIdentiqueSsi,SSI,review-needed,,,,/classes/class[@source='gest.planInterv.ColonneMontante']/field[@source='mConnectIdentiqueSSI']
13,auto_suggest_differs;short_tokens:SMI;unresolved:SMI,class-field,gest.plancher.Plancher,mVectCodesSMI,listeCodesSMI,listeCodesSmi,SMI,review-needed,,,,/classes/class[@source='gest.plancher.Plancher']/field[@source='mVectCodesSMI']
13,auto_suggest_differs;short_tokens:SMI;unresolved:SMI,class-field,gest.plancher.Plancher,mVectCodesSMICommercial,listeCodesSMICommercial,listeCodesSmiCommercial,SMI,review-needed,,,,/classes/class[@source='gest.plancher.Plancher']/field[@source='mVectCodesSMICommercial']
13,auto_suggest_differs;short_tokens:Web;unresolved:form|Web|UUID,class-field,gest.prevention.Prevention,mFormWebEnqueteUUID,formWebEnqueteUUID,formWebEnqueteUuid,form|Web|UUID,review-needed,,,,/classes/class[@source='gest.prevention.Prevention']/field[@source='mFormWebEnqueteUUID']
13,auto_suggest_differs;short_tokens:Web;unresolved:form|Web|UUID,class-field,gest.prevention.Prevention,mFormWebOwnerUUID,formWebOwnerUUID,formWebOwnerUuid,form|Web|UUID,review-needed,,,,/classes/class[@source='gest.prevention.Prevention']/field[@source='mFormWebOwnerUUID']
13,auto_suggest_differs;short_tokens:XML;unresolved:Fich|XML,class-field,gest.rapport.Rapport,mIDFichXML,idFichXML,idFichXml,Fich|XML,review-needed,,,,/classes/class[@source='gest.rapport.Rapport']/field[@source='mIDFichXML']
13,auto_suggest_differs;short_tokens:SI;unresolved:s|SI,class-field,gest.rci.Rci,mSSIImplique,sSIImplique,sSiImplique,s|SI,review-needed,,,,/classes/class[@source='gest.rci.Rci']/field[@source='mSSIImplique']
13,auto_suggest_differs;short_tokens:NID;unresolved:NID|Fich,class-field,gest.rci.RciRapportEnquete,mVectNIDPhotoFich,listeNIDPhotoFich,listeNidPhotoFich,NID|Fich,review-needed,,,,/classes/class[@source='gest.rci.RciRapportEnquete']/field[@source='mVectNIDPhotoFich']
13,auto_suggest_differs;short_tokens:RAO;unresolved:code|RAO,class-field,gest.ressource.Ressource,mCodeRAO,codeRAO,codeRao,code|RAO,review-needed,,,,/classes/class[@source='gest.ressource.Ressource']/field[@source='mCodeRAO']
13,auto_suggest_differs;short_tokens:PPI;unresolved:PPI,class-field,gest.secCiv.LogSinistre,mIDPPI,idPPI,idPpi,PPI,review-needed,,,,/classes/class[@source='gest.secCiv.LogSinistre']/field[@source='mIDPPI']
13,auto_suggest_differs;short_tokens:SSI;unresolved:SSI,class-field,gest.secCiv.ParamSecCiv,mInclureInfosSSI,inclureInfosSSI,inclureInfosSsi,SSI,review-needed,,,,/classes/class[@source='gest.secCiv.ParamSecCiv']/field[@source='mInclureInfosSSI']
13,auto_suggest_differs;short_tokens:SM;unresolved:SM|Ssur|Cell,class-field,gest.secCiv.RessSecCiv,mPermettreSMSsurCell,permettreSMSsurCell,permettreSmSsurCell,SM|Ssur|Cell,review-needed,,,,/classes/class[@source='gest.secCiv.RessSecCiv']/field[@source='mPermettreSMSsurCell']
13,auto_suggest_differs;short_tokens:Rao;unresolved:code|Rao,class-field,gest.typeAssistanceParticuliere.TypeAssistanceParticuliere,mCodeRaoCAUCA,codeRaoCAUCA,codeRaoCauca,code|Rao,review-needed,,,,/classes/class[@source='gest.typeAssistanceParticuliere.TypeAssistanceParticuliere']/field[@source='mCodeRaoCAUCA']
13,auto_suggest_differs;short_tokens:SMI;unresolved:SMI,class-field,gest.typeChauffage.TypeChauffage,mVectCodesSMI,listeCodesSMI,listeCodesSmi,SMI,review-needed,,,,/classes/class[@source='gest.typeChauffage.TypeChauffage']/field[@source='mVectCodesSMI']
13,auto_suggest_differs;short_tokens:SMI;unresolved:SMI,class-field,gest.typeChauffage.TypeChauffage,mVectCodesSMICommercial,listeCodesSMICommercial,listeCodesSmiCommercial,SMI,review-needed,,,,/classes/class[@source='gest.typeChauffage.TypeChauffage']/field[@source='mVectCodesSMICommercial']
13,auto_suggest_differs;short_tokens:SMI;unresolved:SMI,class-field,gest.typeCheminee.TypeCheminee,mVectCodesSMI,listeCodesSMI,listeCodesSmi,SMI,review-needed,,,,/classes/class[@source='gest.typeCheminee.TypeCheminee']/field[@source='mVectCodesSMI']
13,auto_suggest_differs;short_tokens:SMI;unresolved:SMI,class-field,gest.typeCheminee.TypeCheminee,mVectCodesSMICommercial,listeCodesSMICommercial,listeCodesSmiCommercial,SMI,review-needed,,,,/classes/class[@source='gest.typeCheminee.TypeCheminee']/field[@source='mVectCodesSMICommercial']
13,auto_suggest_differs;short_tokens:Web;unresolved:form|Web|UUID,class-field,gest.typePrev.TypePrev,mFormWebUUID,formWebUUID,formWebUuid,form|Web|UUID,review-needed,,,,/classes/class[@source='gest.typePrev.TypePrev']/field[@source='mFormWebUUID']
13,auto_suggest_differs;short_tokens:PJ;unresolved:PJ,class-field,gest.typePrev.TypePrev,mImpressionPJAnomalies,impressionPJAnomalies,impressionPjAnomalies,PJ,review-needed,,,,/classes/class[@source='gest.typePrev.TypePrev']/field[@source='mImpressionPJAnomalies']
13,auto_suggest_differs;short_tokens:Web;unresolved:Web|UUID,class-field,gest.typePrev.TypePrev,mSurveyWebUUID,surveyWebUUID,surveyWebUuid,Web|UUID,review-needed,,,,/classes/class[@source='gest.typePrev.TypePrev']/field[@source='mSurveyWebUUID']
13,auto_suggest_differs;short_tokens:DSI;unresolved:code|Util|DSI|2003,class-field,gest.utilGroupe.Utilisateur,mCodeUtilDSI2003,codeUtilDSI2003,codeUtilDsi2003,code|Util|DSI|2003,review-needed,,,,/classes/class[@source='gest.utilGroupe.Utilisateur']/field[@source='mCodeUtilDSI2003']
13,auto_suggest_differs;short_tokens:RAO;unresolved:code|RAO,class-field,gest.vehicule.Vehicule,mCodeRAO,codeRAO,codeRao,code|RAO,review-needed,,,,/classes/class[@source='gest.vehicule.Vehicule']/field[@source='mCodeRAO']
13,auto_suggest_differs;short_tokens:PR;unresolved:PR,class-field,gest.vehicule.Vehicule,mVehiculePR,vehiculePR,vehiculePr,PR,review-needed,,,,/classes/class[@source='gest.vehicule.Vehicule']/field[@source='mVehiculePR']
13,auto_suggest_differs;short_tokens:Hor;unresolved:Hor,class-field,gest.horaire.HorRestrictEmploye,mVectIDModeleHorQuart,listeIDModeleHorQuart,listeIdModeleHorQuart,Hor,review-needed,,,,/classes/class[@source='gest.horaire.HorRestrictEmploye']/field[@source='mVectIDModeleHorQuart']
13,auto_suggest_differs;short_tokens:Niv;unresolved:Niv,class-field,gest.secCiv.Objectif,mVectIDNivAlerte,listeIDNivAlerte,listeIdNivAlerte,Niv,review-needed,,,,/classes/class[@source='gest.secCiv.Objectif']/field[@source='mVectIDNivAlerte']
12,auto_suggest_differs;unresolved:i,class-field,com.db4o.ext.Db4oDatabase,i_signature,i_signature,iSignature,i,review-needed,,,,/classes/class[@source='com.db4o.ext.Db4oDatabase']/field[@source='i_signature']
12,auto_suggest_differs;unresolved:i|uuid,class-field,com.db4o.ext.Db4oDatabase,i_uuid,i_uuid,iUuid,i|uuid,review-needed,,,,/classes/class[@source='com.db4o.ext.Db4oDatabase']/field[@source='i_uuid']
12,short_tokens:Sur|To;unresolved:hash|Code|Sur|To,class-field,gen.util.ObjetToString,mHashCodeSurToString,hashCodeSurToString,hashCodeSurToString,hash|Code|Sur|To,review-needed,,,,/classes/class[@source='gen.util.ObjetToString']/field[@source='mHashCodeSurToString']
12,auto_suggest_differs;unresolved:Type,class-field,gest.activite.Acte,mVectIDTypeActivite,listeIDTypeActivite,listeIdTypeActivite,Type,review-needed,,,,/classes/class[@source='gest.activite.Acte']/field[@source='mVectIDTypeActivite']
12,auto_suggest_differs;unresolved:Type,class-field,gest.activite.ActionCondition,mVectIDTypeActivite,listeIDTypeActivite,listeIdTypeActivite,Type,review-needed,,,,/classes/class[@source='gest.activite.ActionCondition']/field[@source='mVectIDTypeActivite']
12,auto_suggest_differs;unresolved:Type,class-field,gest.activite.ActionCondition,mVectIDTypeActivitePreseance,listeIDTypeActivitePreseance,listeIdTypeActivitePreseance,Type,review-needed,,,,/classes/class[@source='gest.activite.ActionCondition']/field[@source='mVectIDTypeActivitePreseance']
12,short_tokens:qui|Si;unresolved:qui|Si,class-field,gest.activite.InfoEmploye,mQuiPayerSiRemplace,quiPayerSiRemplace,quiPayerSiRemplace,qui|Si,review-needed,,,,/classes/class[@source='gest.activite.InfoEmploye']/field[@source='mQuiPayerSiRemplace']
12,auto_suggest_differs;unresolved:Acte,class-field,gest.activite.InfoEmploye,mVectIDActe,listeIDActe,listeIdActe,Acte,review-needed,,,,/classes/class[@source='gest.activite.InfoEmploye']/field[@source='mVectIDActe']
12,short_tokens:Per|Inc;unresolved:Per|Inc,class-field,gest.borne.ParamMaintBorne,mVectPerBorneInc,listePerBorneInc,listePerBorneInc,Per|Inc,review-needed,,,,/classes/class[@source='gest.borne.ParamMaintBorne']/field[@source='mVectPerBorneInc']
12,short_tokens:Per|Eau;unresolved:Per|Eau,class-field,gest.borne.ParamMaintBorne,mVectPerPointEau,listePerPointEau,listePerPointEau,Per|Eau,review-needed,,,,/classes/class[@source='gest.borne.ParamMaintBorne']/field[@source='mVectPerPointEau']
12,short_tokens:mot|De;unresolved:mot|De,class-field,gest.cartographie.ParamUtilisateurCartographie,mMotDePasse,motDePasse,motDePasse,mot|De,review-needed,,,,/classes/class[@source='gest.cartographie.ParamUtilisateurCartographie']/field[@source='mMotDePasse']
12,auto_suggest_differs;unresolved:dern,class-field,gest.champPerso.TypeChampPerso,mDernIDChoix,dernIDChoix,dernIdChoix,dern,review-needed,,,,/classes/class[@source='gest.champPerso.TypeChampPerso']/field[@source='mDernIDChoix']
12,short_tokens:cbo|Par;unresolved:cbo|Par,class-field,gest.config.ConfigCompressionImages,mCboFormatParDefaut,cboFormatParDefaut,cboFormatParDefaut,cbo|Par,review-needed,,,,/classes/class[@source='gest.config.ConfigCompressionImages']/field[@source='mCboFormatParDefaut']
12,auto_suggest_differs;abbr:nbr|Enreg|Max;short_tokens:nbr|Max,class-field,gest.config.ParamConfig,mNbrEnregMaxRequete,nbrEnregMaxRequete,nombreEnregistrementMaximumRequete,,high,,,,/classes/class[@source='gest.config.ParamConfig']/field[@source='mNbrEnregMaxRequete']
12,auto_suggest_differs;abbr:nbr|Enreg|Max;short_tokens:nbr|Max,class-field,gest.config.ParamConfigGeneral,mNbrEnregMaxRequete,nbrEnregMaxRequete,nombreEnregistrementMaximumRequete,,high,,,,/classes/class[@source='gest.config.ParamConfigGeneral']/field[@source='mNbrEnregMaxRequete']
12,auto_suggest_differs;unresolved:host|SMTP,class-field,gest.config.ParamSendMail,mHostSMTP,hostSMTP,hostSmtp,host|SMTP,review-needed,,,,/classes/class[@source='gest.config.ParamSendMail']/field[@source='mHostSMTP']
12,auto_suggest_differs;unresolved:port|SMTP,class-field,gest.config.ParamSendMail,mPortSMTP,portSMTP,portSmtp,port|SMTP,review-needed,,,,/classes/class[@source='gest.config.ParamSendMail']/field[@source='mPortSMTP']
12,short_tokens:Sec|Civ;unresolved:Ress|Sec|Civ,class-field,gest.docum.Docum,mVectDroitAccesRessSecCiv,listeDroitAccesRessSecCiv,listeDroitAccesRessSecCiv,Ress|Sec|Civ,review-needed,,,,/classes/class[@source='gest.docum.Docum']/field[@source='mVectDroitAccesRessSecCiv']
12,short_tokens:Au|Sol;unresolved:aire|Au|Sol,class-field,gest.dossPrev.DossPrev,mAireAuSol,aireAuSol,aireAuSol,aire|Au|Sol,review-needed,,,,/classes/class[@source='gest.dossPrev.DossPrev']/field[@source='mAireAuSol']
12,auto_suggest_differs;unresolved:etat,class-field,gest.dossPrev.DossPrev,mEtatCAUCA,etatCAUCA,etatCauca,etat,review-needed,,,,/classes/class[@source='gest.dossPrev.DossPrev']/field[@source='mEtatCAUCA']
12,auto_suggest_differs;unresolved:Fait,class-field,gest.dossPrev.DossPrev,mTransfertCAUCAFait,transfertCAUCAFait,transfertCaucaFait,Fait,review-needed,,,,/classes/class[@source='gest.dossPrev.DossPrev']/field[@source='mTransfertCAUCAFait']
12,short_tokens:set|Pas;unresolved:set|Pas,class-field,gest.dossPrev.ParamDossPrev,mSetPropPasSync,setProprietePasSynchronise,setProprietePasSynchronise,set|Pas,review-needed,,,,/classes/class[@source='gest.dossPrev.ParamDossPrev']/field[@source='mSetPropPasSync']
12,short_tokens:Via|Web;unresolved:Mise|A|Jour|Via|Web,class-field,gest.dossPrev.PersonneRess,mLastUpdateViaFormWeb,derniereMiseAJourViaFormulaireWeb,derniereMiseAJourViaFormulaireWeb,Mise|A|Jour|Via|Web,review-needed,,,,/classes/class[@source='gest.dossPrev.PersonneRess']/field[@source='mLastUpdateViaFormWeb']
12,short_tokens:web|Que;unresolved:web|Meme|Code|Que,class-field,gest.employe.Employe,mWebMemeCodeAccesQueUtil,webMemeCodeAccesQueUtilisateur,webMemeCodeAccesQueUtilisateur,web|Meme|Code|Que,review-needed,,,,/classes/class[@source='gest.employe.Employe']/field[@source='mWebMemeCodeAccesQueUtil']
12,short_tokens:web|Mot;unresolved:web|Mot,class-field,gest.employe.Employe,mWebMotPasse,webMotPasse,webMotPasse,web|Mot,review-needed,,,,/classes/class[@source='gest.employe.Employe']/field[@source='mWebMotPasse']
12,short_tokens:url|Api;unresolved:url|Api,class-field,gest.feuilleTemps.ParamFeuilleTemps,mUrlApiAurora,urlApiAurora,urlApiAurora,url|Api,review-needed,,,,/classes/class[@source='gest.feuilleTemps.ParamFeuilleTemps']/field[@source='mUrlApiAurora']
12,auto_suggest_differs;unresolved:Type|Anom,class-field,gest.formElec.Section,mVectIDTypeAnom,listeIDTypeAnom,listeIdTypeAnom,Type|Anom,review-needed,,,,/classes/class[@source='gest.formElec.Section']/field[@source='mVectIDTypeAnom']
12,short_tokens:no|Civ;unresolved:no|Civ,class-field,gest.gen.Adresse,mNoCiv,noCiv,noCiv,no|Civ,review-needed,,,,/classes/class[@source='gest.gen.Adresse']/field[@source='mNoCiv']
12,auto_suggest_differs;unresolved:dern,class-field,gest.gen.AutoIncrement,mDernID,dernID,dernId,dern,review-needed,,,,/classes/class[@source='gest.gen.AutoIncrement']/field[@source='mDernID']
12,short_tokens:Pre|Hor;unresolved:Pre|Hor,class-field,gest.horaire.HorQuart,mIDPreHorQuart,idPreHorQuart,idPreHorQuart,Pre|Hor,review-needed,,,,/classes/class[@source='gest.horaire.HorQuart']/field[@source='mIDPreHorQuart']
12,short_tokens:Pre|Hor;unresolved:Pre|Hor,class-field,gest.horaire.Horaire,mVectPreHorQuart,listePreHorQuart,listePreHorQuart,Pre|Hor,review-needed,,,,/classes/class[@source='gest.horaire.Horaire']/field[@source='mVectPreHorQuart']
12,auto_suggest_differs;unresolved:Prof,class-field,gest.horaire.Horaire,mVectIDProf,listeIDProf,listeIdProf,Prof,review-needed,,,,/classes/class[@source='gest.horaire.Horaire']/field[@source='mVectIDProf']
12,short_tokens:Les|Per;unresolved:a|Tous|Les|Per,class-field,gest.horaire.ModeleHorQuart,mATousLesPer,aTousLesPer,aTousLesPer,a|Tous|Les|Per,review-needed,,,,/classes/class[@source='gest.horaire.ModeleHorQuart']/field[@source='mATousLesPer']
12,short_tokens:Mes|Per;unresolved:Mes|Per,class-field,gest.horaire.ModeleHorQuart,mUniteMesPer,uniteMesPer,uniteMesPer,Mes|Per,review-needed,,,,/classes/class[@source='gest.horaire.ModeleHorQuart']/field[@source='mUniteMesPer']
12,auto_suggest_differs;unresolved:Prof,class-field,gest.horaire.ModeleHoraire,mVectIDProf,listeIDProf,listeIdProf,Prof,review-needed,,,,/classes/class[@source='gest.horaire.ModeleHoraire']/field[@source='mVectIDProf']
12,short_tokens:web|En;unresolved:web|En|Tous|Util,class-field,gest.horaire.ModeleHoraire,mWebEnCoursTousUtilVisible,webEnCoursTousUtilVisible,webEnCoursTousUtilVisible,web|En|Tous|Util,review-needed,,,,/classes/class[@source='gest.horaire.ModeleHoraire']/field[@source='mWebEnCoursTousUtilVisible']
12,short_tokens:Chk|Sum;unresolved:dern|Chk|Sum|Fich|Site,class-field,gest.horaire.ParamHoraire,mDernChkSumFichSite,dernChkSumFichSite,dernChkSumFichSite,dern|Chk|Sum|Fich|Site,review-needed,,,,/classes/class[@source='gest.horaire.ParamHoraire']/field[@source='mDernChkSumFichSite']
12,auto_suggest_differs;unresolved:Form|SAAQ,class-field,gest.intervention.IntervVehAccident,mGenererFormSAAQ,genererFormSAAQ,genererFormSaaq,Form|SAAQ,review-needed,,,,/classes/class[@source='gest.intervention.IntervVehAccident']/field[@source='mGenererFormSAAQ']
12,auto_suggest_differs;unresolved:SAAQ,class-field,gest.intervention.IntervVehAccident,mIDFournSAAQ,idFournSAAQ,idFournSaaq,SAAQ,review-needed,,,,/classes/class[@source='gest.intervention.IntervVehAccident']/field[@source='mIDFournSAAQ']
12,short_tokens:ass|Nom;unresolved:ass|Nom,class-field,gest.intervention.IntervVehicule,mAssNom,assNom,assNom,ass|Nom,review-needed,,,,/classes/class[@source='gest.intervention.IntervVehicule']/field[@source='mAssNom']
12,auto_suggest_differs;unresolved:SAAQ,class-field,gest.intervention.ParamIntervention,mCourrielSAAQ,courrielSAAQ,courrielSaaq,SAAQ,review-needed,,,,/classes/class[@source='gest.intervention.ParamIntervention']/field[@source='mCourrielSAAQ']
12,auto_suggest_differs;unresolved:SAAQ,class-field,gest.intervention.ParamIntervention,mVectFournSAAQ,listeFournSAAQ,listeFournSaaq,SAAQ,review-needed,,,,/classes/class[@source='gest.intervention.ParamIntervention']/field[@source='mVectFournSAAQ']
12,auto_suggest_differs;unresolved:Code,class-field,gest.intervention.ParamIntervention$NCompteurParCodeAppel,mVectIDCodeAppel2,listeIDCodeAppel,listeIdCodeAppel,Code,review-needed,,,,/classes/class[@source='gest.intervention.ParamIntervention$NCompteurParCodeAppel']/field[@source='mVectIDCodeAppel2']
12,auto_suggest_differs;unresolved:d|BJPA,class-field,gest.licence.Licence,mDBJPA,dBJPA,dBjpa,d|BJPA,review-needed,,,,/classes/class[@source='gest.licence.Licence']/field[@source='mDBJPA']
12,short_tokens:nom|Du;unresolved:nom|Du,class-field,gest.listePerso.FormatDonnee,mNomClasseDuRenderer,nomClasseDuRenderer,nomClasseDuRenderer,nom|Du,review-needed,,,,/classes/class[@source='gest.listePerso.FormatDonnee']/field[@source='mNomClasseDuRenderer']
12,short_tokens:Sur|Un;unresolved:Sur|Un,class-field,gest.maintEquip.MaintEquip,mMaintSurUnEquipExist,maintenanceSurUnEquipement,maintenanceSurUnEquipement,Sur|Un,review-needed,,,,/classes/class[@source='gest.maintEquip.MaintEquip']/field[@source='mMaintSurUnEquipExist']
12,auto_suggest_differs;unresolved:Type,class-field,gest.maintenance.Maintenance,mVectIDTypeEquipement,listeIDTypeEquipement,listeIdTypeEquipement,Type,review-needed,,,,/classes/class[@source='gest.maintenance.Maintenance']/field[@source='mVectIDTypeEquipement']
12,short_tokens:Si|Du;unresolved:Si|Du,class-field,gest.maintenance.TypeMaint,mEmpecherEquipementSiPeriodiqueDu,empecherEquipementSiPeriodiqueDu,empecherEquipementSiPeriodiqueDu,Si|Du,review-needed,,,,/classes/class[@source='gest.maintenance.TypeMaint']/field[@source='mEmpecherEquipementSiPeriodiqueDu']
12,short_tokens:asc|Mec;unresolved:asc|Mec|Empl,class-field,gest.planInterv.PlanConst,mAscMecEmpl,ascMecEmpl,ascMecEmpl,asc|Mec|Empl,review-needed,,,,/classes/class[@source='gest.planInterv.PlanConst']/field[@source='mAscMecEmpl']
12,auto_suggest_differs;unresolved:Code,class-field,gest.planInterv.RepartDirective,mVectIDCodeAppel,listeIDCodeAppel,listeIdCodeAppel,Code,review-needed,,,,/classes/class[@source='gest.planInterv.RepartDirective']/field[@source='mVectIDCodeAppel']
12,short_tokens:ord|Int;unresolved:ord|Int,class-field,gest.planInterv.PlanRisque,mOrdCompactRelieInt,ordCompactRelieInt,ordCompactRelieInt,ord|Int,review-needed,,,,/classes/class[@source='gest.planInterv.PlanRisque']/field[@source='mOrdCompactRelieInt']
12,short_tokens:est|Un;unresolved:est|Un|Avis,class-field,gest.prevention.PhotoFichPrev,mEstUnAvis,estUnAvis,estUnAvis,est|Un|Avis,review-needed,,,,/classes/class[@source='gest.prevention.PhotoFichPrev']/field[@source='mEstUnAvis']
12,short_tokens:hsh|Ori;unresolved:hsh|Sect|Cond|Ori,class-field,gest.prevention.Prevention,mHshSectCondValeursOri,hshSectCondValeursOri,hshSectCondValeursOri,hsh|Sect|Cond|Ori,review-needed,,,,/classes/class[@source='gest.prevention.Prevention']/field[@source='mHshSectCondValeursOri']
12,short_tokens:nom|Par;unresolved:nom|Par,class-field,gest.rapport.Rapport,mNomFichierExportParDefaut,nomFichierExportParDefaut,nomFichierExportParDefaut,nom|Par,review-needed,,,,/classes/class[@source='gest.rapport.Rapport']/field[@source='mNomFichierExportParDefaut']
12,auto_suggest_differs;unresolved:i,class-field,gest.rci.RciRapportEnquete$NIDPhotoFich,iID,iID,iId,i,review-needed,,,,/classes/class[@source='gest.rci.RciRapportEnquete$NIDPhotoFich']/field[@source='iID']
12,short_tokens:Sec|Civ;unresolved:Ress|Sec|Civ,class-field,gest.secCiv.LogSinistre,mIDRessSecCiv,idRessSecCiv,idRessSecCiv,Ress|Sec|Civ,review-needed,,,,/classes/class[@source='gest.secCiv.LogSinistre']/field[@source='mIDRessSecCiv']
12,short_tokens:Sec|Civ;unresolved:Ress|Sec|Civ,class-field,gest.secCiv.ParamSecCiv,mIDRessSecCiv,idRessSecCiv,idRessSecCiv,Ress|Sec|Civ,review-needed,,,,/classes/class[@source='gest.secCiv.ParamSecCiv']/field[@source='mIDRessSecCiv']
12,short_tokens:nom|Web;unresolved:nom|Form|Web,class-field,gest.typePrev.TypePrev,mNomFormWeb,nomFormWeb,nomFormWeb,nom|Form|Web,review-needed,,,,/classes/class[@source='gest.typePrev.TypePrev']/field[@source='mNomFormWeb']
12,short_tokens:En|Lot;unresolved:En|Lot,class-field,gest.typePrev.TypePrev,mPermetCompleterEnLot,permettCompleterEnLot,permettCompleterEnLot,En|Lot,review-needed,,,,/classes/class[@source='gest.typePrev.TypePrev']/field[@source='mPermetCompleterEnLot']
12,auto_suggest_differs;unresolved:T,class-field,java.lang.Class,com.db4o.config.TClass,TClass,tClass,T,review-needed,,,,/classes/class[@source='java.lang.Class']/field[@source='com.db4o.config.TClass']
12,auto_suggest_differs;unresolved:T,class-field,java.util.AbstractCollection,com.db4o.config.TCollection,TCollection,tCollection,T,review-needed,,,,/classes/class[@source='java.util.AbstractCollection']/field[@source='com.db4o.config.TCollection']
12,auto_suggest_differs;unresolved:T|Null,class-field,java.util.AbstractList,com.db4o.config.TNull,TNull,tNull,T|Null,review-needed,,,,/classes/class[@source='java.util.AbstractList']/field[@source='com.db4o.config.TNull']
12,auto_suggest_differs;unresolved:T|Null,class-field,java.util.AbstractSet,com.db4o.config.TNull,TNull,tNull,T|Null,review-needed,,,,/classes/class[@source='java.util.AbstractSet']/field[@source='com.db4o.config.TNull']
12,auto_suggest_differs;unresolved:T|Null,class-field,java.util.HashSet,com.db4o.config.TNull,TNull,tNull,T|Null,review-needed,,,,/classes/class[@source='java.util.HashSet']/field[@source='com.db4o.config.TNull']
12,auto_suggest_differs;unresolved:T,class-field,java.util.Hashtable,com.db4o.config.THashtable,THashtable,tHashtable,T,review-needed,,,,/classes/class[@source='java.util.Hashtable']/field[@source='com.db4o.config.THashtable']
12,auto_suggest_differs;unresolved:T|Null,class-field,java.util.Vector,com.db4o.config.TNull,TNull,tNull,T|Null,review-needed,,,,/classes/class[@source='java.util.Vector']/field[@source='com.db4o.config.TNull']
12,auto_suggest_differs;unresolved:m,class-field,gest.borne.MaintBorne,mIDBorne,mIDBorne,mIdBorne,m,review-needed,,,,/classes/class[@source='gest.borne.MaintBorne']/field[@source='mIDBorne']
12,auto_suggest_differs;unresolved:m|Type,class-field,gest.borne.MaintBorne,mIDTypeMaint,mIDTypeMaint,mIdTypeMaint,m|Type,review-needed,,,,/classes/class[@source='gest.borne.MaintBorne']/field[@source='mIDTypeMaint']
12,auto_suggest_differs;unresolved:m|Anom,class-field,gest.borne.MaintBorne,mIDAnomBorne,mIDAnomBorne,mIdAnomBorne,m|Anom,review-needed,,,,/classes/class[@source='gest.borne.MaintBorne']/field[@source='mIDAnomBorne']
12,auto_suggest_differs;unresolved:m,class-field,gest.borne.MaintBorne,mIDAuteur,mIDAuteur,mIdAuteur,m,review-needed,,,,/classes/class[@source='gest.borne.MaintBorne']/field[@source='mIDAuteur']
12,auto_suggest_differs;unresolved:m,class-field,gest.borne.MaintBorne,mIDResponsable,mIDResponsable,mIdResponsable,m,review-needed,,,,/classes/class[@source='gest.borne.MaintBorne']/field[@source='mIDResponsable']
12,auto_suggest_differs;unresolved:m|A,class-field,gest.borne.MaintBorne,mIDAssigneA,mIDAssigneA,mIdAssigneA,m|A,review-needed,,,,/classes/class[@source='gest.borne.MaintBorne']/field[@source='mIDAssigneA']
12,auto_suggest_differs;unresolved:Type,class-field,gest.horaire.CritereAttribDispo,mVectIDTypeActiv,listeIDTypeActivite,listeIdTypeActivite,Type,review-needed,,,,/classes/class[@source='gest.horaire.CritereAttribDispo']/field[@source='mVectIDTypeActiv']
12,short_tokens:hsh|Hor;unresolved:hsh|Hor|Prec,class-field,gest.horaire.PreHorQuart,mHshTempsHorPrec,hshTempsHorPrec,hshTempsHorPrec,hsh|Hor|Prec,review-needed,,,,/classes/class[@source='gest.horaire.PreHorQuart']/field[@source='mHshTempsHorPrec']
12,auto_suggest_differs;unresolved:Empl,class-field,gest.horaire.PreHorQuart,mVectIDEmplAttrib,listeIDEmplAttrib,listeIdEmplAttrib,Empl,review-needed,,,,/classes/class[@source='gest.horaire.PreHorQuart']/field[@source='mVectIDEmplAttrib']
12,short_tokens:Sec|Civ;unresolved:Ress|Sec|Civ,class-field,gest.secCiv.MesurePrev,mVectDroitAccesRessSecCiv,listeDroitAccesRessSecCiv,listeDroitAccesRessSecCiv,Ress|Sec|Civ,review-needed,,,,/classes/class[@source='gest.secCiv.MesurePrev']/field[@source='mVectDroitAccesRessSecCiv']
12,short_tokens:Sec|Civ;unresolved:Ress|Sec|Civ,class-field,gest.secCiv.Mission,mVectDroitAccesRessSecCiv,listeDroitAccesRessSecCiv,listeDroitAccesRessSecCiv,Ress|Sec|Civ,review-needed,,,,/classes/class[@source='gest.secCiv.Mission']/field[@source='mVectDroitAccesRessSecCiv']
12,short_tokens:Sec|Civ;unresolved:Ress|Sec|Civ,class-field,gest.secCiv.PPI,mVectDroitAccesRessSecCiv,listeDroitAccesRessSecCiv,listeDroitAccesRessSecCiv,Ress|Sec|Civ,review-needed,,,,/classes/class[@source='gest.secCiv.PPI']/field[@source='mVectDroitAccesRessSecCiv']
12,auto_suggest_differs;unresolved:i,class-field,gest.secCiv.PPI$NMission,iIDMission,iIDMission,iIdMission,i,review-needed,,,,/classes/class[@source='gest.secCiv.PPI$NMission']/field[@source='iIDMission']
12,short_tokens:Sec|Civ;unresolved:Ress|Sec|Civ,class-field,gest.secCiv.Risque,mVectDroitAccesRessSecCiv,listeDroitAccesRessSecCiv,listeDroitAccesRessSecCiv,Ress|Sec|Civ,review-needed,,,,/classes/class[@source='gest.secCiv.Risque']/field[@source='mVectDroitAccesRessSecCiv']
11,short_tokens:nom;unresolved:nom,shared-field,,mNom,nom,nom,nom,review-needed,,,,/classes/fields/field[@source='mNom']
11,short_tokens:key;unresolved:key,class-field,com.db4o.config.Entry,key,key,key,key,review-needed,,,,/classes/class[@source='com.db4o.config.Entry']/field[@source='key']
11,short_tokens:to;unresolved:to,class-field,gen.util.ObjetToString,mToString,toString,toString,to,review-needed,,,,/classes/class[@source='gen.util.ObjetToString']/field[@source='mToString']
11,short_tokens:nom;unresolved:nom,class-field,gest.DSI2003.DSI2003,mNom,nom,nom,nom,review-needed,,,,/classes/class[@source='gest.DSI2003.DSI2003']/field[@source='mNom']
11,short_tokens:Act;unresolved:Type|Act|Taux,class-field,gest.activite.ActionCondition,mIDTypeActiviteActTaux,idTypeActiviteActTaux,idTypeActiviteActTaux,Type|Act|Taux,review-needed,,,,/classes/class[@source='gest.activite.ActionCondition']/field[@source='mIDTypeActiviteActTaux']
11,short_tokens:gps;unresolved:gps,class-field,gest.borne.Borne,mGPSConnu,gpsConnu,gpsConnu,gps,review-needed,,,,/classes/class[@source='gest.borne.Borne']/field[@source='mGPSConnu']
11,short_tokens:geo;unresolved:geo,class-field,gest.borne.Borne,mGeoPosition,geoPosition,geoPosition,geo,review-needed,,,,/classes/class[@source='gest.borne.Borne']/field[@source='mGeoPosition']
11,short_tokens:Lat;unresolved:long|Lat,class-field,gest.borne.Borne,mLongLat,longLat,longLat,long|Lat,review-needed,,,,/classes/class[@source='gest.borne.Borne']/field[@source='mLongLat']
11,short_tokens:Nom;unresolved:Nom,class-field,gest.borne.Borne,mPropNom,proprietaireNom,proprietaireNom,Nom,review-needed,,,,/classes/class[@source='gest.borne.Borne']/field[@source='mPropNom']
11,short_tokens:non;unresolved:non,class-field,gest.borne.BorneIncendie,mNonDrainable,nonDrainable,nonDrainable,non,review-needed,,,,/classes/class[@source='gest.borne.BorneIncendie']/field[@source='mNonDrainable']
11,short_tokens:Gel;unresolved:Gel,class-field,gest.borne.BorneSeche,mRisqueGel,risqueGel,risqueGel,Gel,review-needed,,,,/classes/class[@source='gest.borne.BorneSeche']/field[@source='mRisqueGel']
11,short_tokens:nom;unresolved:nom,class-field,gest.borne.BornePiece,mNom,nom,nom,nom,review-needed,,,,/classes/class[@source='gest.borne.BornePiece']/field[@source='mNom']
11,short_tokens:Ouv;unresolved:Ouv,class-field,gest.borne.CalcDebit,mPressRes1Ouv,pressionResiduelle1Ouv,pressionResiduelle1Ouv,Ouv,review-needed,,,,/classes/class[@source='gest.borne.CalcDebit']/field[@source='mPressRes1Ouv']
11,short_tokens:Ouv;unresolved:Ouv,class-field,gest.borne.CalcDebit,mPressRes2Ouv,pressionResiduelle2Ouv,pressionResiduelle2Ouv,Ouv,review-needed,,,,/classes/class[@source='gest.borne.CalcDebit']/field[@source='mPressRes2Ouv']
11,short_tokens:Ouv;unresolved:Ouv,class-field,gest.borne.CalcDebit,mPressDyn2Ouv,pressionDynamique2Ouv,pressionDynamique2Ouv,Ouv,review-needed,,,,/classes/class[@source='gest.borne.CalcDebit']/field[@source='mPressDyn2Ouv']
11,short_tokens:Per;unresolved:Per,class-field,gest.borne.ModeleBorne,mVectBornePer,listeBornePer,listeBornePer,Per,review-needed,,,,/classes/class[@source='gest.borne.ModeleBorne']/field[@source='mVectBornePer']
11,short_tokens:Per;unresolved:Per,class-field,gest.borne.ParamMaintBorne,mVectPerBorneSeche,listePerBorneSeche,listePerBorneSeche,Per,review-needed,,,,/classes/class[@source='gest.borne.ParamMaintBorne']/field[@source='mVectPerBorneSeche']
11,short_tokens:nom;unresolved:nom,class-field,gest.cartographie.ParamServeurCartographie,mNomAttributMatricule,nomAttributMatricule,nomAttributMatricule,nom,review-needed,,,,/classes/class[@source='gest.cartographie.ParamServeurCartographie']/field[@source='mNomAttributMatricule']
11,short_tokens:nom;unresolved:nom,class-field,gest.cartographie.ParamServeurCartographie,mNomCoucheUnitesEvaluation,nomCoucheUnitesEvaluation,nomCoucheUnitesEvaluation,nom,review-needed,,,,/classes/class[@source='gest.cartographie.ParamServeurCartographie']/field[@source='mNomCoucheUnitesEvaluation']
11,short_tokens:nom;unresolved:nom,class-field,gest.cartographie.ParamServeurCartographie,mNomProjet,nomProjet,nomProjet,nom,review-needed,,,,/classes/class[@source='gest.cartographie.ParamServeurCartographie']/field[@source='mNomProjet']
11,short_tokens:nom;unresolved:nom,class-field,gest.cartographie.ParamServeurCartographie,mNomServeur,nomServeur,nomServeur,nom,review-needed,,,,/classes/class[@source='gest.cartographie.ParamServeurCartographie']/field[@source='mNomServeur']
11,short_tokens:Per;unresolved:Per,class-field,gest.caserne.Caserne,mVectPer,listePer,listePer,Per,review-needed,,,,/classes/class[@source='gest.caserne.Caserne']/field[@source='mVectPer']
11,short_tokens:Geo;unresolved:code|Geo,class-field,gest.cauca.ParamCauca$NDernImport,iCodeGeo,codeGeo,codeGeo,code|Geo,review-needed,,,,/classes/class[@source='gest.cauca.ParamCauca$NDernImport']/field[@source='iCodeGeo']
11,short_tokens:Col;unresolved:N|Col,class-field,gest.centreDesRapports.SectionRapportCentral,mVectNCol,listeNCol,listeNCol,N|Col,review-needed,,,,/classes/class[@source='gest.centreDesRapports.SectionRapportCentral']/field[@source='mVectNCol']
11,short_tokens:Tri;unresolved:N|Tri,class-field,gest.centreDesRapports.SectionRapportCentral,mVectNTri,listeNTri,listeNTri,N|Tri,review-needed,,,,/classes/class[@source='gest.centreDesRapports.SectionRapportCentral']/field[@source='mVectNTri']
11,auto_suggest_differs;abbr:val|Max;short_tokens:val|Max,class-field,gest.champPerso.TypeChampPerso,mValMax,valMax,valeurMaximum,,high,,,,/classes/class[@source='gest.champPerso.TypeChampPerso']/field[@source='mValMax']
11,auto_suggest_differs;abbr:val|Min;short_tokens:val|Min,class-field,gest.champPerso.TypeChampPerso,mValMin,valMin,valeurMinimum,,high,,,,/classes/class[@source='gest.champPerso.TypeChampPerso']/field[@source='mValMin']
11,short_tokens:hre;unresolved:hre,class-field,gest.config.ParamBackup,mHreBackup,hreBackup,hreBackup,hre,review-needed,,,,/classes/class[@source='gest.config.ParamBackup']/field[@source='mHreBackup']
11,short_tokens:Pop;unresolved:Pop,class-field,gest.config.ParamConfig,mStratePop,stratePop,stratePop,Pop,review-needed,,,,/classes/class[@source='gest.config.ParamConfig']/field[@source='mStratePop']
11,short_tokens:Bak;unresolved:last|Bak,class-field,gest.config.ParamConfigGeneral,mLastBakVerif,lastBakVerif,lastBakVerif,last|Bak,review-needed,,,,/classes/class[@source='gest.config.ParamConfigGeneral']/field[@source='mLastBakVerif']
11,auto_suggest_differs;abbr:Qte|Min;short_tokens:Qte|Min,class-field,gest.config.ParamConfigSSI,mCourrielQteMin,courrielQteMin,courrielQuantiteMinimum,,high,,,,/classes/class[@source='gest.config.ParamConfigSSI']/field[@source='mCourrielQteMin']
11,auto_suggest_differs;abbr:Qte|Min;short_tokens:Qte|Min,class-field,gest.config.ParamConfigSSI,mNotifQteMin,notifQteMin,notifQuantiteMinimum,,high,,,,/classes/class[@source='gest.config.ParamConfigSSI']/field[@source='mNotifQteMin']
11,short_tokens:Non;unresolved:Non,class-field,gest.config.ParamConfigSSI,mPermetAbsenceNonPayee,permettAbsenceNonPayee,permettAbsenceNonPayee,Non,review-needed,,,,/classes/class[@source='gest.config.ParamConfigSSI']/field[@source='mPermetAbsenceNonPayee']
11,short_tokens:Pop;unresolved:Pop,class-field,gest.config.ParamConfigSSI,mStratePop,stratePop,stratePop,Pop,review-needed,,,,/classes/class[@source='gest.config.ParamConfigSSI']/field[@source='mStratePop']
11,short_tokens:use;unresolved:use,class-field,gest.config.ParamSendMail,mUseOutlook,useOutlook,useOutlook,use,review-needed,,,,/classes/class[@source='gest.config.ParamSendMail']/field[@source='mUseOutlook']
11,short_tokens:En;unresolved:En,class-field,gest.consolide.DetailEnvoi,mInclureEnCours,inclureEnCours,inclureEnCours,En,review-needed,,,,/classes/class[@source='gest.consolide.DetailEnvoi']/field[@source='mInclureEnCours']
11,short_tokens:To;unresolved:Corr|To,class-field,gest.consolide.ParamConsolide,mVectClassCorrToString,listeClassCorrToString,listeClassCorrToString,Corr|To,review-needed,,,,/classes/class[@source='gest.consolide.ParamConsolide']/field[@source='mVectClassCorrToString']
11,short_tokens:Fab;unresolved:Fab,class-field,gest.dossPrev.Chauffage,mAnneeFab,anneeFab,anneeFab,Fab,review-needed,,,,/classes/class[@source='gest.dossPrev.Chauffage']/field[@source='mAnneeFab']
11,auto_suggest_differs;abbr:ext|Fin;short_tokens:ext|Fin,class-field,gest.dossPrev.DossPrev,mExtFin,extFin,externeFin,,high,,,,/classes/class[@source='gest.dossPrev.DossPrev']/field[@source='mExtFin']
11,short_tokens:geo;unresolved:geo,class-field,gest.dossPrev.DossPrev,mGeoPosition,geoPosition,geoPosition,geo,review-needed,,,,/classes/class[@source='gest.dossPrev.DossPrev']/field[@source='mGeoPosition']
11,short_tokens:Lat;unresolved:long|Lat,class-field,gest.dossPrev.DossPrev,mLongLat,longLat,longLat,long|Lat,review-needed,,,,/classes/class[@source='gest.dossPrev.DossPrev']/field[@source='mLongLat']
11,short_tokens:Nom;unresolved:Nom,class-field,gest.dossPrev.DossPrev,mVectAliasNom,listeAliasNom,listeAliasNom,Nom,review-needed,,,,/classes/class[@source='gest.dossPrev.DossPrev']/field[@source='mVectAliasNom']
11,short_tokens:Du;unresolved:Du,class-field,gest.dossPrev.DossPrev,mIDUsageDuLocal,idUsageDuLocal,idUsageDuLocal,Du,review-needed,,,,/classes/class[@source='gest.dossPrev.DossPrev']/field[@source='mIDUsageDuLocal']
11,short_tokens:nom;unresolved:nom,class-field,gest.dossPrev.DossPrev$NAliasNom,iNom,nom,nom,nom,review-needed,,,,/classes/class[@source='gest.dossPrev.DossPrev$NAliasNom']/field[@source='iNom']
11,short_tokens:gaz;unresolved:gaz,class-field,gest.dossPrev.Energie,mGazEquipRaccorde,gazEquipementRaccorde,gazEquipementRaccorde,gaz,review-needed,,,,/classes/class[@source='gest.dossPrev.Energie']/field[@source='mGazEquipRaccorde']
11,short_tokens:gaz;unresolved:gaz,class-field,gest.dossPrev.Energie,mGazLocation,gazEmplacement,gazEmplacement,gaz,review-needed,,,,/classes/class[@source='gest.dossPrev.Energie']/field[@source='mGazLocation']
11,short_tokens:gaz;unresolved:gaz,class-field,gest.dossPrev.Energie,mGazNombre,gazNombre,gazNombre,gaz,review-needed,,,,/classes/class[@source='gest.dossPrev.Energie']/field[@source='mGazNombre']
11,short_tokens:nom;unresolved:nom,class-field,gest.dossPrev.HistoImportDossPrev,mFilename,nomFichier,nomFichier,nom,review-needed,,,,/classes/class[@source='gest.dossPrev.HistoImportDossPrev']/field[@source='mFilename']
11,short_tokens:Geo;unresolved:code|Geo,class-field,gest.dossPrev.HistoImportDossPrev,mCodeGeo,codeGeo,codeGeo,code|Geo,review-needed,,,,/classes/class[@source='gest.dossPrev.HistoImportDossPrev']/field[@source='mCodeGeo']
11,short_tokens:Non;unresolved:Non,class-field,gest.dossPrev.HistoImportDossPrev,mNumNonTraites,nombreNonTraites,nombreNonTraites,Non,review-needed,,,,/classes/class[@source='gest.dossPrev.HistoImportDossPrev']/field[@source='mNumNonTraites']
11,short_tokens:Les;unresolved:Tous|Les,class-field,gest.dossPrev.ParamDossPrev,mExporterTousLesDossPrev,exporterTousLesDossierAdresse,exporterTousLesDossierAdresse,Tous|Les,review-needed,,,,/classes/class[@source='gest.dossPrev.ParamDossPrev']/field[@source='mExporterTousLesDossPrev']
11,short_tokens:msp;unresolved:msp|Code,class-field,gest.dossPrev.ParamDossPrev$NCodeUsageAssoc,mMSPCode,mspCode,mspCode,msp|Code,review-needed,,,,/classes/class[@source='gest.dossPrev.ParamDossPrev$NCodeUsageAssoc']/field[@source='mMSPCode']
11,short_tokens:Que;unresolved:Que,class-field,gest.dossPrev.PersonneRess,mAutreAdresseQueDossier,autreAdresseQueDossier,autreAdresseQueDossier,Que,review-needed,,,,/classes/class[@source='gest.dossPrev.PersonneRess']/field[@source='mAutreAdresseQueDossier']
11,short_tokens:Web;unresolved:Web|Pour,class-field,gest.dossPrev.PersonneRess,mConsentementWebPourEnvois,consentementWebPourEnvois,consentementWebPourEnvois,Web|Pour,review-needed,,,,/classes/class[@source='gest.dossPrev.PersonneRess']/field[@source='mConsentementWebPourEnvois']
11,short_tokens:Web;unresolved:site|Web,class-field,gest.dossPrev.PersonneRess,mSiteWeb,siteWeb,siteWeb,site|Web,review-needed,,,,/classes/class[@source='gest.dossPrev.PersonneRess']/field[@source='mSiteWeb']
11,short_tokens:cas;unresolved:cas,class-field,gest.dossPrev.ProdDang,mCAS,cas,cas,cas,review-needed,,,,/classes/class[@source='gest.dossPrev.ProdDang']/field[@source='mCAS']
11,short_tokens:Gaz;unresolved:Gaz,class-field,gest.dossPrev.ProdDang,mEntreeGaz,entreeGaz,entreeGaz,Gaz,review-needed,,,,/classes/class[@source='gest.dossPrev.ProdDang']/field[@source='mEntreeGaz']
11,short_tokens:nas;unresolved:nas,class-field,gest.employe.Employe,mNAS,nas,nas,nas,review-needed,,,,/classes/class[@source='gest.employe.Employe']/field[@source='mNAS']
11,short_tokens:Non;unresolved:Non,class-field,gest.employe.Employe,mVectNonDispo,listeNonDisponibilite,listeNonDisponibilite,Non,review-needed,,,,/classes/class[@source='gest.employe.Employe']/field[@source='mVectNonDispo']
11,short_tokens:web;unresolved:web|Code,class-field,gest.employe.Employe,mWebCodeUtil,webCodeUtilisateur,webCodeUtilisateur,web|Code,review-needed,,,,/classes/class[@source='gest.employe.Employe']/field[@source='mWebCodeUtil']
11,short_tokens:web;unresolved:web,class-field,gest.employe.Employe,mWebUtil,webUtilisateur,webUtilisateur,web,review-needed,,,,/classes/class[@source='gest.employe.Employe']/field[@source='mWebUtil']
11,short_tokens:De;unresolved:date|De,class-field,gest.employe.Employe$NNonDispo,iDateDe,dateDe,dateDe,date|De,review-needed,,,,/classes/class[@source='gest.employe.Employe$NNonDispo']/field[@source='iDateDe']
11,short_tokens:Non;unresolved:Non,class-field,gest.employe.Employe$NNonDispo,iNbrMillisNonDispo,nombreMillisecondeNonDisponible,nombreMillisecondeNonDisponible,Non,review-needed,,,,/classes/class[@source='gest.employe.Employe$NNonDispo']/field[@source='iNbrMillisNonDispo']
11,short_tokens:Non;unresolved:type|Non,class-field,gest.employe.Employe$NNonDispo,iTypeNonDispo,typeNonDisponibilite,typeNonDisponibilite,type|Non,review-needed,,,,/classes/class[@source='gest.employe.Employe$NNonDispo']/field[@source='iTypeNonDispo']
11,short_tokens:En;unresolved:date|En,class-field,gest.employe.EmployeDateTaux,mDateVigueur,dateEnVigueur,dateEnVigueur,date|En,review-needed,,,,/classes/class[@source='gest.employe.EmployeDateTaux']/field[@source='mDateVigueur']
11,short_tokens:Per;unresolved:Per,class-field,gest.equipement.EquipExist,mVectPer,listePer,listePer,Per,review-needed,,,,/classes/class[@source='gest.equipement.EquipExist']/field[@source='mVectPer']
11,short_tokens:De;unresolved:De,class-field,gest.equipement.TypeEquipement,mFrequenceDeRemplacement,frequenceDeRemplacement,frequenceDeRemplacement,De,review-needed,,,,/classes/class[@source='gest.equipement.TypeEquipement']/field[@source='mFrequenceDeRemplacement']
11,short_tokens:Per;unresolved:Per,class-field,gest.equipement.TypeEquipement,mVectPer,listePer,listePer,Per,review-needed,,,,/classes/class[@source='gest.equipement.TypeEquipement']/field[@source='mVectPer']
11,short_tokens:Sur;unresolved:Sur,class-field,gest.equipement.PeriodiciteEquip,mCalcProchPerSurDernMaint,calculerProchainPeriodiqueSurDerniereMaintenance,calculerProchainPeriodiqueSurDerniereMaintenance,Sur,review-needed,,,,/classes/class[@source='gest.equipement.PeriodiciteEquip']/field[@source='mCalcProchPerSurDernMaint']
11,short_tokens:Sur;unresolved:Sur,class-field,gest.feuilleTemps.ParamFeuilleTemps,mSaveOnServer,enregistrerSurServeur,enregistrerSurServeur,Sur,review-needed,,,,/classes/class[@source='gest.feuilleTemps.ParamFeuilleTemps']/field[@source='mSaveOnServer']
11,short_tokens:Par;unresolved:Par,class-field,gest.feuilleTemps.ParamFeuilleTemps,mVectValeursParGrade,listeValeursParGrade,listeValeursParGrade,Par,review-needed,,,,/classes/class[@source='gest.feuilleTemps.ParamFeuilleTemps']/field[@source='mVectValeursParGrade']
11,short_tokens:nom;unresolved:nom|Form,class-field,gest.formation.Formation,mNomFormExterne,nomFormExterne,nomFormExterne,nom|Form,review-needed,,,,/classes/class[@source='gest.formation.Formation']/field[@source='mNomFormExterne']
11,short_tokens:Web;unresolved:site|Web,class-field,gest.fournisseur.Fournisseur,mSiteWeb,siteWeb,siteWeb,site|Web,review-needed,,,,/classes/class[@source='gest.fournisseur.Fournisseur']/field[@source='mSiteWeb']
11,auto_suggest_differs;abbr:tel|Ext;short_tokens:tel|Ext,class-field,gest.fournisseur.Fournisseur,mTelTravailExt,telTravailExt,telephoneTravailExterne,,high,,,,/classes/class[@source='gest.fournisseur.Fournisseur']/field[@source='mTelTravailExt']
11,short_tokens:Geo;unresolved:code|Geo,class-field,gest.gen.Adresse,mCodeGeo,codeGeo,codeGeo,code|Geo,review-needed,,,,/classes/class[@source='gest.gen.Adresse']/field[@source='mCodeGeo']
11,short_tokens:fax;unresolved:fax,class-field,gest.gen.Adresse,mFax,fax,fax,fax,review-needed,,,,/classes/class[@source='gest.gen.Adresse']/field[@source='mFax']
11,short_tokens:rue;unresolved:rue,class-field,gest.gen.Adresse,mRue,rue,rue,rue,review-needed,,,,/classes/class[@source='gest.gen.Adresse']/field[@source='mRue']
11,auto_suggest_differs;abbr:tel|Ext;short_tokens:tel|Ext,class-field,gest.gen.Adresse,mTelAutreExt,telAutreExt,telephoneAutreExterne,,high,,,,/classes/class[@source='gest.gen.Adresse']/field[@source='mTelAutreExt']
11,short_tokens:Rue;unresolved:type|Rue,class-field,gest.gen.Adresse,mTypeRue,typeRue,typeRue,type|Rue,review-needed,,,,/classes/class[@source='gest.gen.Adresse']/field[@source='mTypeRue']
11,short_tokens:Src;unresolved:Src,class-field,gest.gen.EntiteContientID,mIDEntiteFusionSrc,idEntiteFusionSrc,idEntiteFusionSrc,Src,review-needed,,,,/classes/class[@source='gest.gen.EntiteContientID']/field[@source='mIDEntiteFusionSrc']
11,short_tokens:De;unresolved:date|De,class-field,gest.gen.IntervalleDate,mDateDe,dateDe,dateDe,date|De,review-needed,,,,/classes/class[@source='gest.gen.IntervalleDate']/field[@source='mDateDe']
11,short_tokens:De;unresolved:De,class-field,gest.gen.IntervalleHeure,mHeureDe,heureDe,heureDe,De,review-needed,,,,/classes/class[@source='gest.gen.IntervalleHeure']/field[@source='mHeureDe']
11,short_tokens:Geo;unresolved:code|Geo,class-field,gest.gen.Lieu,mCodeGeo,codeGeo,codeGeo,code|Geo,review-needed,,,,/classes/class[@source='gest.gen.Lieu']/field[@source='mCodeGeo']
11,short_tokens:lat;unresolved:lat,class-field,gest.gen.LongLat,mLat,lat,lat,lat,review-needed,,,,/classes/class[@source='gest.gen.LongLat']/field[@source='mLat']
11,short_tokens:Lu;unresolved:deja|Lu,class-field,gest.gen.Message,mDejaLu,dejaLu,dejaLu,deja|Lu,review-needed,,,,/classes/class[@source='gest.gen.Message']/field[@source='mDejaLu']
11,short_tokens:use;unresolved:use|Code,class-field,gest.gen.ParamPropCouleur,mUseCodeCouleur,useCodeCouleur,useCodeCouleur,use|Code,review-needed,,,,/classes/class[@source='gest.gen.ParamPropCouleur']/field[@source='mUseCodeCouleur']
11,short_tokens:is;unresolved:is,class-field,gest.gen.ParamPropCouleur$NEntreeDeLegende,mIsRange,isRange,isRange,is,review-needed,,,,/classes/class[@source='gest.gen.ParamPropCouleur$NEntreeDeLegende']/field[@source='mIsRange']
11,short_tokens:V13;unresolved:m|Vect|V13,class-field,gest.gen.ParamVersion,mVectConversionV13,mVectConversionV13,mVectConversionV13,m|Vect|V13,review-needed,,,,/classes/class[@source='gest.gen.ParamVersion']/field[@source='mVectConversionV13']
11,short_tokens:Per;unresolved:date|Per,class-field,gest.gen.Periodicite,mDateDebutPer,dateDebutPer,dateDebutPer,date|Per,review-needed,,,,/classes/class[@source='gest.gen.Periodicite']/field[@source='mDateDebutPer']
11,short_tokens:Per;unresolved:date|Dern|Per,class-field,gest.gen.Periodicite,mDateDernPer,dateDernPer,dateDernPer,date|Dern|Per,review-needed,,,,/classes/class[@source='gest.gen.Periodicite']/field[@source='mDateDernPer']
11,short_tokens:Mes;unresolved:Mes,class-field,gest.gen.Periodicite,mUniteMes,uniteMes,uniteMes,Mes,review-needed,,,,/classes/class[@source='gest.gen.Periodicite']/field[@source='mUniteMes']
11,short_tokens:Act;unresolved:Dans|Act,class-field,gest.gen.PhotoFich,mInclureDansRapportAct,inclureDansRapportAct,inclureDansRapportAct,Dans|Act,review-needed,,,,/classes/class[@source='gest.gen.PhotoFich']/field[@source='mInclureDansRapportAct']
11,short_tokens:Par;unresolved:Par|Page,class-field,gest.gen.PhotoFich,mPhotoParPage,photoParPage,photoParPage,Par|Page,review-needed,,,,/classes/class[@source='gest.gen.PhotoFich']/field[@source='mPhotoParPage']
11,short_tokens:mes;unresolved:mes,class-field,gest.gen.Qte,mMes,mes,mes,mes,review-needed,,,,/classes/class[@source='gest.gen.Qte']/field[@source='mMes']
11,short_tokens:Ds;unresolved:I|Ds,class-field,gest.gen.Requete,mEntitesImportesIDs,entitesImportesIDs,entitesImportesIDs,I|Ds,review-needed,,,,/classes/class[@source='gest.gen.Requete']/field[@source='mEntitesImportesIDs']
11,short_tokens:to;unresolved:to,class-field,gest.gen.Requete,mToDefrag,toDefrag,toDefrag,to,review-needed,,,,/classes/class[@source='gest.gen.Requete']/field[@source='mToDefrag']
11,short_tokens:Geo;unresolved:code|Geo,class-field,gest.gen.VoieCircul,mCodeGeo,codeGeo,codeGeo,code|Geo,review-needed,,,,/classes/class[@source='gest.gen.VoieCircul']/field[@source='mCodeGeo']
11,short_tokens:rue;unresolved:rue,class-field,gest.gen.VoieCircul,mRue,rue,rue,rue,review-needed,,,,/classes/class[@source='gest.gen.VoieCircul']/field[@source='mRue']
11,short_tokens:Rue;unresolved:type|Rue,class-field,gest.gen.VoieCircul,mTypeRue,typeRue,typeRue,type|Rue,review-needed,,,,/classes/class[@source='gest.gen.VoieCircul']/field[@source='mTypeRue']
11,short_tokens:nom;unresolved:nom,class-field,gest.graph.GraphPalier,mNomFichierDefaut,nomFichierDefaut,nomFichierDefaut,nom,review-needed,,,,/classes/class[@source='gest.graph.GraphPalier']/field[@source='mNomFichierDefaut']
11,short_tokens:nom;unresolved:nom,class-field,gest.histo.Histo,mNomEntite,nomEntite,nomEntite,nom,review-needed,,,,/classes/class[@source='gest.histo.Histo']/field[@source='mNomEntite']
11,short_tokens:Nom;unresolved:Nom,class-field,gest.histo.Histo,mIDNomEntite,idNomEntite,idNomEntite,Nom,review-needed,,,,/classes/class[@source='gest.histo.Histo']/field[@source='mIDNomEntite']
11,short_tokens:Hor;unresolved:Hor,class-field,gest.horaire.HorQuart,mIDModeleHorQuart,idModeleHorQuart,idModeleHorQuart,Hor,review-needed,,,,/classes/class[@source='gest.horaire.HorQuart']/field[@source='mIDModeleHorQuart']
11,short_tokens:is;unresolved:is|Last,class-field,gest.horaire.Horaire,mIsLastEstimationModifie,isLastEstimationModifie,isLastEstimationModifie,is|Last,review-needed,,,,/classes/class[@source='gest.horaire.Horaire']/field[@source='mIsLastEstimationModifie']
11,short_tokens:Per;unresolved:Jour|Per,class-field,gest.horaire.ModeleHorQuart,mSelectionJourPer,selectionJourPer,selectionJourPer,Jour|Per,review-needed,,,,/classes/class[@source='gest.horaire.ModeleHorQuart']/field[@source='mSelectionJourPer']
11,short_tokens:Per;unresolved:type|Per,class-field,gest.horaire.ModeleHorQuart,mTypePer,typePer,typePer,type|Per,review-needed,,,,/classes/class[@source='gest.horaire.ModeleHorQuart']/field[@source='mTypePer']
11,short_tokens:Hor;unresolved:Hor,class-field,gest.horaire.ModeleHorQuart,mVectHorRestrict,listeHorRestrict,listeHorRestrict,Hor,review-needed,,,,/classes/class[@source='gest.horaire.ModeleHorQuart']/field[@source='mVectHorRestrict']
11,short_tokens:De;unresolved:De,class-field,gest.horaire.ModeleHoraire,mModuleDeHoraire,moduleDeHoraire,moduleDeHoraire,De,review-needed,,,,/classes/class[@source='gest.horaire.ModeleHoraire']/field[@source='mModuleDeHoraire']
11,short_tokens:On;unresolved:On,class-field,gest.horaire.ModeleHoraire,mNotifCourrielOnComplet,notifCourrielOnComplet,notifCourrielOnComplet,On,review-needed,,,,/classes/class[@source='gest.horaire.ModeleHoraire']/field[@source='mNotifCourrielOnComplet']
11,short_tokens:Web;unresolved:Web,class-field,gest.horaire.ModeleHoraire,mPermetHoraireWeb,permetHoraireWeb,permetHoraireWeb,Web,review-needed,,,,/classes/class[@source='gest.horaire.ModeleHoraire']/field[@source='mPermetHoraireWeb']
11,short_tokens:On;unresolved:text|On,class-field,gest.horaire.ModeleHoraire,mTextCourrielOnComplet,textCourrielOnComplet,textCourrielOnComplet,text|On,review-needed,,,,/classes/class[@source='gest.horaire.ModeleHoraire']/field[@source='mTextCourrielOnComplet']
11,short_tokens:Hor;unresolved:Hor,class-field,gest.horaire.ModeleHoraire,mVectHorRestrictEmploye,listeHorRestrictEmploye,listeHorRestrictEmploye,Hor,review-needed,,,,/classes/class[@source='gest.horaire.ModeleHoraire']/field[@source='mVectHorRestrictEmploye']
11,short_tokens:Hor;unresolved:Hor,class-field,gest.horaire.ModeleHoraire,mVectModeleHorQuart,listeModeleHorQuart,listeModeleHorQuart,Hor,review-needed,,,,/classes/class[@source='gest.horaire.ModeleHoraire']/field[@source='mVectModeleHorQuart']
11,short_tokens:no;unresolved:no,class-field,gest.intervention.CarteAppel,mNoAppel,noAppel,noAppel,no,review-needed,,,,/classes/class[@source='gest.intervention.CarteAppel']/field[@source='mNoAppel']
11,short_tokens:nom;unresolved:nom,class-field,gest.intervention.CarteAppel,mNomFichier,nomFichier,nomFichier,nom,review-needed,,,,/classes/class[@source='gest.intervention.CarteAppel']/field[@source='mNomFichier']
11,short_tokens:Mat;unresolved:prem|Mat,class-field,gest.intervention.IntervCauseIncendie,mPremMatEnflamme,premMatEnflamme,premMatEnflamme,prem|Mat,review-needed,,,,/classes/class[@source='gest.intervention.IntervCauseIncendie']/field[@source='mPremMatEnflamme']
11,short_tokens:Par;unresolved:Par,class-field,gest.intervention.IntervEnquete,mIDRemisPar,idRemisPar,idRemisPar,Par,review-needed,,,,/classes/class[@source='gest.intervention.IntervEnquete']/field[@source='mIDRemisPar']
11,short_tokens:hre;unresolved:hre,class-field,gest.intervention.IntervIntervEntraide,mHreAppel,hreAppel,hreAppel,hre,review-needed,,,,/classes/class[@source='gest.intervention.IntervIntervEntraide']/field[@source='mHreAppel']
11,short_tokens:hre;unresolved:hre,class-field,gest.intervention.IntervIntervEntraide,mHreArrivee,hreArrivee,hreArrivee,hre,review-needed,,,,/classes/class[@source='gest.intervention.IntervIntervEntraide']/field[@source='mHreArrivee']
11,short_tokens:hre;unresolved:hre,class-field,gest.intervention.IntervIntervEntraide,mHreDepart,hreDepart,hreDepart,hre,review-needed,,,,/classes/class[@source='gest.intervention.IntervIntervEntraide']/field[@source='mHreDepart']
11,short_tokens:En;unresolved:En,class-field,gest.intervention.IntervIntervEquipe,mHeureEnRoute,heureEnRoute,heureEnRoute,En,review-needed,,,,/classes/class[@source='gest.intervention.IntervIntervEquipe']/field[@source='mHeureEnRoute']
11,short_tokens:cie;unresolved:cie,class-field,gest.intervention.IntervSourceChaleur,mCie,cie,cie,cie,review-needed,,,,/classes/class[@source='gest.intervention.IntervSourceChaleur']/field[@source='mCie']
11,short_tokens:Par;unresolved:Par,class-field,gest.intervention.IntervVehAccident,mDemandePar,demandePar,demandePar,Par,review-needed,,,,/classes/class[@source='gest.intervention.IntervVehAccident']/field[@source='mDemandePar']
11,short_tokens:mnt;unresolved:mnt|Base,class-field,gest.intervention.IntervVehAccident,mMntBase,mntBase,mntBase,mnt|Base,review-needed,,,,/classes/class[@source='gest.intervention.IntervVehAccident']/field[@source='mMntBase']
11,short_tokens:feu;unresolved:feu,class-field,gest.intervention.IntervVehFeu,mFeuSurvenu,feuSurvenu,feuSurvenu,feu,review-needed,,,,/classes/class[@source='gest.intervention.IntervVehFeu']/field[@source='mFeuSurvenu']
11,short_tokens:ass;unresolved:ass,class-field,gest.intervention.IntervVehicule,mAssAdresse,assAdresse,assAdresse,ass,review-needed,,,,/classes/class[@source='gest.intervention.IntervVehicule']/field[@source='mAssAdresse']
11,short_tokens:veh;unresolved:veh,class-field,gest.intervention.IntervVehicule,mVehAnnee,vehAnnee,vehAnnee,veh,review-needed,,,,/classes/class[@source='gest.intervention.IntervVehicule']/field[@source='mVehAnnee']
11,short_tokens:veh;unresolved:veh,class-field,gest.intervention.IntervVehicule,mVehCommentaire,vehCommentaire,vehCommentaire,veh,review-needed,,,,/classes/class[@source='gest.intervention.IntervVehicule']/field[@source='mVehCommentaire']
11,short_tokens:veh;unresolved:veh,class-field,gest.intervention.IntervVehicule,mVehCouleur,vehCouleur,vehCouleur,veh,review-needed,,,,/classes/class[@source='gest.intervention.IntervVehicule']/field[@source='mVehCouleur']
11,short_tokens:veh;unresolved:veh,class-field,gest.intervention.IntervVehicule,mVehMarque,vehMarque,vehMarque,veh,review-needed,,,,/classes/class[@source='gest.intervention.IntervVehicule']/field[@source='mVehMarque']
11,short_tokens:veh;unresolved:veh,class-field,gest.intervention.IntervVehicule,mVehModele,vehModele,vehModele,veh,review-needed,,,,/classes/class[@source='gest.intervention.IntervVehicule']/field[@source='mVehModele']
11,short_tokens:veh;unresolved:veh,class-field,gest.intervention.IntervVehicule,mVehPlaque,vehPlaque,vehPlaque,veh,review-needed,,,,/classes/class[@source='gest.intervention.IntervVehicule']/field[@source='mVehPlaque']
11,short_tokens:age;unresolved:age,class-field,gest.intervention.IntervVictimeDetail,mAge,age,age,age,review-needed,,,,/classes/class[@source='gest.intervention.IntervVictimeDetail']/field[@source='mAge']
11,short_tokens:Rao;unresolved:Rao,class-field,gest.intervention.Intervention,mCompteRenduRaoEditable,compteRenduRaoEditable,compteRenduRaoEditable,Rao,review-needed,,,,/classes/class[@source='gest.intervention.Intervention']/field[@source='mCompteRenduRaoEditable']
11,short_tokens:Sub;unresolved:A|Pour|Sub,class-field,gest.intervention.Intervention,mDossPrevAValiderPourSub,dossierAdresseAValiderPourSub,dossierAdresseAValiderPourSub,A|Pour|Sub,review-needed,,,,/classes/class[@source='gest.intervention.Intervention']/field[@source='mDossPrevAValiderPourSub']
11,short_tokens:Feu;unresolved:Feu,class-field,gest.intervention.Intervention,mIntervFeuExterieur,interventionFeuExterieur,interventionFeuExterieur,Feu,review-needed,,,,/classes/class[@source='gest.intervention.Intervention']/field[@source='mIntervFeuExterieur']
11,short_tokens:Geo;unresolved:lieu|Code|Geo,class-field,gest.intervention.Intervention,mLieuCodeGeo,lieuCodeGeo,lieuCodeGeo,lieu|Code|Geo,review-needed,,,,/classes/class[@source='gest.intervention.Intervention']/field[@source='mLieuCodeGeo']
11,short_tokens:vie;unresolved:vie,class-field,gest.intervention.Intervention,mVieHumaine,vieHumaine,vieHumaine,vie,review-needed,,,,/classes/class[@source='gest.intervention.Intervention']/field[@source='mVieHumaine']
11,short_tokens:Bud;unresolved:Bud,class-field,gest.intervention.MemoFactDetail,mPosteBud,posteBud,posteBud,Bud,review-needed,,,,/classes/class[@source='gest.intervention.MemoFactDetail']/field[@source='mPosteBud']
11,short_tokens:Mes;unresolved:Mes,class-field,gest.intervention.MemoFactDetail,mUniteMes,uniteMes,uniteMes,Mes,review-needed,,,,/classes/class[@source='gest.intervention.MemoFactDetail']/field[@source='mUniteMes']
11,short_tokens:Nom;unresolved:Nom,class-field,gest.intervention.MemoFacturation,mFactureNom,factureNom,factureNom,Nom,review-needed,,,,/classes/class[@source='gest.intervention.MemoFacturation']/field[@source='mFactureNom']
11,short_tokens:Si;unresolved:Si,class-field,gest.intervention.ParamCarteAppel,mConfirmReimportSiCarteAppelModif,confirmReimportSiCarteAppelModif,confirmReimportSiCarteAppelModif,Si,review-needed,,,,/classes/class[@source='gest.intervention.ParamCarteAppel']/field[@source='mConfirmReimportSiCarteAppelModif']
11,short_tokens:rao;unresolved:rao,class-field,gest.intervention.ParamCarteAppel,mRAO,rao,rao,rao,review-needed,,,,/classes/class[@source='gest.intervention.ParamCarteAppel']/field[@source='mRAO']
11,short_tokens:add;unresolved:add|Only,class-field,gest.intervention.ParamIntervention,mAddCompteRenduFirstRapportOnly,addCompteRenduFirstRapportOnly,addCompteRenduFirstRapportOnly,add|Only,review-needed,,,,/classes/class[@source='gest.intervention.ParamIntervention']/field[@source='mAddCompteRenduFirstRapportOnly']
11,short_tokens:Par;unresolved:Par,class-field,gest.intervention.ParamIntervention,mVectCompteursParCodesAppel,listeCompteursParCodesAppel,listeCompteursParCodesAppel,Par,review-needed,,,,/classes/class[@source='gest.intervention.ParamIntervention']/field[@source='mVectCompteursParCodesAppel']
11,short_tokens:sub;unresolved:sub,class-field,gest.intervention.ParamIntervention$NCompteurParCodeAppel,mSubPrefixe,subPrefixe,subPrefixe,sub,review-needed,,,,/classes/class[@source='gest.intervention.ParamIntervention$NCompteurParCodeAppel']/field[@source='mSubPrefixe']
11,short_tokens:Bud;unresolved:Bud,class-field,gest.intervention.ParamMemoFacturation,mPosteBudDefaut,posteBudDefaut,posteBudDefaut,Bud,review-needed,,,,/classes/class[@source='gest.intervention.ParamMemoFacturation']/field[@source='mPosteBudDefaut']
11,short_tokens:On;unresolved:save|On,class-field,gest.intervention.ParamMemoFacturation,mSaveOnServer,saveOnServer,saveOnServer,save|On,review-needed,,,,/classes/class[@source='gest.intervention.ParamMemoFacturation']/field[@source='mSaveOnServer']
11,short_tokens:Geo;unresolved:code|Geo,class-field,gest.licence.Licence,mCodeGeo,codeGeo,codeGeo,code|Geo,review-needed,,,,/classes/class[@source='gest.licence.Licence']/field[@source='mCodeGeo']
11,short_tokens:nom;unresolved:nom,class-field,gest.listePerso.FormatDonnee,mNomChampRequeteAssocieeSelonRenderer,nomChampRequeteAssocieeSelonRenderer,nomChampRequeteAssocieeSelonRenderer,nom,review-needed,,,,/classes/class[@source='gest.listePerso.FormatDonnee']/field[@source='mNomChampRequeteAssocieeSelonRenderer']
11,short_tokens:Du;unresolved:Du,class-field,gest.listePerso.FormatDonnee,mPatternDonneeDuRenderer,patternDonneeDuRenderer,patternDonneeDuRenderer,Du,review-needed,,,,/classes/class[@source='gest.listePerso.FormatDonnee']/field[@source='mPatternDonneeDuRenderer']
11,short_tokens:Par;unresolved:Par,class-field,gest.listePerso.FormatDonnee,mValeurParDefaut,valeurParDefaut,valeurParDefaut,Par,review-needed,,,,/classes/class[@source='gest.listePerso.FormatDonnee']/field[@source='mValeurParDefaut']
11,short_tokens:Col;unresolved:N|Col,class-field,gest.listePerso.ListePerso,mVectNCol,listeNCol,listeNCol,N|Col,review-needed,,,,/classes/class[@source='gest.listePerso.ListePerso']/field[@source='mVectNCol']
11,short_tokens:Tri;unresolved:N|Tri,class-field,gest.listePerso.ListePerso,mVectNTri,listeNTri,listeNTri,N|Tri,review-needed,,,,/classes/class[@source='gest.listePerso.ListePerso']/field[@source='mVectNTri']
11,short_tokens:Nom;unresolved:i|Nom,class-field,gest.listePerso.ListePerso$NCol,iNom,iNom,iNom,i|Nom,review-needed,,,,/classes/class[@source='gest.listePerso.ListePerso$NCol']/field[@source='iNom']
11,short_tokens:Col;unresolved:i|Col,class-field,gest.listePerso.ListePerso$NGroupe,iIdentCol,iIdentCol,iIdentCol,i|Col,review-needed,,,,/classes/class[@source='gest.listePerso.ListePerso$NGroupe']/field[@source='iIdentCol']
11,short_tokens:Les;unresolved:i|Les,class-field,gest.listePerso.ListePerso$NGroupe,iInclureToutesLesPossibilites,iInclureToutesLesPossibilites,iInclureToutesLesPossibilites,i|Les,review-needed,,,,/classes/class[@source='gest.listePerso.ListePerso$NGroupe']/field[@source='iInclureToutesLesPossibilites']
11,short_tokens:Nom;unresolved:i|Nom,class-field,gest.listePerso.ListePerso$NGroupe,iNom,iNom,iNom,i|Nom,review-needed,,,,/classes/class[@source='gest.listePerso.ListePerso$NGroupe']/field[@source='iNom']
11,short_tokens:Ds;unresolved:I|Ds,class-field,gest.listePerso.ListePerso$NGroupe,mVectValeursSpecifiquesImportesIDs,listeValeursSpecifiquesImportesIDs,listeValeursSpecifiquesImportesIDs,I|Ds,review-needed,,,,/classes/class[@source='gest.listePerso.ListePerso$NGroupe']/field[@source='mVectValeursSpecifiquesImportesIDs']
11,short_tokens:Nom;unresolved:i|Nom,class-field,gest.listePerso.ListePerso$NTri,iNom,iNom,iNom,i|Nom,review-needed,,,,/classes/class[@source='gest.listePerso.ListePerso$NTri']/field[@source='iNom']
11,short_tokens:Tri;unresolved:i|Tri,class-field,gest.listePerso.ListePerso$NTri,iOrdreTri,iOrdreTri,iOrdreTri,i|Tri,review-needed,,,,/classes/class[@source='gest.listePerso.ListePerso$NTri']/field[@source='iOrdreTri']
11,short_tokens:Sur;unresolved:nouv|Sur,class-field,gest.maintEquip.EtatEquipement,mNouvMaintSurCompleter,nouvMaintSurCompleter,nouvMaintSurCompleter,nouv|Sur,review-needed,,,,/classes/class[@source='gest.maintEquip.EtatEquipement']/field[@source='mNouvMaintSurCompleter']
11,short_tokens:Sur;unresolved:Type|Sur|Nouv,class-field,gest.maintEquip.EtatEquipement,mIDTypeMaintSurNouvMaint,idTypeMaintSurNouvMaint,idTypeMaintSurNouvMaint,Type|Sur|Nouv,review-needed,,,,/classes/class[@source='gest.maintEquip.EtatEquipement']/field[@source='mIDTypeMaintSurNouvMaint']
11,short_tokens:Bar;unresolved:Code|Bar,class-field,gest.maintEquip.ParamMaintEquip,mVectConfigImprimCodeBar,listeConfigImprimCodeBar,listeConfigImprimCodeBar,Code|Bar,review-needed,,,,/classes/class[@source='gest.maintEquip.ParamMaintEquip']/field[@source='mVectConfigImprimCodeBar']
11,short_tokens:nom;unresolved:nom,class-field,gest.maintEquip.ConfigImprimCodeBar,mNom,nom,nom,nom,review-needed,,,,/classes/class[@source='gest.maintEquip.ConfigImprimCodeBar']/field[@source='mNom']
11,short_tokens:Per;unresolved:Per,class-field,gest.maintenance.Maintenance,mVectPer,listePer,listePer,Per,review-needed,,,,/classes/class[@source='gest.maintenance.Maintenance']/field[@source='mVectPer']
11,short_tokens:En;unresolved:En|Only,class-field,gest.maintenance.TypeMaint,mInclureEnServiceOnly,inclureEnServiceOnly,inclureEnServiceOnly,En|Only,review-needed,,,,/classes/class[@source='gest.maintenance.TypeMaint']/field[@source='mInclureEnServiceOnly']
11,short_tokens:Par;unresolved:nouv|Etat|Par,class-field,gest.maintenance.TypeMaint,mNouvEtatParDefaut,nouvEtatParDefaut,nouvEtatParDefaut,nouv|Etat|Par,review-needed,,,,/classes/class[@source='gest.maintenance.TypeMaint']/field[@source='mNouvEtatParDefaut']
11,short_tokens:Par;unresolved:Nouv|Etat|Par,class-field,gest.maintenance.TypeMaint,mPermetNouvEtatParDefaut,permetNouvEtatParDefaut,permetNouvEtatParDefaut,Nouv|Etat|Par,review-needed,,,,/classes/class[@source='gest.maintenance.TypeMaint']/field[@source='mPermetNouvEtatParDefaut']
11,short_tokens:Sem;unresolved:jour|Sem,class-field,gest.plageHoraire.PlageHoraire,mJourSem,jourSem,jourSem,jour|Sem,review-needed,,,,/classes/class[@source='gest.plageHoraire.PlageHoraire']/field[@source='mJourSem']
11,short_tokens:Int;unresolved:Int,class-field,gest.plageHoraire.PlageHoraire,mVectIntervalleIntAnnee,listeIntervalleIntAnnee,listeIntervalleIntAnnee,Int,review-needed,,,,/classes/class[@source='gest.plageHoraire.PlageHoraire']/field[@source='mVectIntervalleIntAnnee']
11,short_tokens:Int;unresolved:Int|Jour|Mois,class-field,gest.plageHoraire.PlageHoraire,mVectIntervalleIntJourMois,listeIntervalleIntJourMois,listeIntervalleIntJourMois,Int|Jour|Mois,review-needed,,,,/classes/class[@source='gest.plageHoraire.PlageHoraire']/field[@source='mVectIntervalleIntJourMois']
11,short_tokens:Mur;unresolved:expo|Mur,class-field,gest.planInterv.BatDebitNecessaire,mExpoMur,expoMur,expoMur,expo|Mur,review-needed,,,,/classes/class[@source='gest.planInterv.BatDebitNecessaire']/field[@source='mExpoMur']
11,short_tokens:Ouv;unresolved:expo|Prot|Ouv,class-field,gest.planInterv.BatDebitNecessaire,mExpoProtOuv,expoProtOuv,expoProtOuv,expo|Prot|Ouv,review-needed,,,,/classes/class[@source='gest.planInterv.BatDebitNecessaire']/field[@source='mExpoProtOuv']
11,short_tokens:gic;unresolved:gic,class-field,gest.planInterv.BatDebitNecessaire,mGicReduct,gicReduct,gicReduct,gic,review-needed,,,,/classes/class[@source='gest.planInterv.BatDebitNecessaire']/field[@source='mGicReduct']
11,short_tokens:Occ;unresolved:type|Occ,class-field,gest.planInterv.BatDebitNecessaire,mTypeOcc,typeOcc,typeOcc,type|Occ,review-needed,,,,/classes/class[@source='gest.planInterv.BatDebitNecessaire']/field[@source='mTypeOcc']
11,short_tokens:Hre;unresolved:Plan|Hre,class-field,gest.planInterv.PlanAdresseContact,mVectPlanHreExploit,listePlanHreExploit,listePlanHreExploit,Plan|Hre,review-needed,,,,/classes/class[@source='gest.planInterv.PlanAdresseContact']/field[@source='mVectPlanHreExploit']
11,short_tokens:Eau;unresolved:Alim|Eau,class-field,gest.planInterv.PlanAlimEau,mVectAlimEauPrive,listeAlimEauPrive,listeAlimEauPrive,Alim|Eau,review-needed,,,,/classes/class[@source='gest.planInterv.PlanAlimEau']/field[@source='mVectAlimEauPrive']
11,short_tokens:Bat;unresolved:Bat,class-field,gest.planInterv.PlanAlimEau,mVectBatDebitNecessaire,listeBatDebitNecessaire,listeBatDebitNecessaire,Bat,review-needed,,,,/classes/class[@source='gest.planInterv.PlanAlimEau']/field[@source='mVectBatDebitNecessaire']
11,short_tokens:asc;unresolved:asc|Empl,class-field,gest.planInterv.PlanConst,mAscEmpl,ascEmpl,ascEmpl,asc|Empl,review-needed,,,,/classes/class[@source='gest.planInterv.PlanConst']/field[@source='mAscEmpl']
11,short_tokens:asc;unresolved:asc|Zone,class-field,gest.planInterv.PlanConst,mAscZoneDesservTotal,ascZoneDesservTotal,ascZoneDesservTotal,asc|Zone,review-needed,,,,/classes/class[@source='gest.planInterv.PlanConst']/field[@source='mAscZoneDesservTotal']
11,short_tokens:asc;unresolved:asc|Zone|Prec,class-field,gest.planInterv.PlanConst,mAscZonePrec,ascZonePrec,ascZonePrec,asc|Zone|Prec,review-needed,,,,/classes/class[@source='gest.planInterv.PlanConst']/field[@source='mAscZonePrec']
11,short_tokens:Cle;unresolved:empl|Cle,class-field,gest.planInterv.PlanConst,mEmplCle,emplCle,emplCle,empl|Cle,review-needed,,,,/classes/class[@source='gest.planInterv.PlanConst']/field[@source='mEmplCle']
11,short_tokens:mur;unresolved:mur,class-field,gest.planInterv.PlanConst,mMurConstruction,murConstruction,murConstruction,mur,review-needed,,,,/classes/class[@source='gest.planInterv.PlanConst']/field[@source='mMurConstruction']
11,short_tokens:ouv;unresolved:ouv|Empl,class-field,gest.planInterv.PlanConst,mOuvEmpl,ouvEmpl,ouvEmpl,ouv|Empl,review-needed,,,,/classes/class[@source='gest.planInterv.PlanConst']/field[@source='mOuvEmpl']
11,short_tokens:ouv;unresolved:ouv|Type,class-field,gest.planInterv.PlanConst,mOuvType,ouvType,ouvType,ouv|Type,review-needed,,,,/classes/class[@source='gest.planInterv.PlanConst']/field[@source='mOuvType']
11,short_tokens:Ouv;unresolved:Ouv,class-field,gest.planInterv.PlanConst,mSeparOuv,separOuv,separOuv,Ouv,review-needed,,,,/classes/class[@source='gest.planInterv.PlanConst']/field[@source='mSeparOuv']
11,short_tokens:Sol;unresolved:sous|Sol|Haut,class-field,gest.planInterv.PlanConst,mSousSolHautPartielle,sousSolHautPartielle,sousSolHautPartielle,sous|Sol|Haut,review-needed,,,,/classes/class[@source='gest.planInterv.PlanConst']/field[@source='mSousSolHautPartielle']
11,short_tokens:Esp;unresolved:empl|Esp|Clos,class-field,gest.planInterv.PlanExposition,mEmplEspClos,emplEspClos,emplEspClos,empl|Esp|Clos,review-needed,,,,/classes/class[@source='gest.planInterv.PlanExposition']/field[@source='mEmplEspClos']
11,short_tokens:Eau;unresolved:plan|Alim|Eau,class-field,gest.planInterv.PlanInterv,mPlanAlimEau,planAlimEau,planAlimEau,plan|Alim|Eau,review-needed,,,,/classes/class[@source='gest.planInterv.PlanInterv']/field[@source='mPlanAlimEau']
11,short_tokens:Pub;unresolved:plan|Serv|Pub,class-field,gest.planInterv.PlanInterv,mPlanServPub,planServPub,planServPub,plan|Serv|Pub,review-needed,,,,/classes/class[@source='gest.planInterv.PlanInterv']/field[@source='mPlanServPub']
11,short_tokens:nom;unresolved:nom,class-field,gest.planInterv.Exposition,mNom,nom,nom,nom,review-needed,,,,/classes/class[@source='gest.planInterv.Exposition']/field[@source='mNom']
11,short_tokens:ord;unresolved:ord,class-field,gest.planInterv.PlanRisque,mOrdChute,ordChute,ordChute,ord,review-needed,,,,/classes/class[@source='gest.planInterv.PlanRisque']/field[@source='mOrdChute']
11,short_tokens:ord;unresolved:ord,class-field,gest.planInterv.PlanRisque,mOrdChuteGicleur,ordChuteGicleur,ordChuteGicleur,ord,review-needed,,,,/classes/class[@source='gest.planInterv.PlanRisque']/field[@source='mOrdChuteGicleur']
11,short_tokens:ord;unresolved:ord,class-field,gest.planInterv.PlanRisque,mOrdCompact,ordCompact,ordCompact,ord,review-needed,,,,/classes/class[@source='gest.planInterv.PlanRisque']/field[@source='mOrdCompact']
11,short_tokens:ord;unresolved:ord,class-field,gest.planInterv.PlanRisque,mOrdDetail,ordDetail,ordDetail,ord,review-needed,,,,/classes/class[@source='gest.planInterv.PlanRisque']/field[@source='mOrdDetail']
11,short_tokens:ord;unresolved:ord,class-field,gest.planInterv.PlanRisque,mOrdIncinerateur,ordIncinerateur,ordIncinerateur,ord,review-needed,,,,/classes/class[@source='gest.planInterv.PlanRisque']/field[@source='mOrdIncinerateur']
11,short_tokens:Au;unresolved:Au,class-field,gest.planInterv.PlanRisque,mRisquesAuPersonnel,risquesAuPersonnel,risquesAuPersonnel,Au,review-needed,,,,/classes/class[@source='gest.planInterv.PlanRisque']/field[@source='mRisquesAuPersonnel']
11,short_tokens:Col;unresolved:Type|Col,class-field,gest.prevention.ParamPrevention,mVectIDTypeChampPersoCol,listeIdTypeChampPersoCol,listeIdTypeChampPersoCol,Type|Col,review-needed,,,,/classes/class[@source='gest.prevention.ParamPrevention']/field[@source='mVectIDTypeChampPersoCol']
11,short_tokens:nom;unresolved:nom,class-field,gest.prevention.AssocMotCleTexte,mNom,nom,nom,nom,review-needed,,,,/classes/class[@source='gest.prevention.AssocMotCleTexte']/field[@source='mNom']
11,short_tokens:Web;unresolved:Web,class-field,gest.prevention.PhotoFichPrev,mFormulaireWeb,formulaireWeb,formulaireWeb,Web,review-needed,,,,/classes/class[@source='gest.prevention.PhotoFichPrev']/field[@source='mFormulaireWeb']
11,short_tokens:Web;unresolved:code|Form|Web,class-field,gest.prevention.Prevention,mCodeAccesFormWeb,codeAccesFormWeb,codeAccesFormWeb,code|Form|Web,review-needed,,,,/classes/class[@source='gest.prevention.Prevention']/field[@source='mCodeAccesFormWeb']
11,short_tokens:md5;unresolved:md5|Avis,class-field,gest.prevention.Prevention,mMD5Avis,md5Avis,md5Avis,md5|Avis,review-needed,,,,/classes/class[@source='gest.prevention.Prevention']/field[@source='mMD5Avis']
11,short_tokens:Src;unresolved:Src,class-field,gest.prevention.Prevention,mIDPreventionSrc,idPreventionSrc,idPreventionSrc,Src,review-needed,,,,/classes/class[@source='gest.prevention.Prevention']/field[@source='mIDPreventionSrc']
11,short_tokens:Web;unresolved:form|Web,class-field,gest.prevention.Prevention,mFormWebStatut,formWebStatut,formWebStatut,form|Web,review-needed,,,,/classes/class[@source='gest.prevention.Prevention']/field[@source='mFormWebStatut']
11,short_tokens:nom;unresolved:nom,class-field,gest.rapport.Rapport,mNomPerso,nomPerso,nomPerso,nom,review-needed,,,,/classes/class[@source='gest.rapport.Rapport']/field[@source='mNomPerso']
11,short_tokens:V13;unresolved:V13,class-field,gest.rapport.Rapport,mValidationV13Faite,validationV13Faite,validationV13Faite,V13,review-needed,,,,/classes/class[@source='gest.rapport.Rapport']/field[@source='mValidationV13Faite']
11,short_tokens:Si;unresolved:Si,class-field,gest.rapport.RapportPerso,mUniquementSiAlimente,uniquementSiAlimente,uniquementSiAlimente,Si,review-needed,,,,/classes/class[@source='gest.rapport.RapportPerso']/field[@source='mUniquementSiAlimente']
11,short_tokens:Feu;unresolved:Feu,class-field,gest.rci.Constat,mVectReactFeu,listeReactFeu,listeReactFeu,Feu,review-needed,,,,/classes/class[@source='gest.rci.Constat']/field[@source='mVectReactFeu']
11,short_tokens:Int;unresolved:Int,class-field,gest.rci.Effraction,mEclatInt,eclatInt,eclatInt,Int,review-needed,,,,/classes/class[@source='gest.rci.Effraction']/field[@source='mEclatInt']
11,short_tokens:rci;unresolved:rci,class-field,gest.rci.Rci,mRciAnalyse,rciAnalyse,rciAnalyse,rci,review-needed,,,,/classes/class[@source='gest.rci.Rci']/field[@source='mRciAnalyse']
11,short_tokens:rci;unresolved:rci,class-field,gest.rci.Rci,mRciCause,rciCause,rciCause,rci,review-needed,,,,/classes/class[@source='gest.rci.Rci']/field[@source='mRciCause']
11,short_tokens:rci;unresolved:rci,class-field,gest.rci.Rci,mRciConclusion,rciConclusion,rciConclusion,rci,review-needed,,,,/classes/class[@source='gest.rci.Rci']/field[@source='mRciConclusion']
11,short_tokens:rci;unresolved:rci,class-field,gest.rci.Rci,mRciEntrevue,rciEntrevue,rciEntrevue,rci,review-needed,,,,/classes/class[@source='gest.rci.Rci']/field[@source='mRciEntrevue']
11,short_tokens:rci;unresolved:rci,class-field,gest.rci.Rci,mRciInfluence,rciInfluence,rciInfluence,rci,review-needed,,,,/classes/class[@source='gest.rci.Rci']/field[@source='mRciInfluence']
11,short_tokens:rci;unresolved:rci,class-field,gest.rci.Rci,mRciRapportEnquete,rciRapportEnquete,rciRapportEnquete,rci,review-needed,,,,/classes/class[@source='gest.rci.Rci']/field[@source='mRciRapportEnquete']
11,short_tokens:Veh;unresolved:Veh,class-field,gest.rci.Rci,mVectVehImplique,listeVehImplique,listeVehImplique,Veh,review-needed,,,,/classes/class[@source='gest.rci.Rci']/field[@source='mVectVehImplique']
11,short_tokens:Rci;unresolved:Rci|Lieu,class-field,gest.rci.RciAnalyse,mVectRciLieu,listeRciLieu,listeRciLieu,Rci|Lieu,review-needed,,,,/classes/class[@source='gest.rci.RciAnalyse']/field[@source='mVectRciLieu']
11,short_tokens:Mat;unresolved:prem|Mat,class-field,gest.rci.RciCause,mPremMatEnflammeDetail,premMatEnflammeDetail,premMatEnflammeDetail,prem|Mat,review-needed,,,,/classes/class[@source='gest.rci.RciCause']/field[@source='mPremMatEnflammeDetail']
11,short_tokens:fil;unresolved:fil,class-field,gest.rci.RciDescBatiment,mFilAluminium,filAluminium,filAluminium,fil,review-needed,,,,/classes/class[@source='gest.rci.RciDescBatiment']/field[@source='mFilAluminium']
11,short_tokens:fil;unresolved:fil,class-field,gest.rci.RciDescBatiment,mFilCuivre,filCuivre,filCuivre,fil,review-needed,,,,/classes/class[@source='gest.rci.RciDescBatiment']/field[@source='mFilCuivre']
11,short_tokens:fus;unresolved:fus,class-field,gest.rci.RciDescBatiment,mFusOuvert,fusOuvert,fusOuvert,fus,review-needed,,,,/classes/class[@source='gest.rci.RciDescBatiment']/field[@source='mFusOuvert']
11,short_tokens:fus;unresolved:fus|Prec,class-field,gest.rci.RciDescBatiment,mFusPrec,fusPrec,fusPrec,fus|Prec,review-needed,,,,/classes/class[@source='gest.rci.RciDescBatiment']/field[@source='mFusPrec']
11,short_tokens:fus;unresolved:fus|Type,class-field,gest.rci.RciDescBatiment,mFusType,fusType,fusType,fus|Type,review-needed,,,,/classes/class[@source='gest.rci.RciDescBatiment']/field[@source='mFusType']
11,short_tokens:Nom;unresolved:i|Nom,class-field,gest.rci.RciDescBatiment$NElementPanneauElectrique,iNom,iNom,iNom,i|Nom,review-needed,,,,/classes/class[@source='gest.rci.RciDescBatiment$NElementPanneauElectrique']/field[@source='iNom']
11,short_tokens:rci;unresolved:rci,class-field,gest.rci.RciLieu,mRciCause,rciCause,rciCause,rci,review-needed,,,,/classes/class[@source='gest.rci.RciLieu']/field[@source='mRciCause']
11,short_tokens:Mat;unresolved:Prem|Mat,class-field,gest.rci.RciLieu,mIDPremMatEnflamme,idPremMatEnflamme,idPremMatEnflamme,Prem|Mat,review-needed,,,,/classes/class[@source='gest.rci.RciLieu']/field[@source='mIDPremMatEnflamme']
11,short_tokens:Cie;unresolved:Cie,class-field,gest.rci.Suivi,mContactCie,contactCie,contactCie,Cie,review-needed,,,,/classes/class[@source='gest.rci.Suivi']/field[@source='mContactCie']
11,short_tokens:Nom;unresolved:Nom,class-field,gest.rci.Suivi,mContactNom,contactNom,contactNom,Nom,review-needed,,,,/classes/class[@source='gest.rci.Suivi']/field[@source='mContactNom']
11,auto_suggest_differs;abbr:tel|Ext;short_tokens:tel|Ext,class-field,gest.ressource.Ressource,mTelTravailExt,telTravailExt,telephoneTravailExterne,,high,,,,/classes/class[@source='gest.ressource.Ressource']/field[@source='mTelTravailExt']
11,short_tokens:nom;unresolved:nom,class-field,gest.schema.ForceFrappe,mNomVille,nomVille,nomVille,nom,review-needed,,,,/classes/class[@source='gest.schema.ForceFrappe']/field[@source='mNomVille']
11,short_tokens:Niv;unresolved:Niv,class-field,gest.secCiv.LogSinistre,mIDNivAlerte,idNivAlerte,idNivAlerte,Niv,review-needed,,,,/classes/class[@source='gest.secCiv.LogSinistre']/field[@source='mIDNivAlerte']
11,short_tokens:nom;unresolved:nom,class-field,gest.secCiv.NodeDocum,mNomRepertDocum,nomRepertDocum,nomRepertDocum,nom,review-needed,,,,/classes/class[@source='gest.secCiv.NodeDocum']/field[@source='mNomRepertDocum']
11,short_tokens:Nom;unresolved:Nom,class-field,gest.secCiv.ParamSecCiv,mInclureNom,inclureNom,inclureNom,Nom,review-needed,,,,/classes/class[@source='gest.secCiv.ParamSecCiv']/field[@source='mInclureNom']
11,auto_suggest_differs;abbr:tel|Ext;short_tokens:tel|Ext,class-field,gest.secCiv.RessSecCiv,mTelTravailExt,telTravailExt,telephoneTravailExterne,,high,,,,/classes/class[@source='gest.secCiv.RessSecCiv']/field[@source='mTelTravailExt']
11,short_tokens:Niv;unresolved:Niv,class-field,gest.secCiv.Sinistre,mIDNivAlerte,idNivAlerte,idNivAlerte,Niv,review-needed,,,,/classes/class[@source='gest.secCiv.Sinistre']/field[@source='mIDNivAlerte']
11,short_tokens:Rao;unresolved:code|Rao,class-field,gest.typeAssistanceParticuliere.TypeAssistanceParticuliere,mCodeRaoEmergensys,codeRaoEmergensys,codeRaoEmergensys,code|Rao,review-needed,,,,/classes/class[@source='gest.typeAssistanceParticuliere.TypeAssistanceParticuliere']/field[@source='mCodeRaoEmergensys']
11,short_tokens:hsh;unresolved:hsh|Name,class-field,gest.typePrev.TypePrev,mHshSurveyName,hshSurveyName,hshSurveyName,hsh|Name,review-needed,,,,/classes/class[@source='gest.typePrev.TypePrev']/field[@source='mHshSurveyName']
11,short_tokens:Web;unresolved:Form|Web,class-field,gest.typePrev.TypePrev,mPermetFormWeb,permettFormWeb,permettFormWeb,Form|Web,review-needed,,,,/classes/class[@source='gest.typePrev.TypePrev']/field[@source='mPermetFormWeb']
11,short_tokens:Sur;unresolved:Sur,class-field,gest.typePrev.TypePrev,mPermettreAjoutSurMobile,permettreAjoutSurMobile,permettreAjoutSurMobile,Sur,review-needed,,,,/classes/class[@source='gest.typePrev.TypePrev']/field[@source='mPermettreAjoutSurMobile']
11,short_tokens:set;unresolved:set,class-field,gest.utilGroupe.DroitAcces,mSetDroits,setDroits,setDroits,set,review-needed,,,,/classes/class[@source='gest.utilGroupe.DroitAcces']/field[@source='mSetDroits']
11,short_tokens:mot;unresolved:mot,class-field,gest.utilGroupe.Utilisateur,mMotPasse,motPasse,motPasse,mot,review-needed,,,,/classes/class[@source='gest.utilGroupe.Utilisateur']/field[@source='mMotPasse']
11,short_tokens:Lic;unresolved:Lic,class-field,gest.utilGroupe.Utilisateur,mVectLicConcur,listeLicConcur,listeLicConcur,Lic,review-needed,,,,/classes/class[@source='gest.utilGroupe.Utilisateur']/field[@source='mVectLicConcur']
11,short_tokens:Per;unresolved:Per,class-field,gest.vehicule.Vehicule,mVectPer,listePer,listePer,Per,review-needed,,,,/classes/class[@source='gest.vehicule.Vehicule']/field[@source='mVectPer']
11,short_tokens:cs;unresolved:cs,class-field,java.awt.Color,cs,cs,cs,cs,review-needed,,,,/classes/class[@source='java.awt.Color']/field[@source='cs']
11,short_tokens:Sig;unresolved:Sig|Bits,class-field,java.util.UUID,leastSigBits,leastSigBits,leastSigBits,Sig|Bits,review-needed,,,,/classes/class[@source='java.util.UUID']/field[@source='leastSigBits']
11,short_tokens:Sig;unresolved:most|Sig|Bits,class-field,java.util.UUID,mostSigBits,mostSigBits,mostSigBits,most|Sig|Bits,review-needed,,,,/classes/class[@source='java.util.UUID']/field[@source='mostSigBits']
11,short_tokens:De;unresolved:De,class-field,gest.gen.IntervalleInt,mValDe,valeurDe,valeurDe,De,review-needed,,,,/classes/class[@source='gest.gen.IntervalleInt']/field[@source='mValDe']
11,short_tokens:Hor;unresolved:Hor,class-field,gest.horaire.CritereAttribDispo,mCalculHeuresHorCourant,calculHeuresHorCourant,calculHeuresHorCourant,Hor,review-needed,,,,/classes/class[@source='gest.horaire.CritereAttribDispo']/field[@source='mCalculHeuresHorCourant']
11,short_tokens:Hor;unresolved:Hor,class-field,gest.horaire.PreHorQuart,mIDModeleHorQuart,idModeleHorQuart,idModeleHorQuart,Hor,review-needed,,,,/classes/class[@source='gest.horaire.PreHorQuart']/field[@source='mIDModeleHorQuart']
11,short_tokens:Hor;unresolved:Hor,class-field,gest.horaire.PreHorQuart,mVectHorRestrict,listeHorRestrict,listeHorRestrict,Hor,review-needed,,,,/classes/class[@source='gest.horaire.PreHorQuart']/field[@source='mVectHorRestrict']
11,short_tokens:Par;unresolved:Par,class-field,gest.horaire.RondeReserv,mNbrMaxParRonde,nombreMaximumParRonde,nombreMaximumParRonde,Par,review-needed,,,,/classes/class[@source='gest.horaire.RondeReserv']/field[@source='mNbrMaxParRonde']
11,short_tokens:nom;unresolved:nom,class-field,gest.rci.Disjoncteur$NFusible,iNom,nom,nom,nom,review-needed,,,,/classes/class[@source='gest.rci.Disjoncteur$NFusible']/field[@source='iNom']
11,short_tokens:Par;unresolved:Par,class-field,gest.rci.VehImplique,mRetrouvePar,retrouvePar,retrouvePar,Par,review-needed,,,,/classes/class[@source='gest.rci.VehImplique']/field[@source='mRetrouvePar']
11,short_tokens:Par;unresolved:Par,class-field,gest.rci.VehImplique,mRetrouveParAdresse,retrouveParAdresse,retrouveParAdresse,Par,review-needed,,,,/classes/class[@source='gest.rci.VehImplique']/field[@source='mRetrouveParAdresse']
11,short_tokens:Int;unresolved:Int,class-field,gest.rci.VehImplique,mVectIntPiece,listeIntPiece,listeIntPiece,Int,review-needed,,,,/classes/class[@source='gest.rci.VehImplique']/field[@source='mVectIntPiece']
11,short_tokens:nom;unresolved:nom,class-field,gest.typePrev.TypePrev$NSignature,iNomSignature,nomSignature,nomSignature,nom,review-needed,,,,/classes/class[@source='gest.typePrev.TypePrev$NSignature']/field[@source='iNomSignature']
10,unresolved:note,shared-field,,mNote,note,note,note,review-needed,,,,/classes/fields/field[@source='mNote']
10,unresolved:date,shared-field,,mDateCreation,dateCreation,dateCreation,date,review-needed,,,,/classes/fields/field[@source='mDateCreation']
10,unresolved:date,shared-field,,mDateActivite,dateActivite,dateActivite,date,review-needed,,,,/classes/fields/field[@source='mDateActivite']
10,unresolved:date,shared-field,,mDateCompletee,dateCompletee,dateCompletee,date,review-needed,,,,/classes/fields/field[@source='mDateCompletee']
10,unresolved:date,shared-field,,mDateIdent,dateIdent,dateIdent,date,review-needed,,,,/classes/fields/field[@source='mDateIdent']
10,unresolved:date,shared-field,,mDateDebut,dateDebut,dateDebut,date,review-needed,,,,/classes/fields/field[@source='mDateDebut']
10,unresolved:Type,shared-field,,mIDTypeActivite,idTypeActivite,idTypeActivite,Type,review-needed,,,,/classes/fields/field[@source='mIDTypeActivite']
10,unresolved:name,class-field,com.db4o.StaticClass,name,name,name,name,review-needed,,,,/classes/class[@source='com.db4o.StaticClass']/field[@source='name']
10,unresolved:name,class-field,com.db4o.StaticField,name,name,name,name,review-needed,,,,/classes/class[@source='com.db4o.StaticField']/field[@source='name']
10,unresolved:Date,class-field,gen.requete.DynamicStaticDate,mDynamicDate,dynamicDate,dynamicDate,Date,review-needed,,,,/classes/class[@source='gen.requete.DynamicStaticDate']/field[@source='mDynamicDate']
10,unresolved:Date,class-field,gen.requete.DynamicStaticDate,mStaticDate,staticDate,staticDate,Date,review-needed,,,,/classes/class[@source='gen.requete.DynamicStaticDate']/field[@source='mStaticDate']
10,unresolved:read|Only,class-field,gen.util.HVector,mReadOnly,readOnly,readOnly,read|Only,review-needed,,,,/classes/class[@source='gen.util.HVector']/field[@source='mReadOnly']
10,unresolved:code,class-field,gest.DSI2003.DSI2003,mCode,code,code,code,review-needed,,,,/classes/class[@source='gest.DSI2003.DSI2003']/field[@source='mCode']
10,unresolved:Base,class-field,gest.activite.ActionCondition,mMontantBase,montantBase,montantBase,Base,review-needed,,,,/classes/class[@source='gest.activite.ActionCondition']/field[@source='mMontantBase']
10,unresolved:taux,class-field,gest.activite.ActionCondition,mTauxHoraireMult,tauxHoraireMultiplicateur,tauxHoraireMultiplicateur,taux,review-needed,,,,/classes/class[@source='gest.activite.ActionCondition']/field[@source='mTauxHoraireMult']
10,unresolved:Paye|Base,class-field,gest.activite.ActionCondition,mTempsPayeBase,tempsPayeBase,tempsPayeBase,Paye|Base,review-needed,,,,/classes/class[@source='gest.activite.ActionCondition']/field[@source='mTempsPayeBase']
10,unresolved:Paye|Bloc,class-field,gest.activite.ActionCondition,mTempsPayeBloc,tempsPayeBloc,tempsPayeBloc,Paye|Bloc,review-needed,,,,/classes/class[@source='gest.activite.ActionCondition']/field[@source='mTempsPayeBloc']
10,unresolved:Paye|Bloc,class-field,gest.activite.ActionCondition,mTempsPayeBlocArrondir,tempsPayeBlocArrondir,tempsPayeBlocArrondir,Paye|Bloc,review-needed,,,,/classes/class[@source='gest.activite.ActionCondition']/field[@source='mTempsPayeBlocArrondir']
10,unresolved:Date,class-field,gest.activite.ActionCondition,mVectCommenceIntervalleDate,listeCommenceIntervalleDate,listeCommenceIntervalleDate,Date,review-needed,,,,/classes/class[@source='gest.activite.ActionCondition']/field[@source='mVectCommenceIntervalleDate']
10,unresolved:date,class-field,gest.activite.InfoEmploye,mDatePartielDebut,datePartielleDebut,datePartielleDebut,date,review-needed,,,,/classes/class[@source='gest.activite.InfoEmploye']/field[@source='mDatePartielDebut']
10,unresolved:Type,class-field,gest.activite.InfoEmploye,mIDTypeActiviteRempl,idTypeActiviteRemplacant,idTypeActiviteRemplacant,Type,review-needed,,,,/classes/class[@source='gest.activite.InfoEmploye']/field[@source='mIDTypeActiviteRempl']
10,unresolved:etat,class-field,gest.activite.TabState,mCurrentTabState,etatOngletActuel,etatOngletActuel,etat,review-needed,,,,/classes/class[@source='gest.activite.TabState']/field[@source='mCurrentTabState']
10,unresolved:Code|Gain,class-field,gest.activite.TypeActivite,mAutreCodeGain,autreCodeGain,autreCodeGain,Code|Gain,review-needed,,,,/classes/class[@source='gest.activite.TypeActivite']/field[@source='mAutreCodeGain']
10,unresolved:code,class-field,gest.activite.TypeActivite,mCodeActivite,codeActivite,codeActivite,code,review-needed,,,,/classes/class[@source='gest.activite.TypeActivite']/field[@source='mCodeActivite']
10,unresolved:Dans,class-field,gest.activite.TypeActivite,mPermetSelActivite,permetSelectionDansActivites,permetSelectionDansActivites,Dans,review-needed,,,,/classes/class[@source='gest.activite.TypeActivite']/field[@source='mPermetSelActivite']
10,unresolved:type,class-field,gest.activite.TypeActivite,mTypeAbsencePermis,typeAbsencePermis,typeAbsencePermis,type,review-needed,,,,/classes/class[@source='gest.activite.TypeActivite']/field[@source='mTypeAbsencePermis']
10,unresolved:Code|Gain,class-field,gest.activite.TypeActivite,mUtiliserAutreCodeGain,utiliserAutreCodeGain,utiliserAutreCodeGain,Code|Gain,review-needed,,,,/classes/class[@source='gest.activite.TypeActivite']/field[@source='mUtiliserAutreCodeGain']
10,unresolved:hors,class-field,gest.borne.AnomBorne,mHorsService,horsService,horsService,hors,review-needed,,,,/classes/class[@source='gest.borne.AnomBorne']/field[@source='mHorsService']
10,unresolved:date,class-field,gest.borne.Borne,mDateInstallation,dateInstallation,dateInstallation,date,review-needed,,,,/classes/class[@source='gest.borne.Borne']/field[@source='mDateInstallation']
10,unresolved:etat,class-field,gest.borne.Borne,mEtat,etat,etat,etat,review-needed,,,,/classes/class[@source='gest.borne.Borne']/field[@source='mEtat']
10,unresolved:Date,class-field,gest.borne.Borne,mIndiquerDateEchue,indiquerDateEchue,indiquerDateEchue,Date,review-needed,,,,/classes/class[@source='gest.borne.Borne']/field[@source='mIndiquerDateEchue']
10,unresolved:lieu,class-field,gest.borne.Borne,mLieu,lieu,lieu,lieu,review-needed,,,,/classes/class[@source='gest.borne.Borne']/field[@source='mLieu']
10,unresolved:type,class-field,gest.borne.Borne,mTypeProprietaire,typeProprietaire,typeProprietaire,type,review-needed,,,,/classes/class[@source='gest.borne.Borne']/field[@source='mTypeProprietaire']
10,unresolved:date,class-field,gest.borne.BorneIncendie,mDateCalcDebit,dateCalculDebit,dateCalculDebit,date,review-needed,,,,/classes/class[@source='gest.borne.BorneIncendie']/field[@source='mDateCalcDebit']
10,unresolved:Type,class-field,gest.borne.BorneIncendie,mIDTypeValve,idTypeValve,idTypeValve,Type,review-needed,,,,/classes/class[@source='gest.borne.BorneIncendie']/field[@source='mIDTypeValve']
10,unresolved:note,class-field,gest.borne.BorneIncendie,mNoteValve,noteValve,noteValve,note,review-needed,,,,/classes/class[@source='gest.borne.BorneIncendie']/field[@source='mNoteValve']
10,unresolved:Type,class-field,gest.borne.BorneSeche,mTuyauTypeCoude,tuyauTypeCoude,tuyauTypeCoude,Type,review-needed,,,,/classes/class[@source='gest.borne.BorneSeche']/field[@source='mTuyauTypeCoude']
10,unresolved:Type,class-field,gest.borne.BornePer,mIDTypeMaintBorne,idTypeMaintBorne,idTypeMaintBorne,Type,review-needed,,,,/classes/class[@source='gest.borne.BornePer']/field[@source='mIDTypeMaintBorne']
10,unresolved:type,class-field,gest.borne.ModeleBorne,mType,type,type,type,review-needed,,,,/classes/class[@source='gest.borne.ModeleBorne']/field[@source='mType']
10,unresolved:port,class-field,gest.cartographie.ParamServeurCartographie,mPortDirect,portDirect,portDirect,port,review-needed,,,,/classes/class[@source='gest.cartographie.ParamServeurCartographie']/field[@source='mPortDirect']
10,unresolved:code,class-field,gest.cartographie.ParamUtilisateurCartographie,mCodeUtilisateur,codeUtilisateur,codeUtilisateur,code,review-needed,,,,/classes/class[@source='gest.cartographie.ParamUtilisateurCartographie']/field[@source='mCodeUtilisateur']
10,unresolved:Serv,class-field,gest.cauca.ParamCauca,mAdresseServ,adresseServ,adresseServ,Serv,review-needed,,,,/classes/class[@source='gest.cauca.ParamCauca']/field[@source='mAdresseServ']
10,unresolved:port|Serv,class-field,gest.cauca.ParamCauca,mPortServ,portServ,portServ,port|Serv,review-needed,,,,/classes/class[@source='gest.cauca.ParamCauca']/field[@source='mPortServ']
10,unresolved:sens,class-field,gest.cauca.ParamCauca,mSens,sens,sens,sens,review-needed,,,,/classes/class[@source='gest.cauca.ParamCauca']/field[@source='mSens']
10,unresolved:N|Dern,class-field,gest.cauca.ParamCauca,mVectNDernImport,listeNDernImport,listeNDernImport,N|Dern,review-needed,,,,/classes/class[@source='gest.cauca.ParamCauca']/field[@source='mVectNDernImport']
10,unresolved:mode,class-field,gest.centreDesRapports.SectionRapportCentral,mModeRapport,modeRapport,modeRapport,mode,review-needed,,,,/classes/class[@source='gest.centreDesRapports.SectionRapportCentral']/field[@source='mModeRapport']
10,unresolved:N,class-field,gest.centreDesRapports.SectionRapportCentral,mVectNGroupe,listeNGroupe,listeNGroupe,N,review-needed,,,,/classes/class[@source='gest.centreDesRapports.SectionRapportCentral']/field[@source='mVectNGroupe']
10,unresolved:Type,class-field,gest.champPerso.ChampPerso,mIDTypeChampPerso,idTypeChampPerso,idTypeChampPerso,Type,review-needed,,,,/classes/class[@source='gest.champPerso.ChampPerso']/field[@source='mIDTypeChampPerso']
10,unresolved:type,class-field,gest.champPerso.TypeChampPerso,mType,type,type,type,review-needed,,,,/classes/class[@source='gest.champPerso.TypeChampPerso']/field[@source='mType']
10,unresolved:type,class-field,gest.champPerso.TypeChampPerso,mTypeSelection,typeSelection,typeSelection,type,review-needed,,,,/classes/class[@source='gest.champPerso.TypeChampPerso']/field[@source='mTypeSelection']
10,unresolved:Etat,class-field,gest.codeAppel.CodeAppel,mVectEtatSections,listeEtatSections,listeEtatSections,Etat,review-needed,,,,/classes/class[@source='gest.codeAppel.CodeAppel']/field[@source='mVectEtatSections']
10,unresolved:Dans,class-field,gest.config.ConfigCompressionImages,mInclureDansRapport,inclureDansRapport,inclureDansRapport,Dans,review-needed,,,,/classes/class[@source='gest.config.ConfigCompressionImages']/field[@source='mInclureDansRapport']
10,unresolved:taux,class-field,gest.config.ConfigCompressionImages,mTauxCompression,tauxCompression,tauxCompression,taux,review-needed,,,,/classes/class[@source='gest.config.ConfigCompressionImages']/field[@source='mTauxCompression']
10,unresolved:Logo,class-field,gest.config.ParamConfig,mIDLogo,idLogo,idLogo,Logo,review-needed,,,,/classes/class[@source='gest.config.ParamConfig']/field[@source='mIDLogo']
10,unresolved:type,class-field,gest.config.ParamConfig,mTypeSequence,typeSequence,typeSequence,type,review-needed,,,,/classes/class[@source='gest.config.ParamConfig']/field[@source='mTypeSequence']
10,unresolved:Pour,class-field,gest.config.ParamConfigSSI,mMettreSujetPourPagetCourriel,mettreSujetPourPagetCourriel,mettreSujetPourPagetCourriel,Pour,review-needed,,,,/classes/class[@source='gest.config.ParamConfigSSI']/field[@source='mMettreSujetPourPagetCourriel']
10,unresolved:A,class-field,gest.config.ParamConfigSSI,mPermettreEditerActivitesAApprouver,permettreEditerActivitesAApprouver,permettreEditerActivitesAApprouver,A,review-needed,,,,/classes/class[@source='gest.config.ParamConfigSSI']/field[@source='mPermettreEditerActivitesAApprouver']
10,unresolved:port,class-field,gest.config.ParamConfigSSI,mPortEnvoiPaget,portEnvoiPaget,portEnvoiPaget,port,review-needed,,,,/classes/class[@source='gest.config.ParamConfigSSI']/field[@source='mPortEnvoiPaget']
10,unresolved:type,class-field,gest.config.ParamConfigSSI,mTypeSequence,typeSequence,typeSequence,type,review-needed,,,,/classes/class[@source='gest.config.ParamConfigSSI']/field[@source='mTypeSequence']
10,unresolved:Logo,class-field,gest.config.ParamConfigSSI,mIDLogo,idLogo,idLogo,Logo,review-needed,,,,/classes/class[@source='gest.config.ParamConfigSSI']/field[@source='mIDLogo']
10,unresolved:type,class-field,gest.config.ParamSendMail,mTypeEnvoi,typeEnvoi,typeEnvoi,type,review-needed,,,,/classes/class[@source='gest.config.ParamSendMail']/field[@source='mTypeEnvoi']
10,unresolved:Nouv,class-field,gest.consolide.ParamConsolide,mPrefixeNouvActivite,prefixeNouvActivite,prefixeNouvActivite,Nouv,review-needed,,,,/classes/class[@source='gest.consolide.ParamConsolide']/field[@source='mPrefixeNouvActivite']
10,unresolved:Sync,class-field,gest.consolide.ParamConsolide,mRepertSync,repertSync,repertSync,Sync,review-needed,,,,/classes/class[@source='gest.consolide.ParamConsolide']/field[@source='mRepertSync']
10,unresolved:type|Sync,class-field,gest.consolide.ParamConsolide,mTypeSync,typeSync,typeSync,type|Sync,review-needed,,,,/classes/class[@source='gest.consolide.ParamConsolide']/field[@source='mTypeSync']
10,unresolved:Tous,class-field,gest.consolide.ParamSSI,mAccesMultiTous,accesMultiTous,accesMultiTous,Tous,review-needed,,,,/classes/class[@source='gest.consolide.ParamSSI']/field[@source='mAccesMultiTous']
10,unresolved:code,class-field,gest.consolide.ParamSSI,mCodeConso,codeConso,codeConso,code,review-needed,,,,/classes/class[@source='gest.consolide.ParamSSI']/field[@source='mCodeConso']
10,unresolved:Tout,class-field,gest.consolide.ParamSSI,mEnvoyerTout,envoyerTout,envoyerTout,Tout,review-needed,,,,/classes/class[@source='gest.consolide.ParamSSI']/field[@source='mEnvoyerTout']
10,unresolved:type|Sync,class-field,gest.consolide.ParamSSI,mTypeSync,typeSync,typeSync,type|Sync,review-needed,,,,/classes/class[@source='gest.consolide.ParamSSI']/field[@source='mTypeSync']
10,unresolved:N,class-field,gest.consolide.ParamSSI,mVectNModuleDetail,listeNModuleDetail,listeNModuleDetail,N,review-needed,,,,/classes/class[@source='gest.consolide.ParamSSI']/field[@source='mVectNModuleDetail']
10,unresolved:type,class-field,gest.cours.CoursInterne,mTypeFormateur,typeFormateur,typeFormateur,type,review-needed,,,,/classes/class[@source='gest.cours.CoursInterne']/field[@source='mTypeFormateur']
10,unresolved:Form,class-field,gest.cours.CoursInterne,mVectFormMateriel,listeFormMateriel,listeFormMateriel,Form,review-needed,,,,/classes/class[@source='gest.cours.CoursInterne']/field[@source='mVectFormMateriel']
10,unresolved:etat,class-field,gest.docum.EtatDoc,mEtat,etat,etat,etat,review-needed,,,,/classes/class[@source='gest.docum.EtatDoc']/field[@source='mEtat']
10,unresolved:Type,class-field,gest.dossPrev.Chauffage,mIDTypeChauffage,idTypeChauffage,idTypeChauffage,Type,review-needed,,,,/classes/class[@source='gest.dossPrev.Chauffage']/field[@source='mIDTypeChauffage']
10,unresolved:Type,class-field,gest.dossPrev.Chauffage,mIDTypeCheminee,idTypeCheminee,idTypeCheminee,Type,review-needed,,,,/classes/class[@source='gest.dossPrev.Chauffage']/field[@source='mIDTypeCheminee']
10,unresolved:date|Dern,class-field,gest.dossPrev.DossPrev,mDateDernResolution,dateDernResolution,dateDernResolution,date|Dern,review-needed,,,,/classes/class[@source='gest.dossPrev.DossPrev']/field[@source='mDateDernResolution']
10,unresolved:date|Dern|Sync,class-field,gest.dossPrev.DossPrev,mDateDernSync,dateDernSync,dateDernSync,date|Dern|Sync,review-needed,,,,/classes/class[@source='gest.dossPrev.DossPrev']/field[@source='mDateDernSync']
10,unresolved:etat,class-field,gest.dossPrev.DossPrev,mEtat,etat,etat,etat,review-needed,,,,/classes/class[@source='gest.dossPrev.DossPrev']/field[@source='mEtat']
10,unresolved:type,class-field,gest.dossPrev.DossPrev,mTypeConstrAutreDetail,typeConstrAutreDetail,typeConstrAutreDetail,type,review-needed,,,,/classes/class[@source='gest.dossPrev.DossPrev']/field[@source='mTypeConstrAutreDetail']
10,unresolved:Ress,class-field,gest.dossPrev.DossPrev,mVectPersonneRess,listePersonneRess,listePersonneRess,Ress,review-needed,,,,/classes/class[@source='gest.dossPrev.DossPrev']/field[@source='mVectPersonneRess']
10,unresolved:Type,class-field,gest.dossPrev.DossPrev,mIDTypeBatiment,idTypeBatiment,idTypeBatiment,Type,review-needed,,,,/classes/class[@source='gest.dossPrev.DossPrev']/field[@source='mIDTypeBatiment']
10,unresolved:Type,class-field,gest.dossPrev.DossPrev,mIDTypeConstruction,idTypeConstruction,idTypeConstruction,Type,review-needed,,,,/classes/class[@source='gest.dossPrev.DossPrev']/field[@source='mIDTypeConstruction']
10,unresolved:Type|Toit,class-field,gest.dossPrev.DossPrev,mIDTypeToit,idTypeToit,idTypeToit,Type|Toit,review-needed,,,,/classes/class[@source='gest.dossPrev.DossPrev']/field[@source='mIDTypeToit']
10,unresolved:date,class-field,gest.dossPrev.HistoImportDossPrev,mDateImport,dateImport,dateImport,date,review-needed,,,,/classes/class[@source='gest.dossPrev.HistoImportDossPrev']/field[@source='mDateImport']
10,unresolved:Dans,class-field,gest.dossPrev.ParamDossPrev,mChercherMatriculeAnterieurDansVectOldMatricule,chercherMatriculeAnterieurDansListeAncienMatricule,chercherMatriculeAnterieurDansListeAncienMatricule,Dans,review-needed,,,,/classes/class[@source='gest.dossPrev.ParamDossPrev']/field[@source='mChercherMatriculeAnterieurDansVectOldMatricule']
10,unresolved:date,class-field,gest.dossPrev.ParamDossPrev,mDateDernExport,dateDernierExport,dateDernierExport,date,review-needed,,,,/classes/class[@source='gest.dossPrev.ParamDossPrev']/field[@source='mDateDernExport']
10,unresolved:date,class-field,gest.dossPrev.ParamDossPrev,mDateDernExportAutomatique,dateDernierExportAutomatique,dateDernierExportAutomatique,date,review-needed,,,,/classes/class[@source='gest.dossPrev.ParamDossPrev']/field[@source='mDateDernExportAutomatique']
10,unresolved:Code,class-field,gest.dossPrev.ParamDossPrev,mVectCodeUsageRempl,listeCodeUsageRemplacement,listeCodeUsageRemplacement,Code,review-needed,,,,/classes/class[@source='gest.dossPrev.ParamDossPrev']/field[@source='mVectCodeUsageRempl']
10,unresolved:voie,class-field,gest.dossPrev.ParamDossPrev$NValRempl,iVoie,voie,voie,voie,review-needed,,,,/classes/class[@source='gest.dossPrev.ParamDossPrev$NValRempl']/field[@source='iVoie']
10,unresolved:voie,class-field,gest.dossPrev.ParamDossPrev$NValRempl,iVoieRempl,voieRemplacement,voieRemplacement,voie,review-needed,,,,/classes/class[@source='gest.dossPrev.ParamDossPrev$NValRempl']/field[@source='iVoieRempl']
10,unresolved:code,class-field,gest.dossPrev.ParamDossPrev$NCodeUsageAssoc,mCode,code,code,code,review-needed,,,,/classes/class[@source='gest.dossPrev.ParamDossPrev$NCodeUsageAssoc']/field[@source='mCode']
10,unresolved:date,class-field,gest.dossPrev.PeriodiciteDossPrev,mDateDernPrev,dateDernierePrevention,dateDernierePrevention,date,review-needed,,,,/classes/class[@source='gest.dossPrev.PeriodiciteDossPrev']/field[@source='mDateDernPrev']
10,unresolved:type,class-field,gest.dossPrev.PeriodiciteDossPrev,mTypePeriodicite,typePeriodicite,typePeriodicite,type,review-needed,,,,/classes/class[@source='gest.dossPrev.PeriodiciteDossPrev']/field[@source='mTypePeriodicite']
10,unresolved:Type,class-field,gest.dossPrev.PeriodiciteDossPrev,mIDTypePrevention,idTypePrevention,idTypePrevention,Type,review-needed,,,,/classes/class[@source='gest.dossPrev.PeriodiciteDossPrev']/field[@source='mIDTypePrevention']
10,unresolved:Code,class-field,gest.dossPrev.PersonneRess,mPagetCode,teleavertisseurCode,teleavertisseurCode,Code,review-needed,,,,/classes/class[@source='gest.dossPrev.PersonneRess']/field[@source='mPagetCode']
10,unresolved:Page,class-field,gest.dossPrev.ProdDang,mIDPageJaune,idPageJaune,idPageJaune,Page,review-needed,,,,/classes/class[@source='gest.dossPrev.ProdDang']/field[@source='mIDPageJaune']
10,unresolved:Jour,class-field,gest.employe.ContactUrgence,mTelJour,telephoneJour,telephoneJour,Jour,review-needed,,,,/classes/class[@source='gest.employe.ContactUrgence']/field[@source='mTelJour']
10,unresolved:Soir,class-field,gest.employe.ContactUrgence,mTelSoir,telephoneSoir,telephoneSoir,Soir,review-needed,,,,/classes/class[@source='gest.employe.ContactUrgence']/field[@source='mTelSoir']
10,unresolved:code,class-field,gest.employe.Employe,mCodePermanent,codePermanent,codePermanent,code,review-needed,,,,/classes/class[@source='gest.employe.Employe']/field[@source='mCodePermanent']
10,unresolved:date,class-field,gest.employe.Employe,mDateEmbauche,dateEmbauche,dateEmbauche,date,review-needed,,,,/classes/class[@source='gest.employe.Employe']/field[@source='mDateEmbauche']
10,unresolved:date,class-field,gest.employe.Employe,mDateNais,dateNaissance,dateNaissance,date,review-needed,,,,/classes/class[@source='gest.employe.Employe']/field[@source='mDateNais']
10,unresolved:Code,class-field,gest.employe.Employe,mPagetCode,teleavertisseurCode,teleavertisseurCode,Code,review-needed,,,,/classes/class[@source='gest.employe.Employe']/field[@source='mPagetCode']
10,unresolved:type,class-field,gest.employe.Employe,mTypeEmploye,typeEmploye,typeEmploye,type,review-needed,,,,/classes/class[@source='gest.employe.Employe']/field[@source='mTypeEmploye']
10,unresolved:a,class-field,gest.employe.Employe,mUtilisateur,aCompteUtilisateur,aCompteUtilisateur,a,review-needed,,,,/classes/class[@source='gest.employe.Employe']/field[@source='mUtilisateur']
10,unresolved:Taux,class-field,gest.employe.Employe,mUtiliseTauxGrade,utiliseTauxGrade,utiliseTauxGrade,Taux,review-needed,,,,/classes/class[@source='gest.employe.Employe']/field[@source='mUtiliseTauxGrade']
10,unresolved:Date|Taux,class-field,gest.employe.Employe,mVectEmployeDateTaux,listeDateTaux,listeDateTaux,Date|Taux,review-needed,,,,/classes/class[@source='gest.employe.Employe']/field[@source='mVectEmployeDateTaux']
10,unresolved:Taux,class-field,gest.employe.Employe,mVectEmployeTaux,listeTaux,listeTaux,Taux,review-needed,,,,/classes/class[@source='gest.employe.Employe']/field[@source='mVectEmployeTaux']
10,unresolved:date|A,class-field,gest.employe.Employe$NNonDispo,iDateA,dateA,dateA,date|A,review-needed,,,,/classes/class[@source='gest.employe.Employe$NNonDispo']/field[@source='iDateA']
10,unresolved:Taux,class-field,gest.employe.EmployeDateTaux,mVectEmployeTaux,listeEmployeTaux,listeEmployeTaux,Taux,review-needed,,,,/classes/class[@source='gest.employe.EmployeDateTaux']/field[@source='mVectEmployeTaux']
10,unresolved:date,class-field,gest.employe.EmployeNomin,mDateNomin,dateNomination,dateNomination,date,review-needed,,,,/classes/class[@source='gest.employe.EmployeNomin']/field[@source='mDateNomin']
10,unresolved:taux,class-field,gest.employe.EmployeTaux,mTaux,taux,taux,taux,review-needed,,,,/classes/class[@source='gest.employe.EmployeTaux']/field[@source='mTaux']
10,unresolved:cout,class-field,gest.equipement.EquipExist,mCoutAcquisition,coutAcquisition,coutAcquisition,cout,review-needed,,,,/classes/class[@source='gest.equipement.EquipExist']/field[@source='mCoutAcquisition']
10,unresolved:date,class-field,gest.equipement.EquipExist,mDateAchat,dateAchat,dateAchat,date,review-needed,,,,/classes/class[@source='gest.equipement.EquipExist']/field[@source='mDateAchat']
10,unresolved:date,class-field,gest.equipement.EquipExist,mDatePeremption,datePeremption,datePeremption,date,review-needed,,,,/classes/class[@source='gest.equipement.EquipExist']/field[@source='mDatePeremption']
10,unresolved:Type,class-field,gest.equipement.EquipExist,mIDTypeEquipement,idTypeEquipement,idTypeEquipement,Type,review-needed,,,,/classes/class[@source='gest.equipement.EquipExist']/field[@source='mIDTypeEquipement']
10,unresolved:Type,class-field,gest.equipement.QteRequise,mIDTypeEquipement,idTypeEquipement,idTypeEquipement,Type,review-needed,,,,/classes/class[@source='gest.equipement.QteRequise']/field[@source='mIDTypeEquipement']
10,unresolved:etat,class-field,gest.equipement.SituationEquipement,mEtat,etat,etat,etat,review-needed,,,,/classes/class[@source='gest.equipement.SituationEquipement']/field[@source='mEtat']
10,unresolved:etat,class-field,gest.equipement.SituationEquipement,mEtatComportement,etatComportement,etatComportement,etat,review-needed,,,,/classes/class[@source='gest.equipement.SituationEquipement']/field[@source='mEtatComportement']
10,unresolved:Pour,class-field,gest.equipement.TypeEquipement,mDroitRequisPourTransfert,droitRequisPourTransfert,droitRequisPourTransfert,Pour,review-needed,,,,/classes/class[@source='gest.equipement.TypeEquipement']/field[@source='mDroitRequisPourTransfert']
10,unresolved:Type,class-field,gest.equipement.TypeEquipement,mVectTypeChampPerso,listeTypeChampPerso,listeTypeChampPerso,Type,review-needed,,,,/classes/class[@source='gest.equipement.TypeEquipement']/field[@source='mVectTypeChampPerso']
10,unresolved:Type,class-field,gest.equipement.PeriodiciteEquip,mIDTypeMaint,idTypeMaintenance,idTypeMaintenance,Type,review-needed,,,,/classes/class[@source='gest.equipement.PeriodiciteEquip']/field[@source='mIDTypeMaint']
10,unresolved:date,class-field,gest.equipement.PeriodiciteEquip,mDateDernMaint,dateDerniereMaintenance,dateDerniereMaintenance,date,review-needed,,,,/classes/class[@source='gest.equipement.PeriodiciteEquip']/field[@source='mDateDernMaint']
10,unresolved:Paie,class-field,gest.feuilleTemps.ParamFeuilleTemps,mFormatPerPaie,formatPeriodePaie,formatPeriodePaie,Paie,review-needed,,,,/classes/class[@source='gest.feuilleTemps.ParamFeuilleTemps']/field[@source='mFormatPerPaie']
10,unresolved:Taux,class-field,gest.feuilleTemps.ParamFeuilleTemps,mInclureTauxHoraire,inclureTauxHoraire,inclureTauxHoraire,Taux,review-needed,,,,/classes/class[@source='gest.feuilleTemps.ParamFeuilleTemps']/field[@source='mInclureTauxHoraire']
10,unresolved:Auth,class-field,gest.feuilleTemps.ParamFeuilleTemps,mInfosAuthAurora,infosAuthAurora,infosAuthAurora,Auth,review-needed,,,,/classes/class[@source='gest.feuilleTemps.ParamFeuilleTemps']/field[@source='mInfosAuthAurora']
10,unresolved:lieu,class-field,gest.feuilleTemps.ParamFeuilleTemps,mLieuTravail,lieuTravail,lieuTravail,lieu,review-needed,,,,/classes/class[@source='gest.feuilleTemps.ParamFeuilleTemps']/field[@source='mLieuTravail']
10,unresolved:Deux,class-field,gest.feuilleTemps.ParamFeuilleTemps,mMaxDeuxDecimales,maximumDeuxDecimales,maximumDeuxDecimales,Deux,review-needed,,,,/classes/class[@source='gest.feuilleTemps.ParamFeuilleTemps']/field[@source='mMaxDeuxDecimales']
10,unresolved:sous,class-field,gest.feuilleTemps.ParamFeuilleTemps,mSousDept,sousDepartement,sousDepartement,sous,review-needed,,,,/classes/class[@source='gest.feuilleTemps.ParamFeuilleTemps']/field[@source='mSousDept']
10,unresolved:sous,class-field,gest.feuilleTemps.ParamFeuilleTemps,mSousProjet,sousProjet,sousProjet,sous,review-needed,,,,/classes/class[@source='gest.feuilleTemps.ParamFeuilleTemps']/field[@source='mSousProjet']
10,unresolved:type,class-field,gest.feuilleTemps.ParamFeuilleTemps,mTypeProjetSpecif,typeProjetSpecif,typeProjetSpecif,type,review-needed,,,,/classes/class[@source='gest.feuilleTemps.ParamFeuilleTemps']/field[@source='mTypeProjetSpecif']
10,unresolved:type,class-field,gest.feuilleTemps.ParamFeuilleTemps,mTypeTrans,typeTransaction,typeTransaction,type,review-needed,,,,/classes/class[@source='gest.feuilleTemps.ParamFeuilleTemps']/field[@source='mTypeTrans']
10,unresolved:Code|Gain,class-field,gest.feuilleTemps.ParamFeuilleTemps,mVectCodeGain,listeCodeGain,listeCodeGain,Code|Gain,review-needed,,,,/classes/class[@source='gest.feuilleTemps.ParamFeuilleTemps']/field[@source='mVectCodeGain']
10,unresolved:code|Gain,class-field,gest.feuilleTemps.ParamFeuilleTemps$NChampSuppDesjardins,iCodeGain,codeGain,codeGain,code|Gain,review-needed,,,,/classes/class[@source='gest.feuilleTemps.ParamFeuilleTemps$NChampSuppDesjardins']/field[@source='iCodeGain']
10,unresolved:date,class-field,gest.fichier.Fichier,mDateAjout,dateAjout,dateAjout,date,review-needed,,,,/classes/class[@source='gest.fichier.Fichier']/field[@source='mDateAjout']
10,unresolved:date,class-field,gest.fichier.Fichier,mDateDernModif,dateDerniereModification,dateDerniereModification,date,review-needed,,,,/classes/class[@source='gest.fichier.Fichier']/field[@source='mDateDernModif']
10,unresolved:Dans,class-field,gest.formElec.ParamFigurePanel,mOuvrirDansFenetre,ouvrirDansFenetre,ouvrirDansFenetre,Dans,review-needed,,,,/classes/class[@source='gest.formElec.ParamFigurePanel']/field[@source='mOuvrirDansFenetre']
10,unresolved:Anom,class-field,gest.formElec.ParamFigureSaisie,mCreerAnom,creerAnom,creerAnom,Anom,review-needed,,,,/classes/class[@source='gest.formElec.ParamFigureSaisie']/field[@source='mCreerAnom']
10,unresolved:Cond,class-field,gest.formElec.ParamFigureSaisie,mIdentSectionCond,identSectionCond,identSectionCond,Cond,review-needed,,,,/classes/class[@source='gest.formElec.ParamFigureSaisie']/field[@source='mIdentSectionCond']
10,unresolved:lieu|Anom,class-field,gest.formElec.ParamFigureSaisie,mLieuAnom,lieuAnom,lieuAnom,lieu|Anom,review-needed,,,,/classes/class[@source='gest.formElec.ParamFigureSaisie']/field[@source='mLieuAnom']
10,unresolved:Type|Anom,class-field,gest.formElec.ParamFigureSaisie,mIDTypeAnom,idTypeAnom,idTypeAnom,Type|Anom,review-needed,,,,/classes/class[@source='gest.formElec.ParamFigureSaisie']/field[@source='mIDTypeAnom']
10,unresolved:Type,class-field,gest.formElec.ParamFigureSaisie,mIDTypeChampPerso,idTypeChampPerso,idTypeChampPerso,Type,review-needed,,,,/classes/class[@source='gest.formElec.ParamFigureSaisie']/field[@source='mIDTypeChampPerso']
10,unresolved:Anom,class-field,gest.formElec.Section,mPermetAnom,permetAnom,permetAnom,Anom,review-needed,,,,/classes/class[@source='gest.formElec.Section']/field[@source='mPermetAnom']
10,unresolved:tous|Anom,class-field,gest.formElec.Section,mTousAnom,tousAnom,tousAnom,tous|Anom,review-needed,,,,/classes/class[@source='gest.formElec.Section']/field[@source='mTousAnom']
10,unresolved:date,class-field,gest.formation.CoursAvantEmbauche,mDateComplete,dateComplete,dateComplete,date,review-needed,,,,/classes/class[@source='gest.formation.CoursAvantEmbauche']/field[@source='mDateComplete']
10,unresolved:cout,class-field,gest.formation.Formation,mCout,cout,cout,cout,review-needed,,,,/classes/class[@source='gest.formation.Formation']/field[@source='mCout']
10,unresolved:Jour,class-field,gest.formation.Formation,mIdentJour,identJour,identJour,Jour,review-needed,,,,/classes/class[@source='gest.formation.Formation']/field[@source='mIdentJour']
10,unresolved:Form,class-field,gest.formation.Formation,mNbrHreForm,nombreHeuresForm,nombreHeuresForm,Form,review-needed,,,,/classes/class[@source='gest.formation.Formation']/field[@source='mNbrHreForm']
10,unresolved:type,class-field,gest.formation.Formation,mTypeFormateur,typeFormateur,typeFormateur,type,review-needed,,,,/classes/class[@source='gest.formation.Formation']/field[@source='mTypeFormateur']
10,unresolved:Form,class-field,gest.formation.Formation,mVectFormMateriel,listeFormMateriel,listeFormMateriel,Form,review-needed,,,,/classes/class[@source='gest.formation.Formation']/field[@source='mVectFormMateriel']
10,unresolved:A,class-field,gest.formation.Formation,mIDAssigneA,idAssigneA,idAssigneA,A,review-needed,,,,/classes/class[@source='gest.formation.Formation']/field[@source='mIDAssigneA']
10,unresolved:date,class-field,gest.formation.InfoEtudiant,mDateCertificationDebut,dateCertificationDebut,dateCertificationDebut,date,review-needed,,,,/classes/class[@source='gest.formation.InfoEtudiant']/field[@source='mDateCertificationDebut']
10,unresolved:role,class-field,gest.formation.TypeActivFormation,mRoleEmploye,roleEmploye,roleEmploye,role,review-needed,,,,/classes/class[@source='gest.formation.TypeActivFormation']/field[@source='mRoleEmploye']
10,unresolved:cell,class-field,gest.fournisseur.Fournisseur,mCell,cell,cell,cell,review-needed,,,,/classes/class[@source='gest.fournisseur.Fournisseur']/field[@source='mCell']
10,unresolved:code|Lien,class-field,gest.gen.Adresse,mCodeLien,codeLien,codeLien,code|Lien,review-needed,,,,/classes/class[@source='gest.gen.Adresse']/field[@source='mCodeLien']
10,unresolved:code|Post,class-field,gest.gen.Adresse,mCodePost,codePost,codePost,code|Post,review-needed,,,,/classes/class[@source='gest.gen.Adresse']/field[@source='mCodePost']
10,unresolved:type,class-field,gest.gen.Adresse,mTypeSuite,typeSuite,typeSuite,type,review-needed,,,,/classes/class[@source='gest.gen.Adresse']/field[@source='mTypeSuite']
10,unresolved:dern,class-field,gest.gen.EntiteContientID,mDernModif,dernModif,dernModif,dern,review-needed,,,,/classes/class[@source='gest.gen.EntiteContientID']/field[@source='mDernModif']
10,unresolved:last|Time,class-field,gest.gen.EntiteContientID,mLastFusionTime,lastFusionTime,lastFusionTime,last|Time,review-needed,,,,/classes/class[@source='gest.gen.EntiteContientID']/field[@source='mLastFusionTime']
10,unresolved:date,class-field,gest.gen.ExpirationDocument,mDateArchivage,dateArchivage,dateArchivage,date,review-needed,,,,/classes/class[@source='gest.gen.ExpirationDocument']/field[@source='mDateArchivage']
10,unresolved:date,class-field,gest.gen.ExpirationDocument,mDateExpiration,dateExpiration,dateExpiration,date,review-needed,,,,/classes/class[@source='gest.gen.ExpirationDocument']/field[@source='mDateExpiration']
10,unresolved:date|A,class-field,gest.gen.IntervalleDate,mDateA,dateA,dateA,date|A,review-needed,,,,/classes/class[@source='gest.gen.IntervalleDate']/field[@source='mDateA']
10,unresolved:A,class-field,gest.gen.IntervalleHeure,mHeureA,heureA,heureA,A,review-needed,,,,/classes/class[@source='gest.gen.IntervalleHeure']/field[@source='mHeureA']
10,unresolved:code|Post,class-field,gest.gen.Lieu,mCodePost,codePost,codePost,code|Post,review-needed,,,,/classes/class[@source='gest.gen.Lieu']/field[@source='mCodePost']
10,unresolved:Lieu,class-field,gest.gen.Lieu,mDescLieu,descriptionLieu,descriptionLieu,Lieu,review-needed,,,,/classes/class[@source='gest.gen.Lieu']/field[@source='mDescLieu']
10,unresolved:long,class-field,gest.gen.LongLat,mLong,long,long,long,review-needed,,,,/classes/class[@source='gest.gen.LongLat']/field[@source='mLong']
10,unresolved:date|Note,class-field,gest.gen.Message,mDateNote,dateNote,dateNote,date|Note,review-needed,,,,/classes/class[@source='gest.gen.Message']/field[@source='mDateNote']
10,unresolved:type|Note,class-field,gest.gen.Message,mTypeNote,typeNote,typeNote,type|Note,review-needed,,,,/classes/class[@source='gest.gen.Message']/field[@source='mTypeNote']
10,unresolved:m,class-field,gest.gen.ParamVersion,mFirstSessionAfterUpdateBuild,mFirstSessionAfterUpdateBuild,mFirstSessionAfterUpdateBuild,m,review-needed,,,,/classes/class[@source='gest.gen.ParamVersion']/field[@source='mFirstSessionAfterUpdateBuild']
10,unresolved:Date,class-field,gest.gen.Periodicite,mInclureDate,inclureDate,inclureDate,Date,review-needed,,,,/classes/class[@source='gest.gen.Periodicite']/field[@source='mInclureDate']
10,unresolved:jour,class-field,gest.gen.Periodicite,mJour,jour,jour,jour,review-needed,,,,/classes/class[@source='gest.gen.Periodicite']/field[@source='mJour']
10,unresolved:Jour,class-field,gest.gen.Periodicite,mPreciserJour,preciserJour,preciserJour,Jour,review-needed,,,,/classes/class[@source='gest.gen.Periodicite']/field[@source='mPreciserJour']
10,unresolved:n,class-field,gest.gen.Requete,mNComplexeComparaison,nComplexeComparaison,nComplexeComparaison,n,review-needed,,,,/classes/class[@source='gest.gen.Requete']/field[@source='mNComplexeComparaison']
10,unresolved:i|Hash,class-field,gest.gen.Requete$NComplexeComparaison,iHashCritere,iHashCritere,iHashCritere,i|Hash,review-needed,,,,/classes/class[@source='gest.gen.Requete$NComplexeComparaison']/field[@source='iHashCritere']
10,unresolved:i|Type,class-field,gest.gen.Requete$NComplexeComparaison,iType,iType,iType,i|Type,review-needed,,,,/classes/class[@source='gest.gen.Requete$NComplexeComparaison']/field[@source='iType']
10,unresolved:code|Lien,class-field,gest.gen.VoieCircul,mCodeLien,codeLien,codeLien,code|Lien,review-needed,,,,/classes/class[@source='gest.gen.VoieCircul']/field[@source='mCodeLien']
10,unresolved:Date|Taux,class-field,gest.grade.Grade,mVectEmployeDateTaux,listeEmployeDateTaux,listeEmployeDateTaux,Date|Taux,review-needed,,,,/classes/class[@source='gest.grade.Grade']/field[@source='mVectEmployeDateTaux']
10,unresolved:Fond,class-field,gest.graph.Graph,mPalierFond,palierFond,palierFond,Fond,review-needed,,,,/classes/class[@source='gest.graph.Graph']/field[@source='mPalierFond']
10,unresolved:Type,class-field,gest.graph.Graph,mIDTypeGraph,idTypeGraph,idTypeGraph,Type,review-needed,,,,/classes/class[@source='gest.graph.Graph']/field[@source='mIDTypeGraph']
10,unresolved:Fond,class-field,gest.graph.GraphPalier,mInclureFond,inclureFond,inclureFond,Fond,review-needed,,,,/classes/class[@source='gest.graph.GraphPalier']/field[@source='mInclureFond']
10,unresolved:sous,class-field,gest.graph.TypeGraph,mSousRepertDefaut,sousRepertDefaut,sousRepertDefaut,sous,review-needed,,,,/classes/class[@source='gest.graph.TypeGraph']/field[@source='mSousRepertDefaut']
10,unresolved:date,class-field,gest.histo.Histo,mDate,date,date,date,review-needed,,,,/classes/class[@source='gest.histo.Histo']/field[@source='mDate']
10,unresolved:Jour,class-field,gest.horaire.HorQuart,mIdentJour,identJour,identJour,Jour,review-needed,,,,/classes/class[@source='gest.horaire.HorQuart']/field[@source='mIdentJour']
10,unresolved:A,class-field,gest.horaire.HorQuart,mIDAssigneA,idAssigneA,idAssigneA,A,review-needed,,,,/classes/class[@source='gest.horaire.HorQuart']/field[@source='mIDAssigneA']
10,unresolved:Jour,class-field,gest.horaire.Horaire,mIdentJour,identJour,identJour,Jour,review-needed,,,,/classes/class[@source='gest.horaire.Horaire']/field[@source='mIdentJour']
10,unresolved:Empl,class-field,gest.horaire.Horaire,mVectEmplReserv,listeEmplReserv,listeEmplReserv,Empl,review-needed,,,,/classes/class[@source='gest.horaire.Horaire']/field[@source='mVectEmplReserv']
10,unresolved:last,class-field,gest.horaire.Horaire,mLastEstimation,lastEstimation,lastEstimation,last,review-needed,,,,/classes/class[@source='gest.horaire.Horaire']/field[@source='mLastEstimation']
10,unresolved:jour,class-field,gest.horaire.ModeleHorQuart,mJourDebut,jourDebut,jourDebut,jour,review-needed,,,,/classes/class[@source='gest.horaire.ModeleHorQuart']/field[@source='mJourDebut']
10,unresolved:Type|Prof,class-field,gest.horaire.ModeleHorQuart,mIDTypeActiviteProf,idTypeActiviteProf,idTypeActiviteProf,Type|Prof,review-needed,,,,/classes/class[@source='gest.horaire.ModeleHorQuart']/field[@source='mIDTypeActiviteProf']
10,unresolved:date,class-field,gest.horaire.ModeleHoraire,mDatePerpetuelDebut,datePerpetuelDebut,datePerpetuelDebut,date,review-needed,,,,/classes/class[@source='gest.horaire.ModeleHoraire']/field[@source='mDatePerpetuelDebut']
10,unresolved:post,class-field,gest.horaire.ModeleHoraire,mPostSupprimer,postSupprimer,postSupprimer,post,review-needed,,,,/classes/class[@source='gest.horaire.ModeleHoraire']/field[@source='mPostSupprimer']
10,unresolved:Sens,class-field,gest.horaire.ModeleHoraire,mReservSensRonde,reservSensRonde,reservSensRonde,Sens,review-needed,,,,/classes/class[@source='gest.horaire.ModeleHoraire']/field[@source='mReservSensRonde']
10,unresolved:text,class-field,gest.horaire.ModeleHoraire,mTextCourriel,textCourriel,textCourriel,text,review-needed,,,,/classes/class[@source='gest.horaire.ModeleHoraire']/field[@source='mTextCourriel']
10,unresolved:text,class-field,gest.horaire.ModeleHoraire,mTextCourrielPaget,textCourrielPaget,textCourrielPaget,text,review-needed,,,,/classes/class[@source='gest.horaire.ModeleHoraire']/field[@source='mTextCourrielPaget']
10,unresolved:type,class-field,gest.horaire.ModeleHoraire,mTypeAttrib,typeAttrib,typeAttrib,type,review-needed,,,,/classes/class[@source='gest.horaire.ModeleHoraire']/field[@source='mTypeAttrib']
10,unresolved:type,class-field,gest.horaire.ModeleHoraire,mTypeHoraire,typeHoraire,typeHoraire,type,review-needed,,,,/classes/class[@source='gest.horaire.ModeleHoraire']/field[@source='mTypeHoraire']
10,unresolved:Post,class-field,gest.horaire.ModeleHoraire,mVectPostSupprimer,listePostSupprimer,listePostSupprimer,Post,review-needed,,,,/classes/class[@source='gest.horaire.ModeleHoraire']/field[@source='mVectPostSupprimer']
10,unresolved:Type,class-field,gest.horaire.ModeleHoraire,mVectTypeChampPerso,listeTypeChampPerso,listeTypeChampPerso,Type,review-needed,,,,/classes/class[@source='gest.horaire.ModeleHoraire']/field[@source='mVectTypeChampPerso']
10,unresolved:Logo,class-field,gest.horaire.ParamHoraire,mIDLogo,idLogo,idLogo,Logo,review-needed,,,,/classes/class[@source='gest.horaire.ParamHoraire']/field[@source='mIDLogo']
10,unresolved:date,class-field,gest.intervention.CarteAppel,mDateFichier,dateFichier,dateFichier,date,review-needed,,,,/classes/class[@source='gest.intervention.CarteAppel']/field[@source='mDateFichier']
10,auto_suggest_differs;abbr:adr|Diff;short_tokens:adr,class-field,gest.intervention.FournSAAQ,mAdrDepartDiffFourn,adrDepartDiffFourn,adresseDepartDifferenceFourn,,high,,,,/classes/class[@source='gest.intervention.FournSAAQ']/field[@source='mAdrDepartDiffFourn']
10,auto_suggest_differs;abbr:adr|Diff;short_tokens:adr,class-field,gest.intervention.FournSAAQ,mAdrFournDiffService,adrFournDiffService,adresseFournDifferenceService,,high,,,,/classes/class[@source='gest.intervention.FournSAAQ']/field[@source='mAdrFournDiffService']
10,unresolved:lieu,class-field,gest.intervention.IntervCauseIncendie,mLieuOrigine,lieuOrigine,lieuOrigine,lieu,review-needed,,,,/classes/class[@source='gest.intervention.IntervCauseIncendie']/field[@source='mLieuOrigine']
10,unresolved:Mode,class-field,gest.intervention.IntervCauseIncendie,mIDModeInflammation,idModeInflammation,idModeInflammation,Mode,review-needed,,,,/classes/class[@source='gest.intervention.IntervCauseIncendie']/field[@source='mIDModeInflammation']
10,unresolved:Prem,class-field,gest.intervention.IntervChronologie,mArriveePremVehicule,arriveePremVehicule,arriveePremVehicule,Prem,review-needed,,,,/classes/class[@source='gest.intervention.IntervChronologie']/field[@source='mArriveePremVehicule']
10,unresolved:date,class-field,gest.intervention.IntervChronologie,mDateAnnule,dateAnnule,dateAnnule,date,review-needed,,,,/classes/class[@source='gest.intervention.IntervChronologie']/field[@source='mDateAnnule']
10,unresolved:date,class-field,gest.intervention.IntervEnquete,mDateRemis,dateRemis,dateRemis,date,review-needed,,,,/classes/class[@source='gest.intervention.IntervEnquete']/field[@source='mDateRemis']
10,unresolved:A,class-field,gest.intervention.IntervEnquete,mRemisA,remisA,remisA,A,review-needed,,,,/classes/class[@source='gest.intervention.IntervEnquete']/field[@source='mRemisA']
10,unresolved:Disp,class-field,gest.intervention.IntervIntervEquipe,mHeureDispCaserne,heureDispCaserne,heureDispCaserne,Disp,review-needed,,,,/classes/class[@source='gest.intervention.IntervIntervEquipe']/field[@source='mHeureDispCaserne']
10,unresolved:Lieu,class-field,gest.intervention.IntervIntervEquipe,mHeureLieu,heureLieu,heureLieu,Lieu,review-needed,,,,/classes/class[@source='gest.intervention.IntervIntervEquipe']/field[@source='mHeureLieu']
10,unresolved:Fait,class-field,gest.intervention.IntervIntervRessource,mHeureTravailFait,heureTravailFait,heureTravailFait,Fait,review-needed,,,,/classes/class[@source='gest.intervention.IntervIntervRessource']/field[@source='mHeureTravailFait']
10,unresolved:Type,class-field,gest.intervention.IntervMateriel,mIDTypeEquipement,idTypeEquipement,idTypeEquipement,Type,review-needed,,,,/classes/class[@source='gest.intervention.IntervMateriel']/field[@source='mIDTypeEquipement']
10,unresolved:Memo,class-field,gest.intervention.IntervMemoFacturation,mVectMemoFacturation,listeMemoFacturation,listeMemoFacturation,Memo,review-needed,,,,/classes/class[@source='gest.intervention.IntervMemoFacturation']/field[@source='mVectMemoFacturation']
10,unresolved:avis|Emis,class-field,gest.intervention.IntervPrevention,mAvisEmis,avisEmis,avisEmis,avis|Emis,review-needed,,,,/classes/class[@source='gest.intervention.IntervPrevention']/field[@source='mAvisEmis']
10,unresolved:date,class-field,gest.intervention.IntervPrevention,mDateRemis,dateRemis,dateRemis,date,review-needed,,,,/classes/class[@source='gest.intervention.IntervPrevention']/field[@source='mDateRemis']
10,unresolved:type|Avis,class-field,gest.intervention.IntervPrevention,mTypeAvis,typeAvis,typeAvis,type|Avis,review-needed,,,,/classes/class[@source='gest.intervention.IntervPrevention']/field[@source='mTypeAvis']
10,unresolved:note,class-field,gest.intervention.IntervProtection,mNoteAvertFonctionne,noteAvertFonctionne,noteAvertFonctionne,note,review-needed,,,,/classes/class[@source='gest.intervention.IntervProtection']/field[@source='mNoteAvertFonctionne']
10,unresolved:note,class-field,gest.intervention.IntervProtection,mNoteExtinctionFonctionne,noteExtinctionFonctionne,noteExtinctionFonctionne,note,review-needed,,,,/classes/class[@source='gest.intervention.IntervProtection']/field[@source='mNoteExtinctionFonctionne']
10,unresolved:note|Syst,class-field,gest.intervention.IntervProtection,mNoteSystAlarmeFonctionne,noteSystAlarmeFonctionne,noteSystAlarmeFonctionne,note|Syst,review-needed,,,,/classes/class[@source='gest.intervention.IntervProtection']/field[@source='mNoteSystAlarmeFonctionne']
10,unresolved:Syst,class-field,gest.intervention.IntervProtection,mIDSystAlarmeFonctionne,idSystAlarmeFonctionne,idSystAlarmeFonctionne,Syst,review-needed,,,,/classes/class[@source='gest.intervention.IntervProtection']/field[@source='mIDSystAlarmeFonctionne']
10,unresolved:date,class-field,gest.intervention.IntervRemiseProp,mDateLibere,dateLibere,dateLibere,date,review-needed,,,,/classes/class[@source='gest.intervention.IntervRemiseProp']/field[@source='mDateLibere']
10,unresolved:A,class-field,gest.intervention.IntervRemiseProp,mRemisA,remisA,remisA,A,review-needed,,,,/classes/class[@source='gest.intervention.IntervRemiseProp']/field[@source='mRemisA']
10,unresolved:etat,class-field,gest.intervention.IntervVictimeDetail,mEtat,etat,etat,etat,review-needed,,,,/classes/class[@source='gest.intervention.IntervVictimeDetail']/field[@source='mEtat']
10,unresolved:sexe,class-field,gest.intervention.IntervVictimeDetail,mSexe,sexe,sexe,sexe,review-needed,,,,/classes/class[@source='gest.intervention.IntervVictimeDetail']/field[@source='mSexe']
10,unresolved:Etat,class-field,gest.intervention.IntervVictimeDetail,mIDEtat,idEtat,idEtat,Etat,review-needed,,,,/classes/class[@source='gest.intervention.IntervVictimeDetail']/field[@source='mIDEtat']
10,unresolved:Sexe,class-field,gest.intervention.IntervVictimeDetail,mIDSexe,idSexe,idSexe,Sexe,review-needed,,,,/classes/class[@source='gest.intervention.IntervVictimeDetail']/field[@source='mIDSexe']
10,unresolved:cout,class-field,gest.intervention.Intervention,mCoutTotal,coutTotal,coutTotal,cout,review-needed,,,,/classes/class[@source='gest.intervention.Intervention']/field[@source='mCoutTotal']
10,unresolved:Jour,class-field,gest.intervention.Intervention,mIdentJour,identJour,identJour,Jour,review-needed,,,,/classes/class[@source='gest.intervention.Intervention']/field[@source='mIdentJour']
10,unresolved:Memo,class-field,gest.intervention.Intervention,mIntervMemoFacturation,interventionMemoFacturation,interventionMemoFacturation,Memo,review-needed,,,,/classes/class[@source='gest.intervention.Intervention']/field[@source='mIntervMemoFacturation']
10,unresolved:lieu,class-field,gest.intervention.Intervention,mLieu,lieu,lieu,lieu,review-needed,,,,/classes/class[@source='gest.intervention.Intervention']/field[@source='mLieu']
10,unresolved:lieu,class-field,gest.intervention.Intervention,mLieuArrond,lieuArrond,lieuArrond,lieu,review-needed,,,,/classes/class[@source='gest.intervention.Intervention']/field[@source='mLieuArrond']
10,unresolved:lieu|Code|Post,class-field,gest.intervention.Intervention,mLieuCodePost,lieuCodePost,lieuCodePost,lieu|Code|Post,review-needed,,,,/classes/class[@source='gest.intervention.Intervention']/field[@source='mLieuCodePost']
10,unresolved:lieu,class-field,gest.intervention.Intervention,mLieuSecteur,lieuSecteur,lieuSecteur,lieu,review-needed,,,,/classes/class[@source='gest.intervention.Intervention']/field[@source='mLieuSecteur']
10,unresolved:type,class-field,gest.intervention.Intervention,mTypeEvenement,typeEvenement,typeEvenement,type,review-needed,,,,/classes/class[@source='gest.intervention.Intervention']/field[@source='mTypeEvenement']
10,unresolved:Etat,class-field,gest.intervention.Intervention,mVectTabsStates,listeEtatOnglet,listeEtatOnglet,Etat,review-needed,,,,/classes/class[@source='gest.intervention.Intervention']/field[@source='mVectTabsStates']
10,unresolved:A,class-field,gest.intervention.Intervention,mIDAssigneA,idAssigneA,idAssigneA,A,review-needed,,,,/classes/class[@source='gest.intervention.Intervention']/field[@source='mIDAssigneA']
10,unresolved:Code,class-field,gest.intervention.Intervention,mIDCodeAppel,idCodeAppel,idCodeAppel,Code,review-needed,,,,/classes/class[@source='gest.intervention.Intervention']/field[@source='mIDCodeAppel']
10,unresolved:Code,class-field,gest.intervention.Intervention,mIDCodeAppelInitial,idCodeAppelInitial,idCodeAppelInitial,Code,review-needed,,,,/classes/class[@source='gest.intervention.Intervention']/field[@source='mIDCodeAppelInitial']
10,unresolved:code,class-field,gest.intervention.MemoFactDetail,mCodeProduit,codeProduit,codeProduit,code,review-needed,,,,/classes/class[@source='gest.intervention.MemoFactDetail']/field[@source='mCodeProduit']
10,unresolved:prix,class-field,gest.intervention.MemoFactDetail,mPrixUnitaire,prixUnitaire,prixUnitaire,prix,review-needed,,,,/classes/class[@source='gest.intervention.MemoFactDetail']/field[@source='mPrixUnitaire']
10,unresolved:dern,class-field,gest.intervention.MemoFacturation,mDernExport,dernExport,dernExport,dern,review-needed,,,,/classes/class[@source='gest.intervention.MemoFacturation']/field[@source='mDernExport']
10,unresolved:Date,class-field,gest.intervention.MemoFacturation,mFactureDate,factureDate,factureDate,Date,review-needed,,,,/classes/class[@source='gest.intervention.MemoFacturation']/field[@source='mFactureDate']
10,unresolved:serv|Date,class-field,gest.intervention.MemoFacturation,mServDateDebut,servDateDebut,servDateDebut,serv|Date,review-needed,,,,/classes/class[@source='gest.intervention.MemoFacturation']/field[@source='mServDateDebut']
10,unresolved:Memo|Fact,class-field,gest.intervention.MemoFacturation,mVectMemoFactDetail,listeMemoFactDetail,listeMemoFactDetail,Memo|Fact,review-needed,,,,/classes/class[@source='gest.intervention.MemoFacturation']/field[@source='mVectMemoFactDetail']
10,unresolved:code,class-field,gest.intervention.ParamCarteAppel,mCodeService,codeService,codeService,code,review-needed,,,,/classes/class[@source='gest.intervention.ParamCarteAppel']/field[@source='mCodeService']
10,unresolved:role,class-field,gest.intervention.RapportOfficier,mRole,role,role,role,review-needed,,,,/classes/class[@source='gest.intervention.RapportOfficier']/field[@source='mRole']
10,unresolved:A,class-field,gest.intervention.SuiviIntervention,mAspectAClarifier,aspectAClarifier,aspectAClarifier,A,review-needed,,,,/classes/class[@source='gest.intervention.SuiviIntervention']/field[@source='mAspectAClarifier']
10,unresolved:Fort,class-field,gest.intervention.SuiviIntervention,mPointFort,pointFort,pointFort,Fort,review-needed,,,,/classes/class[@source='gest.intervention.SuiviIntervention']/field[@source='mPointFort']
10,unresolved:Fact,class-field,gest.licence.Licence,mAdresseFact,adresseFact,adresseFact,Fact,review-needed,,,,/classes/class[@source='gest.licence.Licence']/field[@source='mAdresseFact']
10,unresolved:type,class-field,gest.licence.Licence,mTypeLicence,typeLicence,typeLicence,type,review-needed,,,,/classes/class[@source='gest.licence.Licence']/field[@source='mTypeLicence']
10,unresolved:Pour|A,class-field,gest.listePerso.FormatDonnee,mClassePourPasserAJasper,classePourPasserAJasper,classePourPasserAJasper,Pour|A,review-needed,,,,/classes/class[@source='gest.listePerso.FormatDonnee']/field[@source='mClassePourPasserAJasper']
10,unresolved:mode,class-field,gest.listePerso.ListePerso,mModeRapport,modeRapport,modeRapport,mode,review-needed,,,,/classes/class[@source='gest.listePerso.ListePerso']/field[@source='mModeRapport']
10,unresolved:N,class-field,gest.listePerso.ListePerso,mVectNGroupe,listeNGroupe,listeNGroupe,N,review-needed,,,,/classes/class[@source='gest.listePerso.ListePerso']/field[@source='mVectNGroupe']
10,unresolved:i,class-field,gest.listePerso.ListePerso$NCol,iCalculerSommaire,iCalculerSommaire,iCalculerSommaire,i,review-needed,,,,/classes/class[@source='gest.listePerso.ListePerso$NCol']/field[@source='iCalculerSommaire']
10,unresolved:i,class-field,gest.listePerso.ListePerso$NCol,iFormat,iFormat,iFormat,i,review-needed,,,,/classes/class[@source='gest.listePerso.ListePerso$NCol']/field[@source='iFormat']
10,unresolved:i,class-field,gest.listePerso.ListePerso$NCol,iFormatDonnee,iFormatDonnee,iFormatDonnee,i,review-needed,,,,/classes/class[@source='gest.listePerso.ListePerso$NCol']/field[@source='iFormatDonnee']
10,unresolved:i,class-field,gest.listePerso.ListePerso$NCol,iLargeur,iLargeur,iLargeur,i,review-needed,,,,/classes/class[@source='gest.listePerso.ListePerso$NCol']/field[@source='iLargeur']
10,unresolved:i,class-field,gest.listePerso.ListePerso$NCol,iMoyenneGlobal,iMoyenneGlobal,iMoyenneGlobal,i,review-needed,,,,/classes/class[@source='gest.listePerso.ListePerso$NCol']/field[@source='iMoyenneGlobal']
10,unresolved:i,class-field,gest.listePerso.ListePerso$NCol,iMoyenneGroupe,iMoyenneGroupe,iMoyenneGroupe,i,review-needed,,,,/classes/class[@source='gest.listePerso.ListePerso$NCol']/field[@source='iMoyenneGroupe']
10,unresolved:i,class-field,gest.listePerso.ListePerso$NCol,iTotalGlobal,iTotalGlobal,iTotalGlobal,i,review-needed,,,,/classes/class[@source='gest.listePerso.ListePerso$NCol']/field[@source='iTotalGlobal']
10,unresolved:i,class-field,gest.listePerso.ListePerso$NCol,iTotalGroupe,iTotalGroupe,iTotalGroupe,i,review-needed,,,,/classes/class[@source='gest.listePerso.ListePerso$NCol']/field[@source='iTotalGroupe']
10,unresolved:i,class-field,gest.listePerso.ListePerso$NGroupe,iInclureDonnees,iInclureDonnees,iInclureDonnees,i,review-needed,,,,/classes/class[@source='gest.listePerso.ListePerso$NGroupe']/field[@source='iInclureDonnees']
10,unresolved:i,class-field,gest.listePerso.ListePerso$NGroupe,iProvenanceValeursPossibles,iProvenanceValeursPossibles,iProvenanceValeursPossibles,i,review-needed,,,,/classes/class[@source='gest.listePerso.ListePerso$NGroupe']/field[@source='iProvenanceValeursPossibles']
10,unresolved:i,class-field,gest.listePerso.ListePerso$NGroupe,iSommaire,iSommaire,iSommaire,i,review-needed,,,,/classes/class[@source='gest.listePerso.ListePerso$NGroupe']/field[@source='iSommaire']
10,unresolved:i|Vect,class-field,gest.listePerso.ListePerso$NGroupe,iVectValeursSpecifiques,iVectValeursSpecifiques,iVectValeursSpecifiques,i|Vect,review-needed,,,,/classes/class[@source='gest.listePerso.ListePerso$NGroupe']/field[@source='iVectValeursSpecifiques']
10,unresolved:etat,class-field,gest.maintEquip.EtatEquipement,mEtatSysteme,etatSysteme,etatSysteme,etat,review-needed,,,,/classes/class[@source='gest.maintEquip.EtatEquipement']/field[@source='mEtatSysteme']
10,unresolved:Jour,class-field,gest.maintEquip.MaintEquip,mIdentJour,identJour,identJour,Jour,review-needed,,,,/classes/class[@source='gest.maintEquip.MaintEquip']/field[@source='mIdentJour']
10,unresolved:init,class-field,gest.maintEquip.MaintEquip,mInitEquipement,initEquipement,initEquipement,init,review-needed,,,,/classes/class[@source='gest.maintEquip.MaintEquip']/field[@source='mInitEquipement']
10,unresolved:A,class-field,gest.maintEquip.MaintEquip,mIDAssigneA,idAssigneA,idAssigneA,A,review-needed,,,,/classes/class[@source='gest.maintEquip.MaintEquip']/field[@source='mIDAssigneA']
10,unresolved:Type,class-field,gest.maintEquip.MaintEquip,mIDTypeEquipementMaint,idTypeEquipementMaint,idTypeEquipementMaint,Type,review-needed,,,,/classes/class[@source='gest.maintEquip.MaintEquip']/field[@source='mIDTypeEquipementMaint']
10,unresolved:Type,class-field,gest.maintEquip.MaintEquip,mIDTypeMaint,idTypeMaint,idTypeMaint,Type,review-needed,,,,/classes/class[@source='gest.maintEquip.MaintEquip']/field[@source='mIDTypeMaint']
10,unresolved:Depl,class-field,gest.maintEquip.MaintEquipHisto,mActionDeplConsom,actionDeplConsom,actionDeplConsom,Depl,review-needed,,,,/classes/class[@source='gest.maintEquip.MaintEquipHisto']/field[@source='mActionDeplConsom']
10,unresolved:cout,class-field,gest.maintEquip.MaintEquipHisto,mCoutMaint,coutMaint,coutMaint,cout,review-needed,,,,/classes/class[@source='gest.maintEquip.MaintEquipHisto']/field[@source='mCoutMaint']
10,unresolved:date|Oper,class-field,gest.maintEquip.MaintEquipHisto,mDateOper,dateOper,dateOper,date|Oper,review-needed,,,,/classes/class[@source='gest.maintEquip.MaintEquipHisto']/field[@source='mDateOper']
10,unresolved:date,class-field,gest.maintEquip.MaintEquipHisto,mDateRetourPrevu,dateRetourPrevu,dateRetourPrevu,date,review-needed,,,,/classes/class[@source='gest.maintEquip.MaintEquipHisto']/field[@source='mDateRetourPrevu']
10,unresolved:dern,class-field,gest.maintEquip.MaintEquipHisto,mDernEffectue,dernEffectue,dernEffectue,dern,review-needed,,,,/classes/class[@source='gest.maintEquip.MaintEquipHisto']/field[@source='mDernEffectue']
10,unresolved:etat,class-field,gest.maintEquip.MaintEquipHisto,mEtat,etat,etat,etat,review-needed,,,,/classes/class[@source='gest.maintEquip.MaintEquipHisto']/field[@source='mEtat']
10,unresolved:N,class-field,gest.maintEquip.MaintEquipHisto,mVectNDeplaceConsom,listeNDeplaceConsom,listeNDeplaceConsom,N,review-needed,,,,/classes/class[@source='gest.maintEquip.MaintEquipHisto']/field[@source='mVectNDeplaceConsom']
10,unresolved:Serv,class-field,gest.maintEquip.MaintEquipHisto,mIDCentreServ,idCentreServ,idCentreServ,Serv,review-needed,,,,/classes/class[@source='gest.maintEquip.MaintEquipHisto']/field[@source='mIDCentreServ']
10,unresolved:type,class-field,gest.maintenance.Maintenance,mTypeEquip,typeEquip,typeEquip,type,review-needed,,,,/classes/class[@source='gest.maintenance.Maintenance']/field[@source='mTypeEquip']
10,unresolved:Dans,class-field,gest.maintenance.TypeMaint,mEmpecherEquipementDansAutreMaintEquip,empecherEquipementDansAutreMaintEquip,empecherEquipementDansAutreMaintEquip,Dans,review-needed,,,,/classes/class[@source='gest.maintenance.TypeMaint']/field[@source='mEmpecherEquipementDansAutreMaintEquip']
10,unresolved:form|Elec,class-field,gest.maintenance.TypeMaint,mFormElec,formElec,formElec,form|Elec,review-needed,,,,/classes/class[@source='gest.maintenance.TypeMaint']/field[@source='mFormElec']
10,unresolved:Pour,class-field,gest.maintenance.TypeMaint,mPermisPourAssemblage,permisPourAssemblage,permisPourAssemblage,Pour,review-needed,,,,/classes/class[@source='gest.maintenance.TypeMaint']/field[@source='mPermisPourAssemblage']
10,unresolved:Pour,class-field,gest.maintenance.TypeMaint,mPermisPourCaserne,permisPourCaserne,permisPourCaserne,Pour,review-needed,,,,/classes/class[@source='gest.maintenance.TypeMaint']/field[@source='mPermisPourCaserne']
10,unresolved:Pour,class-field,gest.maintenance.TypeMaint,mPermisPourConsommable,permisPourConsommable,permisPourConsommable,Pour,review-needed,,,,/classes/class[@source='gest.maintenance.TypeMaint']/field[@source='mPermisPourConsommable']
10,unresolved:Pour,class-field,gest.maintenance.TypeMaint,mPermisPourEmploye,permisPourEmploye,permisPourEmploye,Pour,review-needed,,,,/classes/class[@source='gest.maintenance.TypeMaint']/field[@source='mPermisPourEmploye']
10,unresolved:Pour,class-field,gest.maintenance.TypeMaint,mPermisPourEquip,permisPourEquip,permisPourEquip,Pour,review-needed,,,,/classes/class[@source='gest.maintenance.TypeMaint']/field[@source='mPermisPourEquip']
10,unresolved:Pour,class-field,gest.maintenance.TypeMaint,mPermisPourGroupeEquip,permisPourGroupeEquip,permisPourGroupeEquip,Pour,review-needed,,,,/classes/class[@source='gest.maintenance.TypeMaint']/field[@source='mPermisPourGroupeEquip']
10,unresolved:Pour|Type,class-field,gest.maintenance.TypeMaint,mPermisPourTypeEquip,permisPourTypeEquip,permisPourTypeEquip,Pour|Type,review-needed,,,,/classes/class[@source='gest.maintenance.TypeMaint']/field[@source='mPermisPourTypeEquip']
10,unresolved:Pour,class-field,gest.maintenance.TypeMaint,mPermisPourVehicule,permisPourVehicule,permisPourVehicule,Pour,review-needed,,,,/classes/class[@source='gest.maintenance.TypeMaint']/field[@source='mPermisPourVehicule']
10,unresolved:Form|Elec,class-field,gest.maintenance.TypeMaint,mUtiliseFormElec,utiliseFormElec,utiliseFormElec,Form|Elec,review-needed,,,,/classes/class[@source='gest.maintenance.TypeMaint']/field[@source='mUtiliseFormElec']
10,unresolved:Type,class-field,gest.maintenance.TypeMaint,mVectTypeChampPerso,listeTypeChampPerso,listeTypeChampPerso,Type,review-needed,,,,/classes/class[@source='gest.maintenance.TypeMaint']/field[@source='mVectTypeChampPerso']
10,unresolved:dern|Sync,class-field,gest.mobile.Mobile,mDernSync,dernSync,dernSync,dern|Sync,review-needed,,,,/classes/class[@source='gest.mobile.Mobile']/field[@source='mDernSync']
10,unresolved:jour|Mois,class-field,gest.plageHoraire.PlageHoraire,mJourMois,jourMois,jourMois,jour|Mois,review-needed,,,,/classes/class[@source='gest.plageHoraire.PlageHoraire']/field[@source='mJourMois']
10,unresolved:mois,class-field,gest.plageHoraire.PlageHoraire,mMois,mois,mois,mois,review-needed,,,,/classes/class[@source='gest.plageHoraire.PlageHoraire']/field[@source='mMois']
10,unresolved:expo,class-field,gest.planInterv.BatDebitNecessaire,mExpo,expo,expo,expo,review-needed,,,,/classes/class[@source='gest.planInterv.BatDebitNecessaire']/field[@source='mExpo']
10,unresolved:expo|Dist,class-field,gest.planInterv.BatDebitNecessaire,mExpoDist,expoDist,expoDist,expo|Dist,review-needed,,,,/classes/class[@source='gest.planInterv.BatDebitNecessaire']/field[@source='mExpoDist']
10,unresolved:haut,class-field,gest.planInterv.BatDebitNecessaire,mHaut,haut,haut,haut,review-needed,,,,/classes/class[@source='gest.planInterv.BatDebitNecessaire']/field[@source='mHaut']
10,unresolved:larg,class-field,gest.planInterv.BatDebitNecessaire,mLarg,larg,larg,larg,review-needed,,,,/classes/class[@source='gest.planInterv.BatDebitNecessaire']/field[@source='mLarg']
10,unresolved:lieu,class-field,gest.planInterv.BatDebitNecessaire,mLieu,lieu,lieu,lieu,review-needed,,,,/classes/class[@source='gest.planInterv.BatDebitNecessaire']/field[@source='mLieu']
10,unresolved:long,class-field,gest.planInterv.BatDebitNecessaire,mLong,long,long,long,review-needed,,,,/classes/class[@source='gest.planInterv.BatDebitNecessaire']/field[@source='mLong']
10,unresolved:type,class-field,gest.planInterv.BatDebitNecessaire,mTypeConst,typeConst,typeConst,type,review-needed,,,,/classes/class[@source='gest.planInterv.BatDebitNecessaire']/field[@source='mTypeConst']
10,unresolved:Etat,class-field,gest.planInterv.ConfigSectionEtatInitialPourPlan,mVectEtatSections,listeEtatSections,listeEtatSections,Etat,review-needed,,,,/classes/class[@source='gest.planInterv.ConfigSectionEtatInitialPourPlan']/field[@source='mVectEtatSections']
10,unresolved:etat,class-field,gest.planInterv.EtatSection,mEtatInitial,etatInitial,etatInitial,etat,review-needed,,,,/classes/class[@source='gest.planInterv.EtatSection']/field[@source='mEtatInitial']
10,unresolved:empl|Ferm,class-field,gest.planInterv.InfoServPub,mEmplFerm,emplFerm,emplFerm,empl|Ferm,review-needed,,,,/classes/class[@source='gest.planInterv.InfoServPub']/field[@source='mEmplFerm']
10,unresolved:Toit,class-field,gest.planInterv.PlanAcces,mEchelleToit,echelleToit,echelleToit,Toit,review-needed,,,,/classes/class[@source='gest.planInterv.PlanAcces']/field[@source='mEchelleToit']
10,unresolved:toit,class-field,gest.planInterv.PlanAcces,mToit,toit,toit,toit,review-needed,,,,/classes/class[@source='gest.planInterv.PlanAcces']/field[@source='mToit']
10,unresolved:Plan,class-field,gest.planInterv.PlanAdresseContact,mVectPlanContact,listePlanContact,listePlanContact,Plan,review-needed,,,,/classes/class[@source='gest.planInterv.PlanAdresseContact']/field[@source='mVectPlanContact']
10,unresolved:empl,class-field,gest.planInterv.PlanAlarme,mEmplPanneau,emplPanneau,emplPanneau,empl,review-needed,,,,/classes/class[@source='gest.planInterv.PlanAlarme']/field[@source='mEmplPanneau']
10,unresolved:empl,class-field,gest.planInterv.PlanAlarme,mEmplRepart,emplRepart,emplRepart,empl,review-needed,,,,/classes/class[@source='gest.planInterv.PlanAlarme']/field[@source='mEmplRepart']
10,unresolved:type,class-field,gest.planInterv.PlanAlarme,mType,type,type,type,review-needed,,,,/classes/class[@source='gest.planInterv.PlanAlarme']/field[@source='mType']
10,unresolved:Unit,class-field,gest.planInterv.PlanAlimEau,mArrayDebitsUnit,arrayDebitsUnit,arrayDebitsUnit,Unit,review-needed,,,,/classes/class[@source='gest.planInterv.PlanAlimEau']/field[@source='mArrayDebitsUnit']
10,unresolved:scen,class-field,gest.planInterv.PlanAlimEau,mScenPourcOptimiste,scenPourcOptimiste,scenPourcOptimiste,scen,review-needed,,,,/classes/class[@source='gest.planInterv.PlanAlimEau']/field[@source='mScenPourcOptimiste']
10,unresolved:scen,class-field,gest.planInterv.PlanAlimEau,mScenPourcPessimiste,scenPourcPessimiste,scenPourcPessimiste,scen,review-needed,,,,/classes/class[@source='gest.planInterv.PlanAlimEau']/field[@source='mScenPourcPessimiste']
10,unresolved:Alim,class-field,gest.planInterv.PlanAlimEau,mVectAlimPompe,listeAlimPompe,listeAlimPompe,Alim,review-needed,,,,/classes/class[@source='gest.planInterv.PlanAlimEau']/field[@source='mVectAlimPompe']
10,unresolved:Alim,class-field,gest.planInterv.PlanAlimEau,mVectAlimPrinc,listeAlimPrinc,listeAlimPrinc,Alim,review-needed,,,,/classes/class[@source='gest.planInterv.PlanAlimEau']/field[@source='mVectAlimPrinc']
10,unresolved:Alim,class-field,gest.planInterv.PlanAlimEau,mVectAlimSecours,listeAlimSecours,listeAlimSecours,Alim,review-needed,,,,/classes/class[@source='gest.planInterv.PlanAlimEau']/field[@source='mVectAlimSecours']
10,unresolved:type,class-field,gest.planInterv.AlimEauPrive,mType,type,type,type,review-needed,,,,/classes/class[@source='gest.planInterv.AlimEauPrive']/field[@source='mType']
10,unresolved:type,class-field,gest.planInterv.AlimPompe,mType,type,type,type,review-needed,,,,/classes/class[@source='gest.planInterv.AlimPompe']/field[@source='mType']
10,unresolved:Empl,class-field,gest.planInterv.PlanConst,mEscalEmpl,escalEmpl,escalEmpl,Empl,review-needed,,,,/classes/class[@source='gest.planInterv.PlanConst']/field[@source='mEscalEmpl']
10,unresolved:Haut,class-field,gest.planInterv.PlanConst,mEtageHautPartielle,etageHautPartielle,etageHautPartielle,Haut,review-needed,,,,/classes/class[@source='gest.planInterv.PlanConst']/field[@source='mEtageHautPartielle']
10,unresolved:mode,class-field,gest.planInterv.PlanConst,mModeServiceIncendie,modeServiceIncendie,modeServiceIncendie,mode,review-needed,,,,/classes/class[@source='gest.planInterv.PlanConst']/field[@source='mModeServiceIncendie']
10,unresolved:Toit,class-field,gest.planInterv.PlanConst,mPlancherFermeToit,plancherFermeToit,plancherFermeToit,Toit,review-needed,,,,/classes/class[@source='gest.planInterv.PlanConst']/field[@source='mPlancherFermeToit']
10,unresolved:Empl,class-field,gest.planInterv.PlanConst,mSeparEmpl,separEmpl,separEmpl,Empl,review-needed,,,,/classes/class[@source='gest.planInterv.PlanConst']/field[@source='mSeparEmpl']
10,unresolved:toit,class-field,gest.planInterv.PlanConst,mToitConstruction,toitConstruction,toitConstruction,toit,review-needed,,,,/classes/class[@source='gest.planInterv.PlanConst']/field[@source='mToitConstruction']
10,unresolved:toit,class-field,gest.planInterv.PlanConst,mToitCouverture,toitCouverture,toitCouverture,toit,review-needed,,,,/classes/class[@source='gest.planInterv.PlanConst']/field[@source='mToitCouverture']
10,unresolved:toit|Toit,class-field,gest.planInterv.PlanConst,mToitFermeToit,toitFermeToit,toitFermeToit,toit|Toit,review-needed,,,,/classes/class[@source='gest.planInterv.PlanConst']/field[@source='mToitFermeToit']
10,unresolved:Vide,class-field,gest.planInterv.PlanConst,mVectConstVide,listeConstVide,listeConstVide,Vide,review-needed,,,,/classes/class[@source='gest.planInterv.PlanConst']/field[@source='mVectConstVide']
10,unresolved:vide,class-field,gest.planInterv.PlanConst,mVidePrecision,videPrecision,videPrecision,vide,review-needed,,,,/classes/class[@source='gest.planInterv.PlanConst']/field[@source='mVidePrecision']
10,unresolved:type,class-field,gest.planInterv.ConstVide,mType,type,type,type,review-needed,,,,/classes/class[@source='gest.planInterv.ConstVide']/field[@source='mType']
10,unresolved:cell,class-field,gest.planInterv.PlanContact,mCell,cell,cell,cell,review-needed,,,,/classes/class[@source='gest.planInterv.PlanContact']/field[@source='mCell']
10,unresolved:Disp,class-field,gest.planInterv.PlanContact,mToujoursDisp,toujoursDisp,toujoursDisp,Disp,review-needed,,,,/classes/class[@source='gest.planInterv.PlanContact']/field[@source='mToujoursDisp']
10,unresolved:Ress,class-field,gest.planInterv.PlanContact,mIDPersonneRess,idPersonneRess,idPersonneRess,Ress,review-needed,,,,/classes/class[@source='gest.planInterv.PlanContact']/field[@source='mIDPersonneRess']
10,unresolved:empl,class-field,gest.planInterv.PlanExposition,mEmplAngleEleve,emplAngleEleve,emplAngleEleve,empl,review-needed,,,,/classes/class[@source='gest.planInterv.PlanExposition']/field[@source='mEmplAngleEleve']
10,auto_suggest_differs;abbr:nbr|Pers;short_tokens:nbr,class-field,gest.planInterv.PlanHreExploit,mNbrPers,nbrPers,nombrePersonne,,high,,,,/classes/class[@source='gest.planInterv.PlanHreExploit']/field[@source='mNbrPers']
10,unresolved:Disp,class-field,gest.planInterv.PlanHreExploit,mToujoursDisp,toujoursDisp,toujoursDisp,Disp,review-needed,,,,/classes/class[@source='gest.planInterv.PlanHreExploit']/field[@source='mToujoursDisp']
10,unresolved:type,class-field,gest.planInterv.PlanHreExploit,mTypeOccup,typeOccup,typeOccup,type,review-needed,,,,/classes/class[@source='gest.planInterv.PlanHreExploit']/field[@source='mTypeOccup']
10,unresolved:Plan,class-field,gest.planInterv.PlanInterv,mMergePlanImplantation,mergePlanImplantation,mergePlanImplantation,Plan,review-needed,,,,/classes/class[@source='gest.planInterv.PlanInterv']/field[@source='mMergePlanImplantation']
10,unresolved:Fich,class-field,gest.planInterv.PlanInterv,mPhotoFich,photoFich,photoFich,Fich,review-needed,,,,/classes/class[@source='gest.planInterv.PlanInterv']/field[@source='mPhotoFich']
10,unresolved:plan,class-field,gest.planInterv.PlanInterv,mPlanAcces,planAcces,planAcces,plan,review-needed,,,,/classes/class[@source='gest.planInterv.PlanInterv']/field[@source='mPlanAcces']
10,unresolved:plan,class-field,gest.planInterv.PlanInterv,mPlanAdresseContact,planAdresseContact,planAdresseContact,plan,review-needed,,,,/classes/class[@source='gest.planInterv.PlanInterv']/field[@source='mPlanAdresseContact']
10,unresolved:plan,class-field,gest.planInterv.PlanInterv,mPlanAlarme,planAlarme,planAlarme,plan,review-needed,,,,/classes/class[@source='gest.planInterv.PlanInterv']/field[@source='mPlanAlarme']
10,unresolved:plan,class-field,gest.planInterv.PlanInterv,mPlanConst,planConst,planConst,plan,review-needed,,,,/classes/class[@source='gest.planInterv.PlanInterv']/field[@source='mPlanConst']
10,unresolved:plan,class-field,gest.planInterv.PlanInterv,mPlanCroquis,planCroquis,planCroquis,plan,review-needed,,,,/classes/class[@source='gest.planInterv.PlanInterv']/field[@source='mPlanCroquis']
10,unresolved:plan,class-field,gest.planInterv.PlanInterv,mPlanExposition,planExposition,planExposition,plan,review-needed,,,,/classes/class[@source='gest.planInterv.PlanInterv']/field[@source='mPlanExposition']
10,unresolved:plan,class-field,gest.planInterv.PlanInterv,mPlanProtection,planProtection,planProtection,plan,review-needed,,,,/classes/class[@source='gest.planInterv.PlanInterv']/field[@source='mPlanProtection']
10,unresolved:plan,class-field,gest.planInterv.PlanInterv,mPlanRepartiteur,planRepartiteur,planRepartiteur,plan,review-needed,,,,/classes/class[@source='gest.planInterv.PlanInterv']/field[@source='mPlanRepartiteur']
10,unresolved:plan,class-field,gest.planInterv.PlanInterv,mPlanRisque,planRisque,planRisque,plan,review-needed,,,,/classes/class[@source='gest.planInterv.PlanInterv']/field[@source='mPlanRisque']
10,unresolved:plan,class-field,gest.planInterv.PlanInterv,mPlanSecurite,planSecurite,planSecurite,plan,review-needed,,,,/classes/class[@source='gest.planInterv.PlanInterv']/field[@source='mPlanSecurite']
10,unresolved:Tabs,class-field,gest.planInterv.PlanInterv,mVectTabsStates,listeTabsStates,listeTabsStates,Tabs,review-needed,,,,/classes/class[@source='gest.planInterv.PlanInterv']/field[@source='mVectTabsStates']
10,unresolved:A,class-field,gest.planInterv.PlanInterv,mIDAssigneA,idAssigneA,idAssigneA,A,review-needed,,,,/classes/class[@source='gest.planInterv.PlanInterv']/field[@source='mIDAssigneA']
10,unresolved:Plan,class-field,gest.planInterv.PlanInterv,mIDPlanImplantation,idPlanImplantation,idPlanImplantation,Plan,review-needed,,,,/classes/class[@source='gest.planInterv.PlanInterv']/field[@source='mIDPlanImplantation']
10,unresolved:Prot|Spec,class-field,gest.planInterv.PlanProtection,mVectProtSpec,listeProtSpec,listeProtSpec,Prot|Spec,review-needed,,,,/classes/class[@source='gest.planInterv.PlanProtection']/field[@source='mVectProtSpec']
10,unresolved:plan|Couv|Syst,class-field,gest.planInterv.Gicleur,mPlanCouvSystVanne,planCouvSystVanne,planCouvSystVanne,plan|Couv|Syst,review-needed,,,,/classes/class[@source='gest.planInterv.Gicleur']/field[@source='mPlanCouvSystVanne']
10,unresolved:Sect,class-field,gest.planInterv.Gicleur,mVanneSectEmpl,vanneSectEmplacement,vanneSectEmplacement,Sect,review-needed,,,,/classes/class[@source='gest.planInterv.Gicleur']/field[@source='mVanneSectEmpl']
10,unresolved:lieu,class-field,gest.planInterv.Gicleur,mLieuInteret,lieuInteret,lieuInteret,lieu,review-needed,,,,/classes/class[@source='gest.planInterv.Gicleur']/field[@source='mLieuInteret']
10,unresolved:zone,class-field,gest.planInterv.Gicleur,mZoneProt,zoneProtegee,zoneProtegee,zone,review-needed,,,,/classes/class[@source='gest.planInterv.Gicleur']/field[@source='mZoneProt']
10,unresolved:Cage,class-field,gest.planInterv.ColonneMontante,mIDRaccordCageEscalier,idRaccordCageEscalier,idRaccordCageEscalier,Cage,review-needed,,,,/classes/class[@source='gest.planInterv.ColonneMontante']/field[@source='mIDRaccordCageEscalier']
10,unresolved:cage,class-field,gest.planInterv.ColonneMontante,mCageEscalier,cageEscalier,cageEscalier,cage,review-needed,,,,/classes/class[@source='gest.planInterv.ColonneMontante']/field[@source='mCageEscalier']
10,unresolved:empl,class-field,gest.planInterv.ColonneMontante,mEmpl,empl,empl,empl,review-needed,,,,/classes/class[@source='gest.planInterv.ColonneMontante']/field[@source='mEmpl']
10,unresolved:empl,class-field,gest.planInterv.ColonneMontante,mEmplAutre,emplAutre,emplAutre,empl,review-needed,,,,/classes/class[@source='gest.planInterv.ColonneMontante']/field[@source='mEmplAutre']
10,unresolved:type,class-field,gest.planInterv.ColonneMontante,mType,type,type,type,review-needed,,,,/classes/class[@source='gest.planInterv.ColonneMontante']/field[@source='mType']
10,unresolved:zone|Prot,class-field,gest.planInterv.ColonneMontante,mZoneProt,zoneProt,zoneProt,zone|Prot,review-needed,,,,/classes/class[@source='gest.planInterv.ColonneMontante']/field[@source='mZoneProt']
10,unresolved:type,class-field,gest.planInterv.ProtSpec,mType,type,type,type,review-needed,,,,/classes/class[@source='gest.planInterv.ProtSpec']/field[@source='mType']
10,unresolved:zone,class-field,gest.planInterv.ProtSpec,mZoneProt,zoneProtegee,zoneProtegee,zone,review-needed,,,,/classes/class[@source='gest.planInterv.ProtSpec']/field[@source='mZoneProt']
10,unresolved:lieu,class-field,gest.planInterv.PlanRepartiteur,mLieuInteret,lieuInteret,lieuInteret,lieu,review-needed,,,,/classes/class[@source='gest.planInterv.PlanRepartiteur']/field[@source='mLieuInteret']
10,unresolved:dang|Empl,class-field,gest.planInterv.PlanRisque,mDangEmpl,dangEmpl,dangEmpl,dang|Empl,review-needed,,,,/classes/class[@source='gest.planInterv.PlanRisque']/field[@source='mDangEmpl']
10,unresolved:dang|Empl,class-field,gest.planInterv.PlanRisque,mDangEmplInvent,dangEmplInvent,dangEmplInvent,dang|Empl,review-needed,,,,/classes/class[@source='gest.planInterv.PlanRisque']/field[@source='mDangEmplInvent']
10,unresolved:dang,class-field,gest.planInterv.PlanRisque,mDangInvent,dangInvent,dangInvent,dang,review-needed,,,,/classes/class[@source='gest.planInterv.PlanRisque']/field[@source='mDangInvent']
10,unresolved:Empl,class-field,gest.planInterv.PlanRisque,mRadioEmpl,radioEmpl,radioEmpl,Empl,review-needed,,,,/classes/class[@source='gest.planInterv.PlanRisque']/field[@source='mRadioEmpl']
10,unresolved:reag|Empl,class-field,gest.planInterv.PlanRisque,mReagEmpl,reagEmpl,reagEmpl,reag|Empl,review-needed,,,,/classes/class[@source='gest.planInterv.PlanRisque']/field[@source='mReagEmpl']
10,unresolved:reag|Type,class-field,gest.planInterv.PlanRisque,mReagType,reagType,reagType,reag|Type,review-needed,,,,/classes/class[@source='gest.planInterv.PlanRisque']/field[@source='mReagType']
10,unresolved:plan,class-field,gest.planInterv.PlanSecurite,mPlanSecurite,planSecurite,planSecurite,plan,review-needed,,,,/classes/class[@source='gest.planInterv.PlanSecurite']/field[@source='mPlanSecurite']
10,unresolved:ress|Spec,class-field,gest.planInterv.PlanServPub,mRessSpec,ressSpec,ressSpec,ress|Spec,review-needed,,,,/classes/class[@source='gest.planInterv.PlanServPub']/field[@source='mRessSpec']
10,unresolved:Util,class-field,gest.preference.Preference,mIDUtilGroupe,idUtilGroupe,idUtilGroupe,Util,review-needed,,,,/classes/class[@source='gest.preference.Preference']/field[@source='mIDUtilGroupe']
10,unresolved:code,class-field,gest.prevention.ParamFormWebParSSI,mCodeUsager,codeUsager,codeUsager,code,review-needed,,,,/classes/class[@source='gest.prevention.ParamFormWebParSSI']/field[@source='mCodeUsager']
10,unresolved:Anom|Dans|Avis,class-field,gest.prevention.ParamPrevention,mInclureAnomCorrigeDansAvis,inclureAnomCorrigeDansAvis,inclureAnomCorrigeDansAvis,Anom|Dans|Avis,review-needed,,,,/classes/class[@source='gest.prevention.ParamPrevention']/field[@source='mInclureAnomCorrigeDansAvis']
10,unresolved:A,class-field,gest.prevention.ParamPrevention,mOngletAPlanifier,ongletAPlanifier,ongletAPlanifier,A,review-needed,,,,/classes/class[@source='gest.prevention.ParamPrevention']/field[@source='mOngletAPlanifier']
10,unresolved:type,class-field,gest.prevention.ParamPrevention,mTypeReinspection,typeReinspection,typeReinspection,type,review-needed,,,,/classes/class[@source='gest.prevention.ParamPrevention']/field[@source='mTypeReinspection']
10,unresolved:Mots|Cles|Anom,class-field,gest.prevention.ParamPrevention,mVectMotsClesAnom,listeMotsClesAnom,listeMotsClesAnom,Mots|Cles|Anom,review-needed,,,,/classes/class[@source='gest.prevention.ParamPrevention']/field[@source='mVectMotsClesAnom']
10,unresolved:Dans|Avis,class-field,gest.prevention.PhotoFichPrev,mInclureDansAvis,inclureDansAvis,inclureDansAvis,Dans|Avis,review-needed,,,,/classes/class[@source='gest.prevention.PhotoFichPrev']/field[@source='mInclureDansAvis']
10,unresolved:cmpt|Lors,class-field,gest.prevention.PrevAnom,mCmptReinspectLorsAjout,cmptReinspectLorsAjout,cmptReinspectLorsAjout,cmpt|Lors,review-needed,,,,/classes/class[@source='gest.prevention.PrevAnom']/field[@source='mCmptReinspectLorsAjout']
10,unresolved:date,class-field,gest.prevention.PrevAnom,mDateCorrige,dateCorrige,dateCorrige,date,review-needed,,,,/classes/class[@source='gest.prevention.PrevAnom']/field[@source='mDateCorrige']
10,unresolved:Date,class-field,gest.prevention.PrevAnom,mDelaiDate,delaiDate,delaiDate,Date,review-needed,,,,/classes/class[@source='gest.prevention.PrevAnom']/field[@source='mDelaiDate']
10,unresolved:lieu,class-field,gest.prevention.PrevAnom,mLieu,lieu,lieu,lieu,review-needed,,,,/classes/class[@source='gest.prevention.PrevAnom']/field[@source='mLieu']
10,unresolved:Anom,class-field,gest.prevention.PrevAnom,mTexteAnom,texteAnom,texteAnom,Anom,review-needed,,,,/classes/class[@source='gest.prevention.PrevAnom']/field[@source='mTexteAnom']
10,unresolved:type,class-field,gest.prevention.PrevAnom,mTypeDelai,typeDelai,typeDelai,type,review-needed,,,,/classes/class[@source='gest.prevention.PrevAnom']/field[@source='mTypeDelai']
10,unresolved:Type|Anom,class-field,gest.prevention.PrevAnom,mIDTypeAnom,idTypeAnom,idTypeAnom,Type|Anom,review-needed,,,,/classes/class[@source='gest.prevention.PrevAnom']/field[@source='mIDTypeAnom']
10,unresolved:Avis,class-field,gest.prevention.PrevAvis,mVectRapportAvis,listeRapportAvis,listeRapportAvis,Avis,review-needed,,,,/classes/class[@source='gest.prevention.PrevAvis']/field[@source='mVectRapportAvis']
10,unresolved:Rapp,class-field,gest.prevention.PrevAvis,mIDRappAvis1,idRappAvis1,idRappAvis1,Rapp,review-needed,,,,/classes/class[@source='gest.prevention.PrevAvis']/field[@source='mIDRappAvis1']
10,unresolved:Rapp,class-field,gest.prevention.PrevAvis,mIDRappAvis2,idRappAvis2,idRappAvis2,Rapp,review-needed,,,,/classes/class[@source='gest.prevention.PrevAvis']/field[@source='mIDRappAvis2']
10,unresolved:Rapp,class-field,gest.prevention.PrevAvis,mIDRappAvis3,idRappAvis3,idRappAvis3,Rapp,review-needed,,,,/classes/class[@source='gest.prevention.PrevAvis']/field[@source='mIDRappAvis3']
10,unresolved:Rapp|Form,class-field,gest.prevention.PrevForm,mIDRappForm,idRappForm,idRappForm,Rapp|Form,review-needed,,,,/classes/class[@source='gest.prevention.PrevForm']/field[@source='mIDRappForm']
10,unresolved:Rapp|Form,class-field,gest.prevention.PrevForm,mIDRappFormDefaut,idRappFormDefaut,idRappFormDefaut,Rapp|Form,review-needed,,,,/classes/class[@source='gest.prevention.PrevForm']/field[@source='mIDRappFormDefaut']
10,unresolved:avis,class-field,gest.prevention.Prevention,mAvisEmission,avisEmission,avisEmission,avis,review-needed,,,,/classes/class[@source='gest.prevention.Prevention']/field[@source='mAvisEmission']
10,unresolved:cmpt,class-field,gest.prevention.Prevention,mCmptInspect,cmptInspect,cmptInspect,cmpt,review-needed,,,,/classes/class[@source='gest.prevention.Prevention']/field[@source='mCmptInspect']
10,unresolved:Jour,class-field,gest.prevention.Prevention,mIdentJour,identJour,identJour,Jour,review-needed,,,,/classes/class[@source='gest.prevention.Prevention']/field[@source='mIdentJour']
10,unresolved:Prec,class-field,gest.prevention.Prevention,mNarratifsPrec,narratifsPrec,narratifsPrec,Prec,review-needed,,,,/classes/class[@source='gest.prevention.Prevention']/field[@source='mNarratifsPrec']
10,unresolved:Avis,class-field,gest.prevention.Prevention,mTexteAvis,texteAvis,texteAvis,Avis,review-needed,,,,/classes/class[@source='gest.prevention.Prevention']/field[@source='mTexteAvis']
10,unresolved:A,class-field,gest.prevention.Prevention,mIDAssigneA,idAssigneA,idAssigneA,A,review-needed,,,,/classes/class[@source='gest.prevention.Prevention']/field[@source='mIDAssigneA']
10,unresolved:Avis,class-field,gest.prevention.Prevention,mIDAvis,idAvis,idAvis,Avis,review-needed,,,,/classes/class[@source='gest.prevention.Prevention']/field[@source='mIDAvis']
10,unresolved:Avis|Avec,class-field,gest.prevention.Prevention,mIDAvisAvecSignature,idAvisAvecSignature,idAvisAvecSignature,Avis|Avec,review-needed,,,,/classes/class[@source='gest.prevention.Prevention']/field[@source='mIDAvisAvecSignature']
10,unresolved:type|Avis,class-field,gest.prevention.RapportAvis,mTypeAvis,typeAvis,typeAvis,type|Avis,review-needed,,,,/classes/class[@source='gest.prevention.RapportAvis']/field[@source='mTypeAvis']
10,unresolved:note,class-field,gest.processus.Etape,mNote,note,note,note,review-needed,,,,/classes/class[@source='gest.processus.Etape']/field[@source='mNote']
10,unresolved:A,class-field,gest.processus.Etape,mIDAssigneA,idAssigneA,idAssigneA,A,review-needed,,,,/classes/class[@source='gest.processus.Etape']/field[@source='mIDAssigneA']
10,unresolved:Jour,class-field,gest.quart.Quart,mIdentJour,identJour,identJour,Jour,review-needed,,,,/classes/class[@source='gest.quart.Quart']/field[@source='mIdentJour']
10,unresolved:A,class-field,gest.quart.Quart,mIDAssigneA,idAssigneA,idAssigneA,A,review-needed,,,,/classes/class[@source='gest.quart.Quart']/field[@source='mIDAssigneA']
10,unresolved:Avis,class-field,gest.raisonReport.RaisonReport,mUtiliserAvis,utiliserAvis,utiliserAvis,Avis,review-needed,,,,/classes/class[@source='gest.raisonReport.RaisonReport']/field[@source='mUtiliserAvis']
10,unresolved:Page|Supp,class-field,gest.rapport.Rapport,mVectPageSupp,listePageSupp,listePageSupp,Page|Supp,review-needed,,,,/classes/class[@source='gest.rapport.Rapport']/field[@source='mVectPageSupp']
10,unresolved:Sous,class-field,gest.rapport.Rapport,mVectSousRapport,listeSousRapport,listeSousRapport,Sous,review-needed,,,,/classes/class[@source='gest.rapport.Rapport']/field[@source='mVectSousRapport']
10,unresolved:Fich,class-field,gest.rapport.Rapport,mIDFichJasper,idFichJasper,idFichJasper,Fich,review-needed,,,,/classes/class[@source='gest.rapport.Rapport']/field[@source='mIDFichJasper']
10,unresolved:peut|Etre,class-field,gest.rapport.SousRapport,mPeutEtreSelectionne,peutEtreSelectionne,peutEtreSelectionne,peut|Etre,review-needed,,,,/classes/class[@source='gest.rapport.SousRapport']/field[@source='mPeutEtreSelectionne']
10,unresolved:Fait,class-field,gest.rci.Constat,mVectFait,listeFait,listeFait,Fait,review-needed,,,,/classes/class[@source='gest.rci.Constat']/field[@source='mVectFait']
10,unresolved:N,class-field,gest.rci.Disjoncteur,mVectNFusible,listeNFusible,listeNFusible,N,review-needed,,,,/classes/class[@source='gest.rci.Disjoncteur']/field[@source='mVectNFusible']
10,unresolved:Suie,class-field,gest.rci.Effraction,mEclatSuie,eclatSuie,eclatSuie,Suie,review-needed,,,,/classes/class[@source='gest.rci.Effraction']/field[@source='mEclatSuie']
10,unresolved:repr,class-field,gest.rci.Expertise,mRepr,repr,repr,repr,review-needed,,,,/classes/class[@source='gest.rci.Expertise']/field[@source='mRepr']
10,unresolved:date,class-field,gest.rci.Rci,mDateRedact,dateRedact,dateRedact,date,review-needed,,,,/classes/class[@source='gest.rci.Rci']/field[@source='mDateRedact']
10,unresolved:Jour,class-field,gest.rci.Rci,mIdentJour,identJour,identJour,Jour,review-needed,,,,/classes/class[@source='gest.rci.Rci']/field[@source='mIdentJour']
10,unresolved:Prot|Lieu,class-field,gest.rci.Rci,mVectProtLieu,listeProtLieu,listeProtLieu,Prot|Lieu,review-needed,,,,/classes/class[@source='gest.rci.Rci']/field[@source='mVectProtLieu']
10,unresolved:A,class-field,gest.rci.Rci,mIDAssigneA,idAssigneA,idAssigneA,A,review-needed,,,,/classes/class[@source='gest.rci.Rci']/field[@source='mIDAssigneA']
10,unresolved:lieu,class-field,gest.rci.RciAnalyse,mLieuOrigine,lieuOrigine,lieuOrigine,lieu,review-needed,,,,/classes/class[@source='gest.rci.RciAnalyse']/field[@source='mLieuOrigine']
10,unresolved:Fich|Lieu,class-field,gest.rci.RciAnalyse,mIDFichCroquisLieu,idFichCroquisLieu,idFichCroquisLieu,Fich|Lieu,review-needed,,,,/classes/class[@source='gest.rci.RciAnalyse']/field[@source='mIDFichCroquisLieu']
10,unresolved:Fich,class-field,gest.rci.RciAnalyse,mIDFichCroquisOrigine,idFichCroquisOrigine,idFichCroquisOrigine,Fich,review-needed,,,,/classes/class[@source='gest.rci.RciAnalyse']/field[@source='mIDFichCroquisOrigine']
10,unresolved:Lieu,class-field,gest.rci.RciAnalyse,mIDGraphCroquisLieu,idGraphCroquisLieu,idGraphCroquisLieu,Lieu,review-needed,,,,/classes/class[@source='gest.rci.RciAnalyse']/field[@source='mIDGraphCroquisLieu']
10,unresolved:mode,class-field,gest.rci.RciCause,mModeInflammationDetail,modeInflammationDetail,modeInflammationDetail,mode,review-needed,,,,/classes/class[@source='gest.rci.RciCause']/field[@source='mModeInflammationDetail']
10,unresolved:type,class-field,gest.rci.RciConclusion,mTypeConclusion,typeConclusion,typeConclusion,type,review-needed,,,,/classes/class[@source='gest.rci.RciConclusion']/field[@source='mTypeConclusion']
10,unresolved:i,class-field,gest.rci.RciDescBatiment$NElementPanneauElectrique,iStatut,iStatut,iStatut,i,review-needed,,,,/classes/class[@source='gest.rci.RciDescBatiment$NElementPanneauElectrique']/field[@source='iStatut']
10,unresolved:i|Type,class-field,gest.rci.RciDescBatiment$NFusible,iType,iType,iType,i|Type,review-needed,,,,/classes/class[@source='gest.rci.RciDescBatiment$NFusible']/field[@source='iType']
10,unresolved:Dans|Rapp,class-field,gest.rci.RciLieu,mDetailDansRappEnquete,detailDansRappEnquete,detailDansRappEnquete,Dans|Rapp,review-needed,,,,/classes/class[@source='gest.rci.RciLieu']/field[@source='mDetailDansRappEnquete']
10,unresolved:lieu,class-field,gest.rci.RciLieu,mLieuOrigine,lieuOrigine,lieuOrigine,lieu,review-needed,,,,/classes/class[@source='gest.rci.RciLieu']/field[@source='mLieuOrigine']
10,unresolved:Fich|Lieu,class-field,gest.rci.RciLieu,mIDFichCroquisLieu,idFichCroquisLieu,idFichCroquisLieu,Fich|Lieu,review-needed,,,,/classes/class[@source='gest.rci.RciLieu']/field[@source='mIDFichCroquisLieu']
10,unresolved:Fich,class-field,gest.rci.RciLieu,mIDFichCroquisPoint,idFichCroquisPoint,idFichCroquisPoint,Fich,review-needed,,,,/classes/class[@source='gest.rci.RciLieu']/field[@source='mIDFichCroquisPoint']
10,unresolved:Lieu,class-field,gest.rci.RciLieu,mIDGraphCroquisLieu,idGraphCroquisLieu,idGraphCroquisLieu,Lieu,review-needed,,,,/classes/class[@source='gest.rci.RciLieu']/field[@source='mIDGraphCroquisLieu']
10,unresolved:Lieu,class-field,gest.rci.RciLieu,mIDLieuOrigine,idLieuOrigine,idLieuOrigine,Lieu,review-needed,,,,/classes/class[@source='gest.rci.RciLieu']/field[@source='mIDLieuOrigine']
10,unresolved:Mode,class-field,gest.rci.RciLieu,mIDModeInflammation,idModeInflammation,idModeInflammation,Mode,review-needed,,,,/classes/class[@source='gest.rci.RciLieu']/field[@source='mIDModeInflammation']
10,unresolved:date,class-field,gest.rci.Saisie,mDateSaisie,dateSaisie,dateSaisie,date,review-needed,,,,/classes/class[@source='gest.rci.Saisie']/field[@source='mDateSaisie']
10,unresolved:lieu,class-field,gest.rci.Saisie,mLieu,lieu,lieu,lieu,review-needed,,,,/classes/class[@source='gest.rci.Saisie']/field[@source='mLieu']
10,unresolved:date,class-field,gest.rci.Suivi,mDateSuivi,dateSuivi,dateSuivi,date,review-needed,,,,/classes/class[@source='gest.rci.Suivi']/field[@source='mDateSuivi']
10,unresolved:type,class-field,gest.rci.Suivi,mType,type,type,type,review-needed,,,,/classes/class[@source='gest.rci.Suivi']/field[@source='mType']
10,unresolved:date,class-field,gest.rci.Temoin,mDateNaiss,dateNaiss,dateNaiss,date,review-needed,,,,/classes/class[@source='gest.rci.Temoin']/field[@source='mDateNaiss']
10,unresolved:lieu,class-field,gest.rci.Temoin,mLieuNarration,lieuNarration,lieuNarration,lieu,review-needed,,,,/classes/class[@source='gest.rci.Temoin']/field[@source='mLieuNarration']
10,unresolved:cell,class-field,gest.ressource.Ressource,mCell,cell,cell,cell,review-needed,,,,/classes/class[@source='gest.ressource.Ressource']/field[@source='mCell']
10,unresolved:type,class-field,gest.schema.ForceFrappe,mTypeHoraire,typeHoraire,typeHoraire,type,review-needed,,,,/classes/class[@source='gest.schema.ForceFrappe']/field[@source='mTypeHoraire']
10,unresolved:date,class-field,gest.secCiv.Alarme,mDateAlarme,dateAlarme,dateAlarme,date,review-needed,,,,/classes/class[@source='gest.secCiv.Alarme']/field[@source='mDateAlarme']
10,unresolved:type,class-field,gest.secCiv.Alarme,mTypeDeclench,typeDeclench,typeDeclench,type,review-needed,,,,/classes/class[@source='gest.secCiv.Alarme']/field[@source='mTypeDeclench']
10,unresolved:c|P,class-field,gest.secCiv.LogSinistre,mCP,cP,cP,c|P,review-needed,,,,/classes/class[@source='gest.secCiv.LogSinistre']/field[@source='mCP']
10,unresolved:date,class-field,gest.secCiv.LogSinistre,mDate,date,date,date,review-needed,,,,/classes/class[@source='gest.secCiv.LogSinistre']/field[@source='mDate']
10,unresolved:etat,class-field,gest.secCiv.LogSinistre,mEtatVerif,etatVerif,etatVerif,etat,review-needed,,,,/classes/class[@source='gest.secCiv.LogSinistre']/field[@source='mEtatVerif']
10,unresolved:type|Node,class-field,gest.secCiv.NodeDocum,mTypeNode,typeNode,typeNode,type|Node,review-needed,,,,/classes/class[@source='gest.secCiv.NodeDocum']/field[@source='mTypeNode']
10,unresolved:Role,class-field,gest.secCiv.ParamSecCiv,mInclureRole,inclureRole,inclureRole,Role,review-needed,,,,/classes/class[@source='gest.secCiv.ParamSecCiv']/field[@source='mInclureRole']
10,unresolved:Node,class-field,gest.secCiv.ParamSecCiv,mVectNodeDocum,listeNodeDocum,listeNodeDocum,Node,review-needed,,,,/classes/class[@source='gest.secCiv.ParamSecCiv']/field[@source='mVectNodeDocum']
10,unresolved:dern,class-field,gest.secCiv.RessSecCiv,DernVerif,dernVerif,dernVerif,dern,review-needed,,,,/classes/class[@source='gest.secCiv.RessSecCiv']/field[@source='DernVerif']
10,unresolved:cell,class-field,gest.secCiv.RessSecCiv,mCell,cell,cell,cell,review-needed,,,,/classes/class[@source='gest.secCiv.RessSecCiv']/field[@source='mCell']
10,unresolved:lieu,class-field,gest.secCiv.RessSecCiv,mLieu,lieu,lieu,lieu,review-needed,,,,/classes/class[@source='gest.secCiv.RessSecCiv']/field[@source='mLieu']
10,unresolved:Avec,class-field,gest.secCiv.RessSecCiv,mPartageUtilisateurAvecEmploye,partageUtilisateurAvecEmploye,partageUtilisateurAvecEmploye,Avec,review-needed,,,,/classes/class[@source='gest.secCiv.RessSecCiv']/field[@source='mPartageUtilisateurAvecEmploye']
10,unresolved:role,class-field,gest.secCiv.RessSecCiv,mRole,role,role,role,review-needed,,,,/classes/class[@source='gest.secCiv.RessSecCiv']/field[@source='mRole']
10,unresolved:Date,class-field,gest.secCiv.RessSecCiv,mVerifDateDebut,verifDateDebut,verifDateDebut,Date,review-needed,,,,/classes/class[@source='gest.secCiv.RessSecCiv']/field[@source='mVerifDateDebut']
10,unresolved:Mois,class-field,gest.secCiv.RessSecCiv,mVerifMois,verifMois,verifMois,Mois,review-needed,,,,/classes/class[@source='gest.secCiv.RessSecCiv']/field[@source='mVerifMois']
10,unresolved:Type,class-field,gest.secCiv.RessSecCiv,mVerifTypeEnvoi,verifTypeEnvoi,verifTypeEnvoi,Type,review-needed,,,,/classes/class[@source='gest.secCiv.RessSecCiv']/field[@source='mVerifTypeEnvoi']
10,unresolved:etat,class-field,gest.secCiv.Sinistre,mEtatSituation,etatSituation,etatSituation,etat,review-needed,,,,/classes/class[@source='gest.secCiv.Sinistre']/field[@source='mEtatSituation']
10,unresolved:Type,class-field,gest.typeAssistanceParticuliere.AssistanceParticuliere,mIDTypeAssistanceParticuliere,idTypeAssistanceParticuliere,idTypeAssistanceParticuliere,Type,review-needed,,,,/classes/class[@source='gest.typeAssistanceParticuliere.AssistanceParticuliere']/field[@source='mIDTypeAssistanceParticuliere']
10,unresolved:Avis,class-field,gest.typePrev.TypePrev,mEmissionAvis,emissionAvis,emissionAvis,Avis,review-needed,,,,/classes/class[@source='gest.typePrev.TypePrev']/field[@source='mEmissionAvis']
10,unresolved:form|Elec,class-field,gest.typePrev.TypePrev,mFormElec,formElec,formElec,form|Elec,review-needed,,,,/classes/class[@source='gest.typePrev.TypePrev']/field[@source='mFormElec']
10,unresolved:form,class-field,gest.typePrev.TypePrev,mFormPerso,formPerso,formPerso,form,review-needed,,,,/classes/class[@source='gest.typePrev.TypePrev']/field[@source='mFormPerso']
10,unresolved:tous|Type|Anom,class-field,gest.typePrev.TypePrev,mTousTypeAnom,tousTypeAnom,tousTypeAnom,tous|Type|Anom,review-needed,,,,/classes/class[@source='gest.typePrev.TypePrev']/field[@source='mTousTypeAnom']
10,unresolved:Form|Elec,class-field,gest.typePrev.TypePrev,mUtiliseFormElec,utiliseFormElec,utiliseFormElec,Form|Elec,review-needed,,,,/classes/class[@source='gest.typePrev.TypePrev']/field[@source='mUtiliseFormElec']
10,unresolved:Type|Anom,class-field,gest.typePrev.TypePrev,mVectIDTypeAnom,listeIdTypeAnom,listeIdTypeAnom,Type|Anom,review-needed,,,,/classes/class[@source='gest.typePrev.TypePrev']/field[@source='mVectIDTypeAnom']
10,unresolved:Type|Anom,class-field,gest.typePrev.TypePrev,mVectTypeAnom,listeTypeAnom,listeTypeAnom,Type|Anom,review-needed,,,,/classes/class[@source='gest.typePrev.TypePrev']/field[@source='mVectTypeAnom']
10,unresolved:Type,class-field,gest.typePrev.TypePrev,mVectTypeChampPerso,listeTypeChampPerso,listeTypeChampPerso,Type,review-needed,,,,/classes/class[@source='gest.typePrev.TypePrev']/field[@source='mVectTypeChampPerso']
10,unresolved:code|Util,class-field,gest.utilGroupe.Utilisateur,mCodeUtil,codeUtil,codeUtil,code|Util,review-needed,,,,/classes/class[@source='gest.utilGroupe.Utilisateur']/field[@source='mCodeUtil']
10,unresolved:etat,class-field,gest.utilGroupe.Utilisateur,mEtat,etat,etat,etat,review-needed,,,,/classes/class[@source='gest.utilGroupe.Utilisateur']/field[@source='mEtat']
10,unresolved:type,class-field,gest.utilGroupe.Utilisateur,mTypeLicence,typeLicence,typeLicence,type,review-needed,,,,/classes/class[@source='gest.utilGroupe.Utilisateur']/field[@source='mTypeLicence']
10,unresolved:util,class-field,gest.utilGroupe.Utilisateur,mUtilCarto,utilCarto,utilCarto,util,review-needed,,,,/classes/class[@source='gest.utilGroupe.Utilisateur']/field[@source='mUtilCarto']
10,unresolved:type,class-field,java.awt.color.ColorSpace,type,type,type,type,review-needed,,,,/classes/class[@source='java.awt.color.ColorSpace']/field[@source='type']
10,unresolved:m|Date,class-field,gest.borne.MaintBorne,mDateActivite,mDateActivite,mDateActivite,m|Date,review-needed,,,,/classes/class[@source='gest.borne.MaintBorne']/field[@source='mDateActivite']
10,unresolved:m|Date,class-field,gest.borne.MaintBorne,mDateCreation,mDateCreation,mDateCreation,m|Date,review-needed,,,,/classes/class[@source='gest.borne.MaintBorne']/field[@source='mDateCreation']
10,unresolved:m|Cout,class-field,gest.borne.MaintBorne,mCoutMaint,mCoutMaint,mCoutMaint,m|Cout,review-needed,,,,/classes/class[@source='gest.borne.MaintBorne']/field[@source='mCoutMaint']
10,unresolved:m|Vect|Anom,class-field,gest.borne.MaintBorne,mVectAnom,mVectAnom,mVectAnom,m|Vect|Anom,review-needed,,,,/classes/class[@source='gest.borne.MaintBorne']/field[@source='mVectAnom']
10,unresolved:m|Test,class-field,gest.borne.MaintBorne,mTestDebit,mTestDebit,mTestDebit,m|Test,review-needed,,,,/classes/class[@source='gest.borne.MaintBorne']/field[@source='mTestDebit']
10,unresolved:m|Calc,class-field,gest.borne.MaintBorne,mCalcDebit,mCalcDebit,mCalcDebit,m|Calc,review-needed,,,,/classes/class[@source='gest.borne.MaintBorne']/field[@source='mCalcDebit']
10,unresolved:m,class-field,gest.borne.MaintBorne,mCorrection,mCorrection,mCorrection,m,review-needed,,,,/classes/class[@source='gest.borne.MaintBorne']/field[@source='mCorrection']
10,unresolved:m,class-field,gest.borne.MaintBorne,mPriorite,mPriorite,mPriorite,m,review-needed,,,,/classes/class[@source='gest.borne.MaintBorne']/field[@source='mPriorite']
10,unresolved:m|Note|Anom,class-field,gest.borne.MaintBorne,mNoteAnom,mNoteAnom,mNoteAnom,m|Note|Anom,review-needed,,,,/classes/class[@source='gest.borne.MaintBorne']/field[@source='mNoteAnom']
10,unresolved:m,class-field,gest.borne.MaintBorne,mProvenance,mProvenance,mProvenance,m,review-needed,,,,/classes/class[@source='gest.borne.MaintBorne']/field[@source='mProvenance']
10,unresolved:m|Vect,class-field,gest.borne.MaintBorne,mVectMaintBornePiece,mVectMaintBornePiece,mVectMaintBornePiece,m|Vect,review-needed,,,,/classes/class[@source='gest.borne.MaintBorne']/field[@source='mVectMaintBornePiece']
10,unresolved:m|Vect,class-field,gest.borne.MaintBorne,mVectHistoActivite,mVectHistoActivite,mVectHistoActivite,m|Vect,review-needed,,,,/classes/class[@source='gest.borne.MaintBorne']/field[@source='mVectHistoActivite']
10,unresolved:m|Jour,class-field,gest.borne.MaintBorne,mIdentJour,mIdentJour,mIdentJour,m|Jour,review-needed,,,,/classes/class[@source='gest.borne.MaintBorne']/field[@source='mIdentJour']
10,unresolved:m|Date,class-field,gest.borne.MaintBorne,mDateIdent,mDateIdent,mDateIdent,m|Date,review-needed,,,,/classes/class[@source='gest.borne.MaintBorne']/field[@source='mDateIdent']
10,unresolved:m|Date,class-field,gest.borne.MaintBorne,mDateCompletee,mDateCompletee,mDateCompletee,m|Date,review-needed,,,,/classes/class[@source='gest.borne.MaintBorne']/field[@source='mDateCompletee']
10,unresolved:m,class-field,gest.borne.MaintBorne,mStatut,mStatut,mStatut,m,review-needed,,,,/classes/class[@source='gest.borne.MaintBorne']/field[@source='mStatut']
10,unresolved:m|Vect,class-field,gest.borne.MaintBorne,mVectEtape,mVectEtape,mVectEtape,m|Vect,review-needed,,,,/classes/class[@source='gest.borne.MaintBorne']/field[@source='mVectEtape']
10,unresolved:cout,class-field,gest.equipement.EquipConsom,mCoutAcquisition,coutAcquisition,coutAcquisition,cout,review-needed,,,,/classes/class[@source='gest.equipement.EquipConsom']/field[@source='mCoutAcquisition']
10,unresolved:Type,class-field,gest.equipement.EquipConsom,mIDTypeEquipement,idTypeEquipement,idTypeEquipement,Type,review-needed,,,,/classes/class[@source='gest.equipement.EquipConsom']/field[@source='mIDTypeEquipement']
10,unresolved:Type,class-field,gest.formation.FormMateriel,mIDTypeEquipement,idTypeEquipement,idTypeEquipement,Type,review-needed,,,,/classes/class[@source='gest.formation.FormMateriel']/field[@source='mIDTypeEquipement']
10,unresolved:A,class-field,gest.gen.IntervalleInt,mValA,valeurA,valeurA,A,review-needed,,,,/classes/class[@source='gest.gen.IntervalleInt']/field[@source='mValA']
10,unresolved:tous|Type,class-field,gest.horaire.CritereAttribDispo,mTousTypeActiv,tousTypeActivite,tousTypeActivite,tous|Type,review-needed,,,,/classes/class[@source='gest.horaire.CritereAttribDispo']/field[@source='mTousTypeActiv']
10,unresolved:type,class-field,gest.horaire.EmplReserv,mTypeAttrib,typeAttribution,typeAttribution,type,review-needed,,,,/classes/class[@source='gest.horaire.EmplReserv']/field[@source='mTypeAttrib']
10,unresolved:type,class-field,gest.horaire.GroupeRondeSelection,mTypeSelection,typeSelection,typeSelection,type,review-needed,,,,/classes/class[@source='gest.horaire.GroupeRondeSelection']/field[@source='mTypeSelection']
10,unresolved:Tout,class-field,gest.horaire.HorRestrictEmploye,mNbrHreReservToutHoraire,nombreHeuresReservationToutHoraire,nombreHeuresReservationToutHoraire,Tout,review-needed,,,,/classes/class[@source='gest.horaire.HorRestrictEmploye']/field[@source='mNbrHreReservToutHoraire']
10,unresolved:type,class-field,gest.horaire.HorRestrictEmploye,mTypeLimite,typeLimite,typeLimite,type,review-needed,,,,/classes/class[@source='gest.horaire.HorRestrictEmploye']/field[@source='mTypeLimite']
10,unresolved:type,class-field,gest.horaire.HorRestrictQuart,mTypeLimite,typeLimite,typeLimite,type,review-needed,,,,/classes/class[@source='gest.horaire.HorRestrictQuart']/field[@source='mTypeLimite']
10,unresolved:Type|Prof,class-field,gest.horaire.PreHorQuart,mIDTypeActiviteProf,idTypeActiviteProf,idTypeActiviteProf,Type|Prof,review-needed,,,,/classes/class[@source='gest.horaire.PreHorQuart']/field[@source='mIDTypeActiviteProf']
10,unresolved:date,class-field,gest.prevention.Report,mDate,date,date,date,review-needed,,,,/classes/class[@source='gest.prevention.Report']/field[@source='mDate']
10,unresolved:note,class-field,gest.prevention.Report,mNote,note,note,note,review-needed,,,,/classes/class[@source='gest.prevention.Report']/field[@source='mNote']
10,unresolved:date,class-field,gest.prevention.Report,mDateReport,dateReport,dateReport,date,review-needed,,,,/classes/class[@source='gest.prevention.Report']/field[@source='mDateReport']
10,unresolved:fait,class-field,gest.rci.Fait,mFait,fait,fait,fait,review-needed,,,,/classes/class[@source='gest.rci.Fait']/field[@source='mFait']
10,unresolved:Lieu,class-field,gest.rci.VehImplique,mRetrouveLieu,retrouveLieu,retrouveLieu,Lieu,review-needed,,,,/classes/class[@source='gest.rci.VehImplique']/field[@source='mRetrouveLieu']
10,unresolved:Carr,class-field,gest.rci.VehImplique,mVectCarrosserie,listeCarr,listeCarr,Carr,review-needed,,,,/classes/class[@source='gest.rci.VehImplique']/field[@source='mVectCarrosserie']
10,unresolved:Pneu,class-field,gest.rci.VehImplique,mVectPneu,listePneu,listePneu,Pneu,review-needed,,,,/classes/class[@source='gest.rci.VehImplique']/field[@source='mVectPneu']
10,unresolved:hash,class-field,gest.secCiv.Mission,mHashResponsabilite,hashResponsabilite,hashResponsabilite,hash,review-needed,,,,/classes/class[@source='gest.secCiv.Mission']/field[@source='mHashResponsabilite']
10,unresolved:type,class-field,gest.secCiv.OutilExterne,mTypeOutil,typeOutil,typeOutil,type,review-needed,,,,/classes/class[@source='gest.secCiv.OutilExterne']/field[@source='mTypeOutil']
10,unresolved:N,class-field,gest.secCiv.PPI,mVectNMission,listeNMission,listeNMission,N,review-needed,,,,/classes/class[@source='gest.secCiv.PPI']/field[@source='mVectNMission']
10,unresolved:i,class-field,gest.secCiv.PPI$NMission,iVisible,iVisible,iVisible,i,review-needed,,,,/classes/class[@source='gest.secCiv.PPI$NMission']/field[@source='iVisible']
10,unresolved:i,class-field,gest.secCiv.PPI$NMission,iTexte,iTexte,iTexte,i,review-needed,,,,/classes/class[@source='gest.secCiv.PPI$NMission']/field[@source='iTexte']
10,unresolved:i|Vect,class-field,gest.secCiv.PPI$NMission,iVectObjectif,iVectObjectif,iVectObjectif,i|Vect,review-needed,,,,/classes/class[@source='gest.secCiv.PPI$NMission']/field[@source='iVectObjectif']
10,unresolved:Type,class-field,gest.secCiv.Verif,mVectTypeChampPerso,listeTypeChampPerso,listeTypeChampPerso,Type,review-needed,,,,/classes/class[@source='gest.secCiv.Verif']/field[@source='mVectTypeChampPerso']
10,unresolved:etat,class-field,gest.veh.VehMec,mEtat,etat,etat,etat,review-needed,,,,/classes/class[@source='gest.veh.VehMec']/field[@source='mEtat']
10,unresolved:etat,class-field,gest.veh.VehPlancher,mEtat,etat,etat,etat,review-needed,,,,/classes/class[@source='gest.veh.VehPlancher']/field[@source='mEtat']
10,unresolved:type|Pneu,class-field,gest.veh.VehPneu,mTypePneu,typePneu,typePneu,type|Pneu,review-needed,,,,/classes/class[@source='gest.veh.VehPneu']/field[@source='mTypePneu']
10,unresolved:type|Roue,class-field,gest.veh.VehPneu,mTypeRoue,typeRoue,typeRoue,type|Roue,review-needed,,,,/classes/class[@source='gest.veh.VehPneu']/field[@source='mTypeRoue']
9,auto_suggest_differs;abbr:Max;short_tokens:Max,class-field,gest.cartographie.ParamServeurCartographie,mMemoireMax,memoireMax,memoireMaximum,,high,,,,/classes/class[@source='gest.cartographie.ParamServeurCartographie']/field[@source='mMemoireMax']
9,auto_suggest_differs;abbr:Qte;short_tokens:Qte,class-field,gest.caserne.Caserne,mVectQteRequise,listeQteRequise,listeQuantiteRequise,,high,,,,/classes/class[@source='gest.caserne.Caserne']/field[@source='mVectQteRequise']
9,auto_suggest_differs;abbr:Max;short_tokens:Max,class-field,gest.champPerso.TypeChampPerso,mIndiquerMax,indiquerMax,indiquerMaximum,,high,,,,/classes/class[@source='gest.champPerso.TypeChampPerso']/field[@source='mIndiquerMax']
9,auto_suggest_differs;abbr:Min;short_tokens:Min,class-field,gest.champPerso.TypeChampPerso,mIndiquerMin,indiquerMin,indiquerMinimum,,high,,,,/classes/class[@source='gest.champPerso.TypeChampPerso']/field[@source='mIndiquerMin']
9,auto_suggest_differs;abbr:val;short_tokens:val,class-field,gest.champPerso.TypeChampPerso,mValDefaut,valDefaut,valeurDefaut,,high,,,,/classes/class[@source='gest.champPerso.TypeChampPerso']/field[@source='mValDefaut']
9,auto_suggest_differs;abbr:max;short_tokens:max,class-field,gest.config.ConfigCompressionImages,mMaxHauteur,maxHauteur,maximumHauteur,,high,,,,/classes/class[@source='gest.config.ConfigCompressionImages']/field[@source='mMaxHauteur']
9,auto_suggest_differs;abbr:max;short_tokens:max,class-field,gest.config.ConfigCompressionImages,mMaxLargeur,maxLargeur,maximumLargeur,,high,,,,/classes/class[@source='gest.config.ConfigCompressionImages']/field[@source='mMaxLargeur']
9,auto_suggest_differs;abbr:nbr;short_tokens:nbr,class-field,gest.config.ParamBackup,mNbrConserve,nbrConserve,nombreConserve,,high,,,,/classes/class[@source='gest.config.ParamBackup']/field[@source='mNbrConserve']
9,auto_suggest_differs;abbr:nbr;short_tokens:nbr,class-field,gest.config.ParamConfig,mNbrChiffreSequence,nbrChiffreSequence,nombreChiffreSequence,,high,,,,/classes/class[@source='gest.config.ParamConfig']/field[@source='mNbrChiffreSequence']
9,auto_suggest_differs;abbr:nbr;short_tokens:nbr,class-field,gest.config.ParamConfigSSI,mNbrChiffreSequence,nbrChiffreSequence,nombreChiffreSequence,,high,,,,/classes/class[@source='gest.config.ParamConfigSSI']/field[@source='mNbrChiffreSequence']
9,auto_suggest_differs;abbr:qte;short_tokens:qte,class-field,gest.config.ParamConfigSSI,mQteDelaiAvantEcheance,qteDelaiAvantEcheance,quantiteDelaiAvantEcheance,,high,,,,/classes/class[@source='gest.config.ParamConfigSSI']/field[@source='mQteDelaiAvantEcheance']
9,auto_suggest_differs;abbr:env;short_tokens:env,class-field,gest.consolide.ParamSSI,mEnvRepert,envRepert,environnementRepert,,high,,,,/classes/class[@source='gest.consolide.ParamSSI']/field[@source='mEnvRepert']
9,auto_suggest_differs;abbr:num;short_tokens:num,class-field,gest.dossPrev.Chauffage,mNumSerie,numSerie,numeroSerie,,high,,,,/classes/class[@source='gest.dossPrev.Chauffage']/field[@source='mNumSerie']
9,auto_suggest_differs;abbr:nbr;short_tokens:nbr,class-field,gest.dossPrev.DossPrev,NbrEtage,nbrEtage,nombreEtage,,high,,,,/classes/class[@source='gest.dossPrev.DossPrev']/field[@source='NbrEtage']
9,auto_suggest_differs;abbr:nbr;short_tokens:nbr,class-field,gest.dossPrev.DossPrev,mNbrAttique,nbrAttique,nombreAttique,,high,,,,/classes/class[@source='gest.dossPrev.DossPrev']/field[@source='mNbrAttique']
9,auto_suggest_differs;abbr:nbr;short_tokens:nbr,class-field,gest.dossPrev.DossPrev,mNbrAutresLocaux,nbrAutresLocaux,nombreAutresLocaux,,high,,,,/classes/class[@source='gest.dossPrev.DossPrev']/field[@source='mNbrAutresLocaux']
9,auto_suggest_differs;abbr:nbr;short_tokens:nbr,class-field,gest.dossPrev.DossPrev,mNbrLogement,nbrLogement,nombreLogement,,high,,,,/classes/class[@source='gest.dossPrev.DossPrev']/field[@source='mNbrLogement']
9,auto_suggest_differs;abbr:num;short_tokens:num,class-field,gest.formation.Formation,mNumActivite,numActivite,numeroActivite,,high,,,,/classes/class[@source='gest.formation.Formation']/field[@source='mNumActivite']
9,auto_suggest_differs;abbr:tel;short_tokens:tel,class-field,gest.fournisseur.Fournisseur,mTelTravail,telTravail,telephoneTravail,,high,,,,/classes/class[@source='gest.fournisseur.Fournisseur']/field[@source='mTelTravail']
9,auto_suggest_differs;abbr:ext;short_tokens:ext,class-field,gest.gen.Adresse,mExt,ext,externe,,high,,,,/classes/class[@source='gest.gen.Adresse']/field[@source='mExt']
9,auto_suggest_differs;abbr:tel;short_tokens:tel,class-field,gest.gen.Adresse,mTelAutre,telAutre,telephoneAutre,,high,,,,/classes/class[@source='gest.gen.Adresse']/field[@source='mTelAutre']
9,auto_suggest_differs;abbr:Ext;short_tokens:Ext,class-field,gest.gen.Adresse,mTelephoneExt,telephoneExt,telephoneExterne,,high,,,,/classes/class[@source='gest.gen.Adresse']/field[@source='mTelephoneExt']
9,auto_suggest_differs;abbr:Max;short_tokens:Max,class-field,gest.gen.ParamPropCouleur$NEntreeDeLegende,mLimiteMax,limiteMax,limiteMaximum,,high,,,,/classes/class[@source='gest.gen.ParamPropCouleur$NEntreeDeLegende']/field[@source='mLimiteMax']
9,auto_suggest_differs;abbr:Min;short_tokens:Min,class-field,gest.gen.ParamPropCouleur$NEntreeDeLegende,mLimiteMin,limiteMin,limiteMinimum,,high,,,,/classes/class[@source='gest.gen.ParamPropCouleur$NEntreeDeLegende']/field[@source='mLimiteMin']
9,auto_suggest_differs;abbr:Qte;short_tokens:Qte,class-field,gest.grade.Grade,mVectQteRequise,listeQteRequise,listeQuantiteRequise,,high,,,,/classes/class[@source='gest.grade.Grade']/field[@source='mVectQteRequise']
9,auto_suggest_differs;abbr:Lib;short_tokens:Lib,class-field,gest.graph.TypeGraph,mVectIDGraphLib,listeIDGraphLib,listeIdGraphLibelle,,high,,,,/classes/class[@source='gest.graph.TypeGraph']/field[@source='mVectIDGraphLib']
9,auto_suggest_differs;abbr:num;short_tokens:num,class-field,gest.horaire.HorQuart,mNumActivite,numActivite,numeroActivite,,high,,,,/classes/class[@source='gest.horaire.HorQuart']/field[@source='mNumActivite']
9,auto_suggest_differs;abbr:num;short_tokens:num,class-field,gest.horaire.Horaire,mNumActivite,numActivite,numeroActivite,,high,,,,/classes/class[@source='gest.horaire.Horaire']/field[@source='mNumActivite']
9,auto_suggest_differs;abbr:qte;short_tokens:qte,class-field,gest.horaire.ModeleHoraire,mQteCourriel,qteCourriel,quantiteCourriel,,high,,,,/classes/class[@source='gest.horaire.ModeleHoraire']/field[@source='mQteCourriel']
9,auto_suggest_differs;abbr:qte;short_tokens:qte,class-field,gest.horaire.ModeleHoraire,mQteCourrielPaget,qteCourrielPaget,quantiteCourrielPaget,,high,,,,/classes/class[@source='gest.horaire.ModeleHoraire']/field[@source='mQteCourrielPaget']
9,auto_suggest_differs;abbr:adr;short_tokens:adr,class-field,gest.intervention.FournSAAQ,mAdrDepart,adrDepart,adresseDepart,,high,,,,/classes/class[@source='gest.intervention.FournSAAQ']/field[@source='mAdrDepart']
9,auto_suggest_differs;abbr:adr;short_tokens:adr,class-field,gest.intervention.FournSAAQ,mAdrFourn,adrFourn,adresseFourn,,high,,,,/classes/class[@source='gest.intervention.FournSAAQ']/field[@source='mAdrFourn']
9,auto_suggest_differs;abbr:num;short_tokens:num,class-field,gest.intervention.IntervEnquete,mNumDossierPolice,numDossierPolice,numeroDossierPolice,,high,,,,/classes/class[@source='gest.intervention.IntervEnquete']/field[@source='mNumDossierPolice']
9,auto_suggest_differs;abbr:nbr;short_tokens:nbr,class-field,gest.intervention.IntervIntervEntraide,mNbrOfficier,nbrOfficier,nombreOfficier,,high,,,,/classes/class[@source='gest.intervention.IntervIntervEntraide']/field[@source='mNbrOfficier']
9,auto_suggest_differs;abbr:nbr;short_tokens:nbr,class-field,gest.intervention.IntervIntervEntraide,mNbrPompier,nbrPompier,nombrePompier,,high,,,,/classes/class[@source='gest.intervention.IntervIntervEntraide']/field[@source='mNbrPompier']
9,auto_suggest_differs;abbr:info|Interv,class-field,gest.intervention.IntervIntervenant,mInfoIntervEmploye,infoIntervEmploye,informationInterventionEmploye,,high,,,,/classes/class[@source='gest.intervention.IntervIntervenant']/field[@source='mInfoIntervEmploye']
9,auto_suggest_differs;abbr:nbr;short_tokens:nbr,class-field,gest.intervention.IntervSauvetage,mNbrEvacuation,nbrEvacuation,nombreEvacuation,,high,,,,/classes/class[@source='gest.intervention.IntervSauvetage']/field[@source='mNbrEvacuation']
9,auto_suggest_differs;abbr:nbr;short_tokens:nbr,class-field,gest.intervention.IntervSauvetage,mNbrSauvetage,nbrSauvetage,nombreSauvetage,,high,,,,/classes/class[@source='gest.intervention.IntervSauvetage']/field[@source='mNbrSauvetage']
9,auto_suggest_differs;abbr:num;short_tokens:num,class-field,gest.intervention.IntervSourceChaleur,mNumSerie,numSerie,numeroSerie,,high,,,,/classes/class[@source='gest.intervention.IntervSourceChaleur']/field[@source='mNumSerie']
9,auto_suggest_differs;abbr:nbr;short_tokens:nbr,class-field,gest.intervention.IntervVehFeu,mNbrEvacuation,nbrEvacuation,nombreEvacuation,,high,,,,/classes/class[@source='gest.intervention.IntervVehFeu']/field[@source='mNbrEvacuation']
9,auto_suggest_differs;abbr:nbr;short_tokens:nbr,class-field,gest.intervention.IntervVehFeu,mNbrSauvetage,nbrSauvetage,nombreSauvetage,,high,,,,/classes/class[@source='gest.intervention.IntervVehFeu']/field[@source='mNbrSauvetage']
9,auto_suggest_differs;abbr:qte;short_tokens:qte,class-field,gest.intervention.MemoFactDetail,mQte,qte,quantite,,high,,,,/classes/class[@source='gest.intervention.MemoFactDetail']/field[@source='mQte']
9,auto_suggest_differs;abbr:Num;short_tokens:Num,class-field,gest.intervention.MemoFacturation,mFactureNum,factureNum,factureNumero,,high,,,,/classes/class[@source='gest.intervention.MemoFacturation']/field[@source='mFactureNum']
9,auto_suggest_differs;abbr:Num;short_tokens:Num,class-field,gest.intervention.MemoFacturation,mFactureNumClient,factureNumClient,factureNumeroClient,,high,,,,/classes/class[@source='gest.intervention.MemoFacturation']/field[@source='mFactureNumClient']
9,auto_suggest_differs;abbr:Num;short_tokens:Num,class-field,gest.intervention.ParamCarteAppel,mImporterNumActivite,importerNumActivite,importerNumeroActivite,,high,,,,/classes/class[@source='gest.intervention.ParamCarteAppel']/field[@source='mImporterNumActivite']
9,auto_suggest_differs;abbr:nbr;short_tokens:nbr,class-field,gest.intervention.ParamCarteAppel,mNbrMinutesDelai,nbrMinutesDelai,nombreMinutesDelai,,high,,,,/classes/class[@source='gest.intervention.ParamCarteAppel']/field[@source='mNbrMinutesDelai']
9,auto_suggest_differs;abbr:val;short_tokens:val,class-field,gest.intervention.ParamCarteAppel$NValRempl,iVal,val,valeur,,high,,,,/classes/class[@source='gest.intervention.ParamCarteAppel$NValRempl']/field[@source='iVal']
9,auto_suggest_differs;abbr:Num;short_tokens:Num,class-field,gest.intervention.ParamMemoFacturation,mFormatNumClient,formatNumClient,formatNumeroClient,,high,,,,/classes/class[@source='gest.intervention.ParamMemoFacturation']/field[@source='mFormatNumClient']
9,auto_suggest_differs;abbr:Qte;short_tokens:Qte,class-field,gest.intervention.ParamMemoFacturation,mUniteQte,uniteQte,uniteQuantite,,high,,,,/classes/class[@source='gest.intervention.ParamMemoFacturation']/field[@source='mUniteQte']
9,auto_suggest_differs;abbr:nbr;short_tokens:nbr,class-field,gest.licence.Licence,mNbrPosteMobile,nbrPosteMobile,nombrePosteMobile,,high,,,,/classes/class[@source='gest.licence.Licence']/field[@source='mNbrPosteMobile']
9,auto_suggest_differs;abbr:num;short_tokens:num,class-field,gest.maintEquip.MaintEquip,mNumActivite,numActivite,numeroActivite,,high,,,,/classes/class[@source='gest.maintEquip.MaintEquip']/field[@source='mNumActivite']
9,auto_suggest_differs;abbr:Qte;short_tokens:Qte,class-field,gest.maintEquip.MaintEquipHisto,mNouvelleQte,nouvelleQte,nouvelleQuantite,,high,,,,/classes/class[@source='gest.maintEquip.MaintEquipHisto']/field[@source='mNouvelleQte']
9,auto_suggest_differs;abbr:qte;short_tokens:qte,class-field,gest.maintEquip.MaintEquipHisto,mQteAjoutConsom,qteAjoutConsom,quantiteAjoutConsom,,high,,,,/classes/class[@source='gest.maintEquip.MaintEquipHisto']/field[@source='mQteAjoutConsom']
9,auto_suggest_differs;abbr:qte;short_tokens:qte,class-field,gest.maintEquip.MaintEquipHisto,mQteDebutConsom,qteDebutConsom,quantiteDebutConsom,,high,,,,/classes/class[@source='gest.maintEquip.MaintEquipHisto']/field[@source='mQteDebutConsom']
9,auto_suggest_differs;abbr:ref;short_tokens:ref,class-field,gest.maintEquip.MaintEquipHisto,mRefComptable,refComptable,referenceComptable,,high,,,,/classes/class[@source='gest.maintEquip.MaintEquipHisto']/field[@source='mRefComptable']
9,auto_suggest_differs;abbr:nbr;short_tokens:nbr,class-field,gest.planInterv.BatDebitNecessaire,mNbrEtage,nbrEtage,nombreEtage,,high,,,,/classes/class[@source='gest.planInterv.BatDebitNecessaire']/field[@source='mNbrEtage']
9,auto_suggest_differs;abbr:Ext;short_tokens:Ext,class-field,gest.planInterv.PlanAcces,mPorteExt,porteExt,porteExterne,,high,,,,/classes/class[@source='gest.planInterv.PlanAcces']/field[@source='mPorteExt']
9,auto_suggest_differs;abbr:Nbr;short_tokens:Nbr,class-field,gest.planInterv.PlanConst,mEscalNbr,escalNbr,escalNombre,,high,,,,/classes/class[@source='gest.planInterv.PlanConst']/field[@source='mEscalNbr']
9,auto_suggest_differs;abbr:num;short_tokens:num,class-field,gest.prevention.Prevention,mNumActivite,numActivite,numeroActivite,,high,,,,/classes/class[@source='gest.prevention.Prevention']/field[@source='mNumActivite']
9,auto_suggest_differs;abbr:num;short_tokens:num,class-field,gest.quart.Quart,mNumActivite,numActivite,numeroActivite,,high,,,,/classes/class[@source='gest.quart.Quart']/field[@source='mNumActivite']
9,auto_suggest_differs;abbr:Loc;short_tokens:Loc,class-field,gest.rci.Constat,mVectLocInapprop,listeLocInapprop,listeLocalisationInapprop,,high,,,,/classes/class[@source='gest.rci.Constat']/field[@source='mVectLocInapprop']
9,auto_suggest_differs;abbr:Ext;short_tokens:Ext,class-field,gest.rci.Effraction,mEclatExt,eclatExt,eclatExterne,,high,,,,/classes/class[@source='gest.rci.Effraction']/field[@source='mEclatExt']
9,auto_suggest_differs;abbr:num;short_tokens:num,class-field,gest.rci.Rci,mNumActivite,numActivite,numeroActivite,,high,,,,/classes/class[@source='gest.rci.Rci']/field[@source='mNumActivite']
9,auto_suggest_differs;abbr:num;short_tokens:num,class-field,gest.rci.Saisie,mNumSaisie,numSaisie,numeroSaisie,,high,,,,/classes/class[@source='gest.rci.Saisie']/field[@source='mNumSaisie']
9,auto_suggest_differs;abbr:tel;short_tokens:tel,class-field,gest.ressource.Ressource,mTelTravail,telTravail,telephoneTravail,,high,,,,/classes/class[@source='gest.ressource.Ressource']/field[@source='mTelTravail']
9,auto_suggest_differs;abbr:nbr;short_tokens:nbr,class-field,gest.schema.ForceFrappe,mNbrMinute,nbrMinute,nombreMinute,,high,,,,/classes/class[@source='gest.schema.ForceFrappe']/field[@source='mNbrMinute']
9,auto_suggest_differs;abbr:nbr;short_tokens:nbr,class-field,gest.secCiv.Alarme,mNbrRepetition,nbrRepetition,nombreRepetition,,high,,,,/classes/class[@source='gest.secCiv.Alarme']/field[@source='mNbrRepetition']
9,auto_suggest_differs;abbr:tel;short_tokens:tel,class-field,gest.secCiv.RessSecCiv,mTelTravail,telTravail,telephoneTravail,,high,,,,/classes/class[@source='gest.secCiv.RessSecCiv']/field[@source='mTelTravail']
9,auto_suggest_differs;abbr:qte;short_tokens:qte,class-field,gest.vehicule.Vehicule,mQteReservoir,qteReservoir,quantiteReservoir,,high,,,,/classes/class[@source='gest.vehicule.Vehicule']/field[@source='mQteReservoir']
9,auto_suggest_differs;abbr:qte;short_tokens:qte,class-field,gest.vehicule.Vehicule,mQteVidage,qteVidage,quantiteVidage,,high,,,,/classes/class[@source='gest.vehicule.Vehicule']/field[@source='mQteVidage']
9,auto_suggest_differs;abbr:Qte;short_tokens:Qte,class-field,gest.vehicule.Vehicule,mVectQteRequise,listeQteRequise,listeQuantiteRequise,,high,,,,/classes/class[@source='gest.vehicule.Vehicule']/field[@source='mVectQteRequise']
9,auto_suggest_differs;abbr:num;short_tokens:num,class-field,java.awt.color.ColorSpace,numComponents,numComponents,numeroComponents,,high,,,,/classes/class[@source='java.awt.color.ColorSpace']/field[@source='numComponents']
9,auto_suggest_differs;abbr:qte;short_tokens:qte,class-field,gest.equipement.EquipConsom,mQteMinimum,qteMinimum,quantiteMinimum,,high,,,,/classes/class[@source='gest.equipement.EquipConsom']/field[@source='mQteMinimum']
9,auto_suggest_differs;abbr:nb;short_tokens:nb,class-field,gest.horaire.GroupeRondeSelection,mNbRondesAvantSuivant,nbRondesAvantSuivant,nombreRondesAvantSuivant,,high,,,,/classes/class[@source='gest.horaire.GroupeRondeSelection']/field[@source='mNbRondesAvantSuivant']
9,auto_suggest_differs;abbr:Min;short_tokens:Min,class-field,gest.horaire.HorRestrictQuart,mNbrEmplMin,nombreEmployeMin,nombreEmployeMinimum,,high,,,,/classes/class[@source='gest.horaire.HorRestrictQuart']/field[@source='mNbrEmplMin']
9,auto_suggest_differs;abbr:Max;short_tokens:Max,class-field,gest.horaire.HorRestrictQuart,mNbrEmplMax,nombreEmployeMax,nombreEmployeMaximum,,high,,,,/classes/class[@source='gest.horaire.HorRestrictQuart']/field[@source='mNbrEmplMax']
8,auto_suggest_differs;abbr:Info,class-field,gest.activite.InfoHistoEmploye,mVectInfoEmploye,listeInfoEmploye,listeInformationEmploye,,high,,,,/classes/class[@source='gest.activite.InfoHistoEmploye']/field[@source='mVectInfoEmploye']
8,auto_suggest_differs;abbr:param,class-field,gest.borne.ParamMaintBorne,mParamDebitCouleur,paramDebitCouleur,parametreDebitCouleur,,high,,,,/classes/class[@source='gest.borne.ParamMaintBorne']/field[@source='mParamDebitCouleur']
8,auto_suggest_differs;abbr:Assoc,class-field,gest.champPerso.TypeChampPerso,mIDEntiteAssoc,idEntiteAssoc,idEntiteAssociation,,high,,,,/classes/class[@source='gest.champPerso.TypeChampPerso']/field[@source='mIDEntiteAssoc']
8,auto_suggest_differs;abbr:param,class-field,gest.config.ParamConfig,mParamBackup,paramBackup,parametreBackup,,high,,,,/classes/class[@source='gest.config.ParamConfig']/field[@source='mParamBackup']
8,auto_suggest_differs;abbr:param,class-field,gest.config.ParamConfigSSI,mParamServeurCartographie,paramServeurCartographie,parametreServeurCartographie,,high,,,,/classes/class[@source='gest.config.ParamConfigSSI']/field[@source='mParamServeurCartographie']
8,auto_suggest_differs;abbr:rech,class-field,gest.consolide.ParamConsolide,mRechConsolide,rechConsolide,rechercheConsolide,,high,,,,/classes/class[@source='gest.consolide.ParamConsolide']/field[@source='mRechConsolide']
8,auto_suggest_differs;abbr:param,class-field,gest.dossPrev.ParamDossPrev,mParamCategRisqueCouleur,paramCategorieRisqueCouleur,parametreCategorieRisqueCouleur,,high,,,,/classes/class[@source='gest.dossPrev.ParamDossPrev']/field[@source='mParamCategRisqueCouleur']
8,auto_suggest_differs;abbr:param,class-field,gest.dossPrev.ParamDossPrev,mParamExportDonnees,paramExportDonnees,parametreExportDonnees,,high,,,,/classes/class[@source='gest.dossPrev.ParamDossPrev']/field[@source='mParamExportDonnees']
8,auto_suggest_differs;abbr:Info,class-field,gest.feuilleTemps.TempsPaye,mIDInfoEmploye,idInfoEmploye,idInformationEmploye,,high,,,,/classes/class[@source='gest.feuilleTemps.TempsPaye']/field[@source='mIDInfoEmploye']
8,auto_suggest_differs;abbr:Param,class-field,gest.formElec.Section,mVectParam,listeParam,listeParametre,,high,,,,/classes/class[@source='gest.formElec.Section']/field[@source='mVectParam']
8,auto_suggest_differs;abbr:Info,class-field,gest.formation.Formation,mVectInfoHistoEmploye,listeInfoHistoEmploye,listeInformationHistoEmploye,,high,,,,/classes/class[@source='gest.formation.Formation']/field[@source='mVectInfoHistoEmploye']
8,auto_suggest_differs;abbr:Info,class-field,gest.formation.Formation,mVectInfoHistoEmployeEnseignant,listeInfoHistoEmployeEnseignant,listeInformationHistoEmployeEnseignant,,high,,,,/classes/class[@source='gest.formation.Formation']/field[@source='mVectInfoHistoEmployeEnseignant']
8,auto_suggest_differs;abbr:info,class-field,gest.horaire.HorQuart,mInfoHistoEmploye,infoHistoEmploye,informationHistoEmploye,,high,,,,/classes/class[@source='gest.horaire.HorQuart']/field[@source='mInfoHistoEmploye']
8,auto_suggest_differs;abbr:Dispo,class-field,gest.horaire.HorQuart,mVectEmployeDispo,listeEmployeDispo,listeEmployeDisponible,,high,,,,/classes/class[@source='gest.horaire.HorQuart']/field[@source='mVectEmployeDispo']
8,auto_suggest_differs;abbr:Dispo,class-field,gest.horaire.Horaire,mVectDispoRondeSelect,listeDispoRondeSelect,listeDisponibleRondeSelect,,high,,,,/classes/class[@source='gest.horaire.Horaire']/field[@source='mVectDispoRondeSelect']
8,auto_suggest_differs;abbr:dispo,class-field,gest.horaire.ModeleHoraire,mDispoProchDebut,dispoProchDebut,disponibleProchDebut,,high,,,,/classes/class[@source='gest.horaire.ModeleHoraire']/field[@source='mDispoProchDebut']
8,auto_suggest_differs;abbr:dispo,class-field,gest.horaire.ModeleHoraire,mDispoRegroupQuartPareil,dispoRegroupQuartPareil,disponibleRegroupQuartPareil,,high,,,,/classes/class[@source='gest.horaire.ModeleHoraire']/field[@source='mDispoRegroupQuartPareil']
8,auto_suggest_differs;abbr:Dispo,class-field,gest.horaire.ModeleHoraire,mVectCritereAttribDispo,listeCritereAttribDispo,listeCritereAttribDisponible,,high,,,,/classes/class[@source='gest.horaire.ModeleHoraire']/field[@source='mVectCritereAttribDispo']
8,auto_suggest_differs;abbr:Dispo,class-field,gest.horaire.ModeleHoraire,mVectDispoRondeSelect,listeDispoRondeSelect,listeDisponibleRondeSelect,,high,,,,/classes/class[@source='gest.horaire.ModeleHoraire']/field[@source='mVectDispoRondeSelect']
8,auto_suggest_differs;abbr:Desc,class-field,gest.intervention.IntervCauseIncendie,mAmpleurDesc,ampleurDesc,ampleurDescription,,high,,,,/classes/class[@source='gest.intervention.IntervCauseIncendie']/field[@source='mAmpleurDesc']
8,auto_suggest_differs;abbr:Desc,class-field,gest.intervention.IntervCauseIncendie,mCauseProbableDesc,causeProbableDesc,causeProbableDescription,,high,,,,/classes/class[@source='gest.intervention.IntervCauseIncendie']/field[@source='mCauseProbableDesc']
8,auto_suggest_differs;abbr:Desc,class-field,gest.intervention.IntervCauseIncendie,mCombustibleDesc,combustibleDesc,combustibleDescription,,high,,,,/classes/class[@source='gest.intervention.IntervCauseIncendie']/field[@source='mCombustibleDesc']
8,auto_suggest_differs;abbr:Desc,class-field,gest.intervention.IntervCauseIncendie,mDommageDesc,dommageDesc,dommageDescription,,high,,,,/classes/class[@source='gest.intervention.IntervCauseIncendie']/field[@source='mDommageDesc']
8,auto_suggest_differs;abbr:Desc,class-field,gest.intervention.IntervCauseIncendie,mEnergieDesc,energieDesc,energieDescription,,high,,,,/classes/class[@source='gest.intervention.IntervCauseIncendie']/field[@source='mEnergieDesc']
8,auto_suggest_differs;abbr:Desc,class-field,gest.intervention.IntervCauseIncendie,mPropagationDesc,propagationDesc,propagationDescription,,high,,,,/classes/class[@source='gest.intervention.IntervCauseIncendie']/field[@source='mPropagationDesc']
8,auto_suggest_differs;abbr:Desc,class-field,gest.intervention.IntervCauseIncendie,mSourceChaleurDesc,sourceChaleurDesc,sourceChaleurDescription,,high,,,,/classes/class[@source='gest.intervention.IntervCauseIncendie']/field[@source='mSourceChaleurDesc']
8,auto_suggest_differs;abbr:Interv,class-field,gest.intervention.IntervEquipement,mVectIntervMateriel,listeIntervMateriel,listeInterventionMateriel,,high,,,,/classes/class[@source='gest.intervention.IntervEquipement']/field[@source='mVectIntervMateriel']
8,auto_suggest_differs;abbr:Interv,class-field,gest.intervention.IntervIntervenant,mVectIntervEntraide,listeIntervEntraide,listeInterventionEntraide,,high,,,,/classes/class[@source='gest.intervention.IntervIntervenant']/field[@source='mVectIntervEntraide']
8,auto_suggest_differs;abbr:Interv,class-field,gest.intervention.IntervIntervenant,mVectIntervEquipe,listeIntervEquipe,listeInterventionEquipe,,high,,,,/classes/class[@source='gest.intervention.IntervIntervenant']/field[@source='mVectIntervEquipe']
8,auto_suggest_differs;abbr:Interv,class-field,gest.intervention.IntervIntervenant,mVectIntervRessource,listeIntervRessource,listeInterventionRessource,,high,,,,/classes/class[@source='gest.intervention.IntervIntervenant']/field[@source='mVectIntervRessource']
8,auto_suggest_differs;abbr:Desc,class-field,gest.intervention.IntervTemperature,mDirectionDesc,directionDesc,directionDescription,,high,,,,/classes/class[@source='gest.intervention.IntervTemperature']/field[@source='mDirectionDesc']
8,auto_suggest_differs;abbr:Desc,class-field,gest.intervention.IntervTemperature,mVelociteDesc,velociteDesc,velociteDescription,,high,,,,/classes/class[@source='gest.intervention.IntervTemperature']/field[@source='mVelociteDesc']
8,auto_suggest_differs;abbr:interv,class-field,gest.intervention.IntervVehFeu,mIntervCauseIncendie,intervCauseIncendie,interventionCauseIncendie,,high,,,,/classes/class[@source='gest.intervention.IntervVehFeu']/field[@source='mIntervCauseIncendie']
8,auto_suggest_differs;abbr:Interv,class-field,gest.intervention.IntervVehFeu,mVectIntervVictimeDetail,listeIntervVictimeDetail,listeInterventionVictimeDetail,,high,,,,/classes/class[@source='gest.intervention.IntervVehFeu']/field[@source='mVectIntervVictimeDetail']
8,auto_suggest_differs;abbr:prop,class-field,gest.intervention.IntervVehicule,mPropAdresse,propAdresse,proprieteAdresse,,high,,,,/classes/class[@source='gest.intervention.IntervVehicule']/field[@source='mPropAdresse']
8,auto_suggest_differs;abbr:Interv,class-field,gest.intervention.IntervVieHumaine,mVectIntervSauvetage,listeIntervSauvetage,listeInterventionSauvetage,,high,,,,/classes/class[@source='gest.intervention.IntervVieHumaine']/field[@source='mVectIntervSauvetage']
8,auto_suggest_differs;abbr:Interv,class-field,gest.intervention.IntervVieHumaine,mVectIntervVictimeDetail,listeIntervVictimeDetail,listeInterventionVictimeDetail,,high,,,,/classes/class[@source='gest.intervention.IntervVieHumaine']/field[@source='mVectIntervVictimeDetail']
8,auto_suggest_differs;abbr:Prev,class-field,gest.intervention.Intervention,mAssocieDossierPrev,associeDossierPrev,associeDossierPrevision,,high,,,,/classes/class[@source='gest.intervention.Intervention']/field[@source='mAssocieDossierPrev']
8,auto_suggest_differs;abbr:Interv,class-field,gest.intervention.Intervention,mVectIntervAutreBatiment,listeIntervAutreBatiment,listeInterventionAutreBatiment,,high,,,,/classes/class[@source='gest.intervention.Intervention']/field[@source='mVectIntervAutreBatiment']
8,auto_suggest_differs;abbr:Interv,class-field,gest.intervention.Intervention,mVectIntervVehicule,listeIntervVehicule,listeInterventionVehicule,,high,,,,/classes/class[@source='gest.intervention.Intervention']/field[@source='mVectIntervVehicule']
8,auto_suggest_differs;abbr:auto,class-field,gest.intervention.ParamIntervention,mAutoCompleteOnglets,autoCompleteOnglets,automatiqueCompleteOnglets,,high,,,,/classes/class[@source='gest.intervention.ParamIntervention']/field[@source='mAutoCompleteOnglets']
8,auto_suggest_differs;abbr:Info,class-field,gest.maintEquip.MaintEquip,mVectInfoHistoEmploye,listeInfoHistoEmploye,listeInformationHistoEmploye,,high,,,,/classes/class[@source='gest.maintEquip.MaintEquip']/field[@source='mVectInfoHistoEmploye']
8,auto_suggest_differs;abbr:comm,class-field,gest.planInterv.BatDebitNecessaire,mComm,comm,commentaire,,high,,,,/classes/class[@source='gest.planInterv.BatDebitNecessaire']/field[@source='mComm']
8,auto_suggest_differs;abbr:Auto,class-field,gest.planInterv.BatDebitNecessaire,mDebitRequisCalculAuto,debitRequisCalculAuto,debitRequisCalculAutomatique,,high,,,,/classes/class[@source='gest.planInterv.BatDebitNecessaire']/field[@source='mDebitRequisCalculAuto']
8,auto_suggest_differs;abbr:Auto,class-field,gest.planInterv.BatDebitNecessaire,mSuperficieCalculAuto,superficieCalculAuto,superficieCalculAutomatique,,high,,,,/classes/class[@source='gest.planInterv.BatDebitNecessaire']/field[@source='mSuperficieCalculAuto']
8,auto_suggest_differs;abbr:auto,class-field,gest.planInterv.ParamPlanInterv,mAutoCompleteOnglets,autoCompleteOnglets,automatiqueCompleteOnglets,,high,,,,/classes/class[@source='gest.planInterv.ParamPlanInterv']/field[@source='mAutoCompleteOnglets']
8,auto_suggest_differs;abbr:prop,class-field,gest.planInterv.PlanContact,mPropOccup,propOccup,proprieteOccup,,high,,,,/classes/class[@source='gest.planInterv.PlanContact']/field[@source='mPropOccup']
8,auto_suggest_differs;abbr:Proc,class-field,gest.planInterv.PlanServPub,mPreocProc,preocProc,preocProcessus,,high,,,,/classes/class[@source='gest.planInterv.PlanServPub']/field[@source='mPreocProc']
8,auto_suggest_differs;abbr:param,class-field,gest.prevention.ParamPrevention,mParamExportDonnees,paramExportDonnees,parametreExportDonnees,,high,,,,/classes/class[@source='gest.prevention.ParamPrevention']/field[@source='mParamExportDonnees']
8,auto_suggest_differs;abbr:param,class-field,gest.prevention.ParamPrevention$NCompteurParTypePrev,mParamActivite,paramActivite,parametreActivite,,high,,,,/classes/class[@source='gest.prevention.ParamPrevention$NCompteurParTypePrev']/field[@source='mParamActivite']
8,auto_suggest_differs;abbr:param,class-field,gest.gen.EntiteParam.NCompteur,mParamActivite,paramActivite,parametreActivite,,high,,,,/classes/class[@source='gest.gen.EntiteParam.NCompteur']/field[@source='mParamActivite']
8,auto_suggest_differs;abbr:Param,class-field,gest.prevention.PrevAnom,mIdentParamFigureSaisie,identParamFigureSaisie,identParametreFigureSaisie,,high,,,,/classes/class[@source='gest.prevention.PrevAnom']/field[@source='mIdentParamFigureSaisie']
8,auto_suggest_differs;abbr:Info,class-field,gest.prevention.Prevention,mVectInfoHistoEmploye,listeInfoHistoEmploye,listeInformationHistoEmploye,,high,,,,/classes/class[@source='gest.prevention.Prevention']/field[@source='mVectInfoHistoEmploye']
8,auto_suggest_differs;abbr:info,class-field,gest.quart.Quart,mInfoHistoEmploye,infoHistoEmploye,informationHistoEmploye,,high,,,,/classes/class[@source='gest.quart.Quart']/field[@source='mInfoHistoEmploye']
8,auto_suggest_differs;abbr:auto,class-field,gest.rapport.Rapport,mAutoPrint,autoPrint,automatiquePrint,,high,,,,/classes/class[@source='gest.rapport.Rapport']/field[@source='mAutoPrint']
8,auto_suggest_differs;abbr:Desc,class-field,gest.rci.Combustible,mCombusDesc,combusDesc,combusDescription,,high,,,,/classes/class[@source='gest.rci.Combustible']/field[@source='mCombusDesc']
8,auto_suggest_differs;abbr:interv,class-field,gest.rci.Rci,mIntervCause,intervCause,interventionCause,,high,,,,/classes/class[@source='gest.rci.Rci']/field[@source='mIntervCause']
8,auto_suggest_differs;abbr:Info,class-field,gest.rci.Rci,mVectInfoHistoEmploye,listeInfoHistoEmploye,listeInformationHistoEmploye,,high,,,,/classes/class[@source='gest.rci.Rci']/field[@source='mVectInfoHistoEmploye']
8,auto_suggest_differs;abbr:Desc,class-field,gest.rci.RciLieu,mCauseProbableDesc,causeProbableDesc,causeProbableDescription,,high,,,,/classes/class[@source='gest.rci.RciLieu']/field[@source='mCauseProbableDesc']
8,auto_suggest_differs;abbr:Desc,class-field,gest.rci.RciLieu,mEnergieDesc,energieDesc,energieDescription,,high,,,,/classes/class[@source='gest.rci.RciLieu']/field[@source='mEnergieDesc']
8,auto_suggest_differs;abbr:Desc,class-field,gest.rci.RciLieu,mPropagationDesc,propagationDesc,propagationDescription,,high,,,,/classes/class[@source='gest.rci.RciLieu']/field[@source='mPropagationDesc']
8,auto_suggest_differs;abbr:Pers,class-field,gest.rci.Saisie,mAdressePersSaisie,adressePersSaisie,adressePersonneSaisie,,high,,,,/classes/class[@source='gest.rci.Saisie']/field[@source='mAdressePersSaisie']
8,auto_suggest_differs;abbr:pers,class-field,gest.rci.Saisie,mPersSaisie,persSaisie,personneSaisie,,high,,,,/classes/class[@source='gest.rci.Saisie']/field[@source='mPersSaisie']
8,auto_suggest_differs;abbr:Desc,class-field,gest.rci.SourceChaleur,mSourceDesc,sourceDesc,sourceDescription,,high,,,,/classes/class[@source='gest.rci.SourceChaleur']/field[@source='mSourceDesc']
8,auto_suggest_differs;abbr:info,class-field,gest.secCiv.Sinistre,mInfoPublique,infoPublique,informationPublique,,high,,,,/classes/class[@source='gest.secCiv.Sinistre']/field[@source='mInfoPublique']
8,auto_suggest_differs;abbr:dispo,class-field,gest.horaire.GroupeRondeSelection,mDispoProchDebut,dispoProchDebut,disponibleProchDebut,,high,,,,/classes/class[@source='gest.horaire.GroupeRondeSelection']/field[@source='mDispoProchDebut']
8,auto_suggest_differs;abbr:desc,class-field,gest.secCiv.Verif,mDesc,desc,description,,high,,,,/classes/class[@source='gest.secCiv.Verif']/field[@source='mDesc']
7,abbr:Fin;short_tokens:Fin,class-field,gest.dossPrev.DossPrevSuppr,mExtFin,extensionFin,extensionFin,,high,,,,/classes/class[@source='gest.dossPrev.DossPrevSuppr']/field[@source='mExtFin']
7,abbr:Fin;short_tokens:Fin,class-field,gest.dossPrev.DossPrevSuppr,mNoCivFin,numeroCiviqueFin,numeroCiviqueFin,,high,,,,/classes/class[@source='gest.dossPrev.DossPrevSuppr']/field[@source='mNoCivFin']
7,abbr:Fin;short_tokens:Fin,class-field,gest.equipement.EquipExist,mIndiquerFinGarantie,indiquerFinGarantie,indiquerFinGarantie,,high,,,,/classes/class[@source='gest.equipement.EquipExist']/field[@source='mIndiquerFinGarantie']
7,abbr:fin;short_tokens:fin,class-field,gest.feuilleTemps.TempsPaye,mFin,fin,fin,,high,,,,/classes/class[@source='gest.feuilleTemps.TempsPaye']/field[@source='mFin']
7,abbr:Fin;short_tokens:Fin,class-field,gest.horaire.ModeleHorQuart,mHeureFin,heureFin,heureFin,,high,,,,/classes/class[@source='gest.horaire.ModeleHorQuart']/field[@source='mHeureFin']
7,abbr:fin;short_tokens:fin,class-field,gest.rci.ProtLieu,mFin,fin,fin,,high,,,,/classes/class[@source='gest.rci.ProtLieu']/field[@source='mFin']
6,abbr:Duree,class-field,gest.activite.ActionCondition,mTempsApresDuree,tempsApresDuree,tempsApresDuree,,high,,,,/classes/class[@source='gest.activite.ActionCondition']/field[@source='mTempsApresDuree']
6,abbr:duree,class-field,gest.activite.InfoEmploye,mDureeAjout,dureeAjout,dureeAjout,,high,,,,/classes/class[@source='gest.activite.InfoEmploye']/field[@source='mDureeAjout']
6,abbr:duree,class-field,gest.cours.CoursInterne,mDureeCertificationValide,dureeCertificationValide,dureeCertificationValide,,high,,,,/classes/class[@source='gest.cours.CoursInterne']/field[@source='mDureeCertificationValide']
6,abbr:duree,class-field,gest.formation.CoursAvantEmbauche,mDureeNbrHre,dureeNombreHeures,dureeNombreHeures,,high,,,,/classes/class[@source='gest.formation.CoursAvantEmbauche']/field[@source='mDureeNbrHre']
6,abbr:duree,class-field,gest.formation.InfoEtudiant,mDureeCertificationValide,dureeCertificationValide,dureeCertificationValide,,high,,,,/classes/class[@source='gest.formation.InfoEtudiant']/field[@source='mDureeCertificationValide']
2,auto_suggest_differs,class-field,gest.cours.CoursInterne,mVectIDProgramme,listeIDProgramme,listeIdProgramme,,high,,,,/classes/class[@source='gest.cours.CoursInterne']/field[@source='mVectIDProgramme']
2,auto_suggest_differs,class-field,gest.dossPrev.DossPrev,mPermetTransfertCAUCA,permettTransfertCAUCA,permettTransfertCauca,,high,,,,/classes/class[@source='gest.dossPrev.DossPrev']/field[@source='mPermetTransfertCAUCA']
2,auto_suggest_differs,class-field,gest.equipe.Equipe,mVectIDEmploye,listeIDEmploye,listeIdEmploye,,high,,,,/classes/class[@source='gest.equipe.Equipe']/field[@source='mVectIDEmploye']
2,auto_suggest_differs,class-field,gest.graph.GraphLib,mVectIDGraph,listeIDGraph,listeIdGraph,,high,,,,/classes/class[@source='gest.graph.GraphLib']/field[@source='mVectIDGraph']
2,auto_suggest_differs,class-field,gest.horaire.ListeEmployesParCaserne,mVectIDEmploye,listeIDEmploye,listeIdEmploye,,high,,,,/classes/class[@source='gest.horaire.ListeEmployesParCaserne']/field[@source='mVectIDEmploye']
2,auto_suggest_differs,class-field,gest.horaire.ModeleHoraire,mVectIDEmployePermis,listeIDEmployePermis,listeIdEmployePermis,,high,,,,/classes/class[@source='gest.horaire.ModeleHoraire']/field[@source='mVectIDEmployePermis']
2,auto_suggest_differs,class-field,gest.horaire.ModeleHoraire,mVectIDEquipePermis,listeIDEquipePermis,listeIdEquipePermis,,high,,,,/classes/class[@source='gest.horaire.ModeleHoraire']/field[@source='mVectIDEquipePermis']
2,auto_suggest_differs,class-field,gest.maintenance.Maintenance,mVectIDCaserne,listeIDCaserne,listeIdCaserne,,high,,,,/classes/class[@source='gest.maintenance.Maintenance']/field[@source='mVectIDCaserne']
2,auto_suggest_differs,class-field,gest.maintenance.Maintenance,mVectIDEmploye,listeIDEmploye,listeIdEmploye,,high,,,,/classes/class[@source='gest.maintenance.Maintenance']/field[@source='mVectIDEmploye']
2,auto_suggest_differs,class-field,gest.maintenance.Maintenance,mVectIDEquipExist,listeIDEquipement,listeIdEquipement,,high,,,,/classes/class[@source='gest.maintenance.Maintenance']/field[@source='mVectIDEquipExist']
2,auto_suggest_differs,class-field,gest.maintenance.Maintenance,mVectIDVehicule,listeIDVehicule,listeIdVehicule,,high,,,,/classes/class[@source='gest.maintenance.Maintenance']/field[@source='mVectIDVehicule']
2,auto_suggest_differs,class-field,gest.maintenance.Maintenance,mVectIDEquipement,listeIDEquipement,listeIdEquipement,,high,,,,/classes/class[@source='gest.maintenance.Maintenance']/field[@source='mVectIDEquipement']
2,auto_suggest_differs,class-field,gest.prevention.ParamPrevention$NCompteurParTypePrev,mVectIDGroupe,listeIDGroupe,listeIdGroupe,,high,,,,/classes/class[@source='gest.prevention.ParamPrevention$NCompteurParTypePrev']/field[@source='mVectIDGroupe']
2,auto_suggest_differs,class-field,gest.gen.EntiteParam.NCompteur,mVectIDGroupe,listeIDGroupe,listeIdGroupe,,high,,,,/classes/class[@source='gest.gen.EntiteParam.NCompteur']/field[@source='mVectIDGroupe']
2,auto_suggest_differs,class-field,gest.rapport.RapportPerso,mVectIDSection,listeIDSection,listeIdSection,,high,,,,/classes/class[@source='gest.rapport.RapportPerso']/field[@source='mVectIDSection']
2,auto_suggest_differs,class-field,gest.secCiv.RessSecCiv,mVectIDMission,listeIDMission,listeIdMission,,high,,,,/classes/class[@source='gest.secCiv.RessSecCiv']/field[@source='mVectIDMission']
2,auto_suggest_differs,class-field,gest.secCiv.Sinistre,mVectIDMission,listeIDMission,listeIdMission,,high,,,,/classes/class[@source='gest.secCiv.Sinistre']/field[@source='mVectIDMission']
2,auto_suggest_differs,class-field,gest.secCiv.Sinistre,mVectIDPPI,listeIDPPI,listeIdppi,,high,,,,/classes/class[@source='gest.secCiv.Sinistre']/field[@source='mVectIDPPI']
2,auto_suggest_differs,class-field,gest.utilGroupe.DroitPourUtilisateurs,mVectIDEmploye,listeIDEmploye,listeIdEmploye,,high,,,,/classes/class[@source='gest.utilGroupe.DroitPourUtilisateurs']/field[@source='mVectIDEmploye']
2,auto_suggest_differs,class-field,gest.utilGroupe.DroitPourUtilisateurs,mVectIDGrade,listeIDGrade,listeIdGrade,,high,,,,/classes/class[@source='gest.utilGroupe.DroitPourUtilisateurs']/field[@source='mVectIDGrade']
2,auto_suggest_differs,class-field,gest.utilGroupe.DroitPourUtilisateurs,mVectIDGroupe,listeIDGroupe,listeIdGroupe,,high,,,,/classes/class[@source='gest.utilGroupe.DroitPourUtilisateurs']/field[@source='mVectIDGroupe']
2,auto_suggest_differs,class-field,gest.horaire.GroupeRondeSelection,mVectIDEmploye,listeIDEmploye,listeIdEmploye,,high,,,,/classes/class[@source='gest.horaire.GroupeRondeSelection']/field[@source='mVectIDEmploye']
2,auto_suggest_differs,class-field,gest.horaire.GroupeRondeSelection,mVectIDQuart,listeIDQuart,listeIdQuart,,high,,,,/classes/class[@source='gest.horaire.GroupeRondeSelection']/field[@source='mVectIDQuart']
2,auto_suggest_differs,class-field,gest.horaire.HorRestrictQuart,mVectIDGrade,listeIDGrade,listeIdGrade,,high,,,,/classes/class[@source='gest.horaire.HorRestrictQuart']/field[@source='mVectIDGrade']
2,auto_suggest_differs,class-field,gest.horaire.HorRestrictQuart,mVectIDEmploye,listeIDEmploye,listeIdEmploye,,high,,,,/classes/class[@source='gest.horaire.HorRestrictQuart']/field[@source='mVectIDEmploye']
2,auto_suggest_differs,class-field,gest.horaire.PreHorQuart,mVectIDEmploye,listeIDEmploye,listeIdEmploye,,high,,,,/classes/class[@source='gest.horaire.PreHorQuart']/field[@source='mVectIDEmploye']
2,auto_suggest_differs,class-field,gest.horaire.RondeReserv,mVectIDEquipe,listeIDEquipe,listeIdEquipe,,high,,,,/classes/class[@source='gest.horaire.RondeReserv']/field[@source='mVectIDEquipe']
2,auto_suggest_differs,class-field,gest.horaire.RondeReserv,mVectIDEmploye,listeIDEmploye,listeIdEmploye,,high,,,,/classes/class[@source='gest.horaire.RondeReserv']/field[@source='mVectIDEmploye']
